Date,China_Cotton_FT_Price,China_Cotton_FT_Open,China_Cotton_FT_High,China_Cotton_FT_Low,China_Cotton_FT_Volume,China_Cotton_FT_Chg
12/01/18,145611.99,142215.36,149648.56,142215.36,3.58,-0.90
15/01/18,147363.65,144304.88,149485.05,144304.88,1.5,0.98
16/01/18,149171.02,149717.44,149717.44,148723.96,0.17,0.54
17/01/18,148634.14,149229.86,149627.02,147988.76,0.2,-0.30
18/01/18,152008.50,149173.26,153699.69,149173.26,1.4,2.07
19/01/18,151999.80,152448.32,152448.32,150305.38,0.3,-0.20
22/01/18,152312.14,150865.83,152810.87,150716.21,0.44,0.13
23/01/18,152462.36,152462.36,153258.76,151616.17,0.35,0.29
24/01/18,152953.58,153653.14,153753.07,151954.21,0.19,-0.07
25/01/18,153871.02,153017.29,154122.11,153017.29,0.06,0.10
26/01/18,154142.18,154594.95,154796.18,153538.49,0.15,0.00
29/01/18,153143.26,153996.28,153996.28,152440.76,0.02,-0.39
30/01/18,151924.05,152276.54,152880.82,151269.42,0.14,-1.15
31/01/18,151325.37,151780.10,151780.10,150971.69,0.03,-0.73
01/02/18,151838.18,151838.18,151838.18,151838.18,0.03,-0.17
02/02/18,152604.12,152604.12,152604.12,152604.12,0,0.30
05/02/18,151989.27,152040.25,152040.25,151938.28,0.06,-0.60
06/02/18,152109.31,152262.65,152262.65,152058.20,0.03,-0.17
07/02/18,152768.21,152511.89,153024.53,152050.51,0.15,0.13
08/02/18,150561.88,150765.14,150866.77,150257.00,0.05,-0.57
09/02/18,150795.15,151152.97,151152.97,150335.10,0.41,-0.44
12/02/18,149689.92,149385.15,149893.09,149385.15,0.01,-0.10
13/02/18,148983.03,149185.73,149185.73,148780.33,0.09,-0.24
14/02/18,148482.27,148128.86,149189.09,148128.86,0.07,0.03
22/02/18,150311.02,150822.63,151231.92,149236.64,0.03,-0.10
23/02/18,151277.45,150920.06,152043.28,150613.73,0.07,0.85
26/02/18,153001.62,153001.62,153001.62,153001.62,0,0.71
27/02/18,153334.33,153334.33,153334.33,153334.33,0,0.00
28/02/18,153934.99,154089.50,154089.50,153677.49,0.17,0.17
01/03/18,153323.74,153323.74,153426.34,153272.45,0.11,0.00
02/03/18,153095.28,152786.93,154174.50,152786.93,0.07,-0.33
05/03/18,153971.93,153101.46,154586.39,153050.25,0.25,0.94
06/03/18,155634.75,155429.02,155840.48,155377.58,0.19,0.63
07/03/18,153648.36,153648.36,153648.36,153648.36,0.12,-0.99
08/03/18,152952.97,152952.97,152952.97,152952.97,0.46,-0.53
09/03/18,153440.26,153440.26,153440.26,153440.26,0.02,0.13
12/03/18,152915.05,152915.05,152915.05,152915.05,0,-0.17
13/03/18,146706.56,146655.26,151836.16,146655.26,0.6,-3.99
14/03/18,146758.04,146758.04,146758.04,146758.04,0,0.00
15/03/18,154145.60,154197.00,154865.19,153477.41,145.8,4.86
16/03/18,153678.32,153678.32,154088.68,153165.38,77.85,-0.10
19/03/18,153929.02,154238.01,154392.50,153568.53,104.92,-0.23
20/03/18,153860.27,153654.37,154169.12,153448.47,106.82,0.00
21/03/18,154569.96,153693.77,155085.36,153642.23,109.68,0.33
22/03/18,154411.93,154309.16,154925.78,153898.08,104.9,0.20
23/03/18,153676.67,154705.64,154911.43,152802.05,196.56,-0.60
26/03/18,154276.17,154689.50,155102.83,153346.17,145.55,-0.03
27/03/18,155149.36,154942.64,155562.82,154425.82,97.58,0.54
28/03/18,153849.48,155091.04,155401.43,152659.66,146.88,-0.93
29/03/18,153372.29,153320.53,153941.68,152906.43,48.11,-0.37
30/03/18,153674.48,153726.37,154297.07,153155.66,44.66,-0.03
02/04/18,153739.70,153791.55,154413.77,153117.48,45.13,0.10
03/04/18,152736.52,153046.54,153201.55,152219.82,36.42,-0.30
04/04/18,151904.57,152420.38,152575.12,151285.61,47.45,-0.37
09/04/18,152320.73,152217.74,153144.64,151960.27,22.36,0.44
10/04/18,152987.60,153142.66,153297.71,152677.49,19.92,0.07
11/04/18,154536.45,154068.00,154952.85,153911.85,37.74,0.30
12/04/18,153950.21,154313.43,154520.98,153535.11,21.28,-0.07
13/04/18,154272.13,153908.16,155052.07,153440.20,39.18,0.00
16/04/18,155211.79,155368.26,155629.03,154846.71,23.31,0.30
17/04/18,155350.90,155716.80,155978.16,154775.91,17.4,-0.13
18/04/18,155281.50,155752.84,155805.21,154914.90,11.91,-0.24
19/04/18,155780.96,155728.50,156043.21,155466.25,17,0.17
20/04/18,156364.00,156206.27,157152.65,155890.81,13.62,0.13
23/04/18,157134.46,156449.89,157450.41,156449.89,11.82,0.34
24/04/18,157008.26,157429.48,157429.48,156587.05,11.58,-0.07
25/04/18,156918.70,157447.58,157447.58,156548.48,10.1,-0.50
26/04/18,156402.44,156191.58,156718.72,156086.15,8.82,0.00
27/04/18,156103.44,156419.02,156734.59,155682.68,14.46,0.03
02/05/18,156336.05,155916.78,156860.14,155602.32,4.03,0.51
03/05/18,157239.10,156871.85,157816.22,156504.59,5.57,0.47
04/05/18,157789.55,157894.56,158262.13,157474.49,4.49,0.27
07/05/18,159657.36,158339.18,160290.08,158233.73,5.95,0.77
08/05/18,159746.98,160168.48,160484.60,159430.86,2.85,0.13
09/05/18,160055.78,160373.36,160373.36,159632.36,1.18,-0.26
10/05/18,160455.17,160031.52,160825.85,159925.61,3.47,0.20
11/05/18,161167.36,161007.84,161858.61,160848.33,5.17,0.03
14/05/18,161727.56,161407.84,161994.00,161407.84,0.64,0.13
15/05/18,161666.82,161613.44,162040.43,160812.85,3.14,-0.20
16/05/18,167216.78,162270.49,169450.60,162270.49,6.14,3.80
17/05/18,168423.89,169434.97,170552.47,165231.02,1.68,0.67
18/05/18,172533.59,168377.44,174771.52,168377.44,4.21,2.31
21/05/18,176703.48,174355.97,179691.22,172808.75,5.83,2.29
22/05/18,179143.85,179998.44,181173.50,177541.49,5.69,1.27
23/05/18,176904.06,179526.05,180275.19,173372.40,1.56,-1.43
24/05/18,176734.03,177109.03,178126.90,174859.01,1.24,-0.21
25/05/18,177120.50,176484.71,177915.24,175266.11,0.65,1.33
28/05/18,174681.51,174628.85,175471.45,173628.26,0.37,-0.78
29/05/18,180445.26,175794.07,182348.03,175476.94,1.4,2.92
30/05/18,185541.26,185226.07,188745.68,182599.49,2.45,3.46
31/05/18,183398.77,179664.52,186449.28,179664.52,1.12,-1.27
01/06/18,181876.82,181824.65,182920.29,180989.87,1.01,-0.03
04/06/18,183841.94,184365.11,187294.86,178557.92,3.11,0.80
05/06/18,177802.94,179531.22,179688.33,176650.76,0.91,-3.39
06/06/18,172739.18,172268.36,174047.01,170437.38,2.02,-2.74
07/06/18,173555.82,174716.02,174768.76,172395.62,0.6,-0.33
08/06/18,172813.14,173340.17,174657.74,172128.00,2,-0.36
11/06/18,172791.82,172106.77,175373.95,171421.71,0.22,0.00
12/06/18,173106.36,173949.50,174792.63,172368.62,0.36,0.18
13/06/18,177720.36,173967.20,180310.58,173755.75,0.67,2.34
14/06/18,174571.79,177268.08,178536.92,172880.00,0.42,-1.78
15/06/18,173232.47,173549.55,174500.79,172281.22,0.53,-0.73
19/06/18,168583.87,171691.16,173797.80,164001.92,1.18,-2.35
20/06/18,164846.98,163795.66,165688.03,163795.66,3.07,-2.03
21/06/18,163970.88,163761.60,165959.04,162872.16,0.86,-0.06
22/06/18,163837.70,163785.54,164828.76,163472.57,0.51,0.22
25/06/18,165445.45,164560.16,166643.20,163518.64,0.64,1.15
26/06/18,162423.83,162839.51,163359.10,161124.86,0.49,-1.61
27/06/18,162074.16,155111.05,162957.54,155111.05,0.44,-0.22
28/06/18,161686.11,162621.01,162724.89,160595.39,0.31,-0.19
29/06/18,160938.99,159543.11,161352.58,159543.11,0.18,0.00
02/07/18,160772.04,160256.75,161493.45,159999.10,0.32,0.22
03/07/18,159081.26,159958.45,159958.45,158100.87,0.88,-1.19
04/07/18,158922.03,159388.07,159388.07,158352.41,0.05,-0.45
05/07/18,156449.86,158058.46,158058.46,155360.16,0.28,-1.76
06/07/18,155712.98,155868.34,157111.14,154729.10,0.09,-0.27
09/07/18,158778.81,156755.16,159401.47,156755.16,0.38,1.76
10/07/18,160172.37,158979.77,160742.75,158979.77,0.27,0.95
11/07/18,157032.58,157701.24,158729.95,156466.79,1.91,-1.17
12/07/18,158462.09,157280.30,159798.02,157280.30,0.33,1.02
13/07/18,160305.16,158769.67,161789.46,150478.02,0.14,1.56
16/07/18,163867.18,163662.28,164686.77,162945.13,23.83,2.14
17/07/18,161725.48,163562.11,163613.12,160194.95,29.04,-0.91
18/07/18,161869.71,161869.71,162533.53,161410.14,14.24,0.00
19/07/18,161826.85,161368.42,162896.53,160909.98,18.44,0.22
20/07/18,161321.64,161118.59,162133.83,160458.68,17.6,0.03
23/07/18,159673.77,160585.91,160991.30,158660.29,23.19,-0.85
24/07/18,160200.14,159794.05,160961.55,159438.73,18.97,0.16
25/07/18,162289.31,160867.95,163456.86,160614.13,27.8,1.30
26/07/18,161775.34,161674.26,162735.58,160966.72,15.15,0.13
27/07/18,160694.86,160141.08,161601.03,159688.00,13.81,-0.28
30/07/18,159860.78,159810.45,160565.46,159105.77,18.62,-0.50
31/07/18,163143.89,159878.00,165053.18,159878.00,50.63,2.24
01/08/18,162493.58,162944.40,163445.30,160840.60,26.9,-0.09
02/08/18,161162.82,162316.13,163268.86,159157.06,24.54,-0.92
03/08/18,161101.07,160398.89,162505.44,159897.33,25.38,-0.06
06/08/18,160989.29,160688.00,163500.04,159633.49,36.34,-0.19
07/08/18,164649.02,163041.71,166407.02,162740.34,49.54,2.25
08/08/18,163820.90,164423.55,164925.76,162916.92,31.73,-0.49
09/08/18,165624.26,164313.78,167388.36,164011.36,25.52,0.74
10/08/18,164649.90,164348.07,165303.87,163945.62,13.37,-0.40
13/08/18,164349.32,166330.66,167549.94,162571.20,20.53,-1.16
14/08/18,162850.86,163308.16,163765.46,161885.44,18.22,-0.93
15/08/18,160765.46,161168.76,162529.90,159001.03,27.92,-0.50
16/08/18,158918.20,160853.12,161413.23,156321.33,25.21,-2.13
17/08/18,160076.35,160738.88,161401.40,158598.41,11.06,0.64
20/08/18,160761.15,158928.53,162390.14,158928.53,8.48,0.54
21/08/18,162835.09,162529.01,163804.35,161508.74,9.27,1.08
22/08/18,164315.91,163958.48,165694.57,163141.49,8.56,0.81
23/08/18,162272.56,162629.32,163648.62,161151.33,6.82,-1.06
24/08/18,163489.09,162461.18,164465.60,162204.20,7.03,-0.09
27/08/18,165899.09,164715.20,167391.82,163840.15,9.4,1.32
28/08/18,166361.31,166515.87,167391.73,164918.72,6.23,0.19
29/08/18,166171.84,166171.84,167360.99,163948.63,3.69,-0.46
30/08/18,163878.87,164085.59,164550.71,163310.38,4.04,-1.34
31/08/18,163806.29,164585.82,165469.30,162922.82,9.33,-0.60
03/09/18,164865.05,164865.05,167004.80,163351.57,4.26,0.22
04/09/18,165044.60,165881.33,166561.17,164103.28,4.36,-0.09
05/09/18,165928.05,164930.07,166505.84,164930.07,1.14,0.10
06/09/18,165677.67,165782.93,166519.74,164835.59,1.59,-0.35
07/09/18,164376.73,165006.13,165373.27,163642.44,2.72,-0.44
10/09/18,165877.32,164873.28,166564.29,164873.28,1.62,0.16
11/09/18,165983.00,166458.60,166669.98,165507.41,0.93,0.06
12/09/18,165027.42,164238.57,165500.73,164238.57,2.6,-0.10
13/09/18,165127.84,165706.68,165759.30,164706.86,5.12,0.00
14/09/18,164291.08,164081.79,164814.30,163767.86,1.09,0.06
17/09/18,171326.91,170903.75,172226.12,170374.80,0.41,3.15
18/09/18,170237.59,170714.45,171138.32,169442.83,0.03,-0.80
19/09/18,166257.58,168265.14,168265.14,163193.41,0.11,-2.05
20/09/18,164083.92,163873.56,166240.15,163873.56,0.03,-0.86
21/09/18,165453.75,165453.75,165453.75,165453.75,0,0.67
25/09/18,164708.82,165714.44,165714.44,164550.04,0.2,-0.92
26/09/18,164228.02,165072.38,165072.38,164122.48,0.04,0.00
27/09/18,161618.14,163461.30,163513.96,160828.22,0.2,-1.38
28/09/18,160721.19,160985.10,161512.92,160140.59,0.01,-0.78
08/10/18,161152.42,159763.18,162274.50,159763.18,0.13,-0.95
09/10/18,163117.82,163762.13,163762.13,162688.28,0.07,0.73
10/10/18,162939.02,163099.87,163582.42,161920.32,0.08,0.03
11/10/18,161643.90,161751.38,162826.14,160139.24,0.2,-1.02
12/10/18,159608.84,158970.83,161629.20,158704.99,0.11,-0.20
15/10/18,162380.72,162647.35,162700.68,161580.81,0.23,1.43
16/10/18,161342.15,161501.58,161554.72,159960.43,0.25,-0.30
17/10/18,160480.05,160426.93,160958.15,160373.81,0.07,-0.49
18/10/18,159034.99,160571.82,160571.82,157816.13,0.17,-0.66
19/10/18,157449.51,157925.99,158455.41,156708.32,0.04,-0.90
22/10/18,157550.93,157074.46,158080.33,157074.46,0.06,0.07
23/10/18,158796.99,158319.96,159009.00,158319.96,0.39,0.67
24/10/18,157290.61,157132.42,157659.71,157132.42,0.01,-0.43
25/10/18,154858.85,157019.18,157019.18,154384.63,0.88,-1.48
26/10/18,155204.20,155151.30,155891.88,154781.01,0.09,-0.17
29/10/18,152295.08,154456.42,154719.99,151082.62,0.53,-1.53
30/10/18,152707.33,152125.69,153077.47,152072.81,0.53,-0.03
31/10/18,153048.53,152041.28,153631.67,152041.28,0.36,-0.03
01/11/18,153046.37,153099.41,153205.51,152568.92,0.68,-0.07
02/11/18,154273.87,153432.86,155272.58,153117.48,0.68,1.73
05/11/18,154954.65,154690.85,155376.73,154585.34,0.11,0.07
06/11/18,153301.04,153459.19,153459.19,152932.02,0.11,-0.99
07/11/18,151338.07,152227.98,152227.98,151338.07,0.28,-0.58
08/11/18,150929.14,152129.48,152390.42,143883.69,0.09,0.03
09/11/18,152319.93,151434.35,152736.68,151434.35,0.59,1.11
12/11/18,151924.21,160503.95,160503.95,150982.53,0.04,-0.68
13/11/18,149802.52,150324.48,150950.83,148758.60,0.44,-1.17
14/11/18,150278.56,150642.68,150642.68,149914.44,0.03,0.66
15/11/18,154778.87,154001.61,155297.05,154001.61,104.81,3.39
16/11/18,155518.25,155051.39,156451.98,154688.27,131.88,0.37
19/11/18,153958.84,154474.61,154990.39,152824.13,105.24,-0.43
20/11/18,152470.68,152933.49,153139.18,151905.02,73.71,-0.67
21/11/18,150495.36,152193.83,153068.81,147561.62,198.63,-1.38
22/11/18,149549.27,150722.01,150772.99,148886.42,84.78,0.31
23/11/18,148509.48,148712.85,149272.11,147696.01,100.9,-0.41
26/11/18,147797.70,148971.10,149379.24,146420.23,110.57,-0.82
27/11/18,147598.24,147445.50,148565.59,146834.53,70.86,0.07
28/11/18,146839.67,147246.01,147499.97,146331.75,56.4,-0.28
29/11/18,146142.99,145740.95,146746.06,145439.42,49.83,0.59
30/11/18,145194.32,144844.09,145644.61,144593.93,33.44,-0.21
03/12/18,151001.19,148800.91,152331.60,148442.72,77.59,1.69
04/12/18,151173.65,152153.63,152308.36,150142.10,30.95,-0.68
05/12/18,150450.03,150810.21,151118.93,149986.95,17.83,-0.24
06/12/18,150393.88,150496.82,150651.23,150188.00,19.71,-0.07
07/12/18,150052.45,150464.68,150516.21,149537.16,21.35,-0.34
10/12/18,153554.81,152977.73,154341.73,152662.97,32.29,0.52
11/12/18,153853.28,154272.35,154324.74,153224.66,22.15,0.34
12/12/18,153652.56,153495.93,153965.82,153339.30,16.37,0.20
13/12/18,151914.16,153057.54,153057.54,151498.38,25.85,-0.68
14/12/18,151957.30,152529.94,152529.94,151228.49,22.54,-0.14
17/12/18,151740.24,151947.89,152207.45,151221.11,18.64,0.14
18/12/18,149329.82,150046.77,150046.77,148817.71,18.73,-0.24
19/12/18,147955.57,148618.36,148618.36,147598.68,15.49,-0.48
20/12/18,147833.93,147376.55,148748.68,147071.63,16.55,0.24
21/12/18,147459.31,147967.09,148322.54,146799.20,8.87,-0.17
24/12/18,145868.33,146833.68,147138.52,145207.84,16.81,-1.14
25/12/18,143820.77,145956.72,146160.14,142345.94,23.91,-1.50
26/12/18,143083.00,142675.93,143693.59,142675.93,14.59,-0.57
27/12/18,145049.12,144383.05,145561.48,144024.40,16.58,0.68
28/12/18,143251.62,143912.47,143912.47,142539.94,20.54,-0.46
02/01/19,144702.60,148936.06,148936.06,143631.49,6.02,0.67
03/01/19,144004.05,144922.25,144922.25,143340.91,4.62,-0.49
04/01/19,143925.45,143216.71,144431.70,143166.09,6.7,0.71
07/01/19,145699.84,145241.34,146158.34,145037.57,5.21,0.60
08/01/19,146252.43,146866.51,147224.72,145638.36,4.29,-0.07
09/01/19,148749.62,148180.29,149370.70,147766.24,6.79,0.56
10/01/19,149895.63,149688.16,150310.57,149221.36,4.51,0.56
11/01/19,150934.85,150414.39,152496.25,149893.92,4.59,0.35
14/01/19,152172.53,151597.50,152956.65,151597.50,3.85,0.38
15/01/19,155534.60,152537.48,157743.00,152537.48,1,1.61
16/01/19,152113.85,152218.90,152639.10,151378.49,0.08,-2.10
17/01/19,153027.12,151664.08,154442.58,151664.08,0.15,0.79
18/01/19,154102.48,154260.05,154627.71,153839.87,0.08,0.51
21/01/19,154722.32,154460.53,156031.31,153936.93,0.09,0.72
22/01/19,154494.40,155331.76,155959.79,153343.02,0.07,-0.10
23/01/19,154706.94,154602.13,155073.79,154444.90,0.01,0.00
24/01/19,154581.06,154737.95,154790.24,154267.30,0.05,0.14
25/01/19,155308.24,155991.26,155991.26,154993.00,0.01,0.00
28/01/19,156567.93,155935.76,156989.38,155830.40,0.02,0.54
29/01/19,156978.90,156978.90,157456.04,156713.82,0.01,-0.37
30/01/19,158240.03,158027.91,158558.21,157974.88,0.09,0.78
31/01/19,156834.94,157258.53,157788.02,156358.40,0.09,-0.74
01/02/19,157595.57,158442.86,158813.54,156536.46,0.07,0.47
11/02/19,154798.33,154484.13,155374.37,154431.76,0.02,-0.67
12/02/19,154418.86,154106.48,155668.37,152804.91,0.02,0.34
13/02/19,153431.88,153274.62,154427.85,153117.36,0.01,-1.31
14/02/19,151800.77,153740.89,153740.89,151223.98,0.02,-1.09
15/02/19,152257.68,152573.35,152573.35,152047.24,0.02,-0.03
18/02/19,151169.74,152066.11,152909.75,150642.47,0.06,-0.93
19/02/19,154044.92,153412.29,154466.67,153412.29,0.05,1.92
20/02/19,155630.82,155155.69,157742.50,154258.22,0.11,0.89
21/02/19,155534.78,155111.27,156170.05,155111.27,0.04,-0.34
22/02/19,155844.55,154998.71,156848.97,154892.99,0.06,0.34
25/02/19,155189.53,154449.02,155718.46,154449.02,0.02,-0.47
26/02/19,156090.80,156779.36,156779.36,154289.96,0.07,0.44
27/02/19,156109.72,155152.31,156694.79,155152.31,0.02,-0.41
28/02/19,154624.04,156950.81,157479.62,150340.68,0.07,-0.37
01/03/19,156097.78,156097.78,156097.78,156097.78,0,0.89
04/03/19,155640.13,153209.90,156432.59,153209.90,0.06,-0.14
05/03/19,152967.36,152967.36,152967.36,152967.36,0,-1.15
06/03/19,151956.90,151956.90,152374.36,151956.90,0.03,0.00
07/03/19,151945.25,151945.25,151945.25,151945.25,0,0.00
08/03/19,150284.23,150284.23,150284.23,150284.23,0,-0.86
11/03/19,148933.13,148933.13,148933.13,148933.13,0,-0.55
12/03/19,149133.44,149133.44,149133.44,149133.44,0,0.14
13/03/19,149680.53,149680.53,149680.53,149680.53,0,0.49
14/03/19,149340.93,149340.93,149340.93,149340.93,0,0.24
15/03/19,156004.34,156261.09,156569.20,155542.18,169.36,4.90
18/03/19,156116.61,155605.59,156729.83,155196.77,171.03,0.56
19/03/19,156918.09,156815.30,157432.07,156301.32,129.58,-0.07
20/03/19,157324.14,156913.38,157734.91,156605.30,238.11,0.36
21/03/19,157494.94,157443.62,158008.12,156879.13,193.76,0.16
22/03/19,157820.15,157459.95,158334.73,156996.83,177.54,-0.07
25/03/19,156832.39,157499.55,157807.46,156062.60,212.39,-0.36
26/03/19,156572.25,156623.60,156931.71,156058.73,111.55,-0.23
27/03/19,156087.28,156549.38,156754.76,155317.11,166.12,-0.30
28/03/19,154698.14,155519.09,155775.64,153979.81,216.08,-0.82
29/03/19,155149.30,155046.25,155561.52,154530.97,135.23,-0.13
01/04/19,155638.72,155226.43,156102.54,154968.75,123.28,0.30
02/04/19,155104.99,155002.51,155514.92,154541.35,118.84,0.23
03/04/19,154404.79,154404.79,154863.57,153996.99,119.19,0.07
04/04/19,155688.44,156047.76,156150.42,155277.79,65.2,0.13
08/04/19,157954.85,157488.90,158265.48,157437.13,95.99,0.59
09/04/19,157522.59,157367.80,157883.76,156593.86,114.98,0.07
10/04/19,158268.71,157496.67,159555.45,156776.10,206.21,0.72
11/04/19,158095.87,157736.45,158763.38,157325.68,71.54,0.13
12/04/19,158481.41,158790.94,158997.30,157294.86,64.08,-0.23
15/04/19,160729.08,158764.56,162228.32,158506.07,227.22,1.20
16/04/19,160050.43,161448.48,161552.04,159118.40,84.13,-0.58
17/04/19,160028.76,159821.20,160859.00,159354.19,46.51,-0.23
18/04/19,159204.31,158997.49,160083.32,158015.06,57.62,-0.16
19/04/19,158778.20,158364.18,159140.48,158208.92,31.84,-0.36
22/04/19,160082.73,159719.38,160653.71,159252.21,37.35,0.52
23/04/19,159702.62,159961.88,160117.43,159339.66,21.45,-0.13
24/04/19,159031.25,159083.28,159707.54,158250.92,31.05,-0.75
25/04/19,158644.23,159216.38,159216.38,157916.02,18.25,-0.23
26/04/19,157550.45,157965.47,158121.10,156979.80,20.6,-0.43
29/04/19,156726.36,157348.29,157348.29,156363.57,17.2,-0.43
30/04/19,155916.64,156175.13,156795.48,155503.07,23.82,-0.26
06/05/19,153163.83,155059.81,155059.81,152087.74,16.43,-0.90
07/05/19,153727.96,153060.25,155731.10,152700.71,13.49,0.13
08/05/19,154753.55,154753.55,155626.99,153931.48,6.83,0.63
09/05/19,152317.00,153653.11,153961.44,151083.66,9.17,-1.59
10/05/19,151198.18,150890.55,152377.41,150070.22,7,-0.51
13/05/19,147523.93,151472.26,151779.92,145165.19,1.64,-2.44
14/05/19,138978.97,146186.04,146186.04,136781.06,6.46,-5.49
15/05/19,139577.54,139577.54,140547.53,138250.17,6.19,0.55
16/05/19,142138.65,140050.63,144022.97,139337.64,3.23,2.08
17/05/19,140877.59,142350.36,142705.85,139150.90,4.41,-0.61
20/05/19,138151.73,139258.96,140215.20,136339.91,0.18,-1.05
21/05/19,138122.29,137164.16,140088.98,136912.02,0.11,-0.22
22/05/19,134492.55,137567.53,138172.44,132526.58,0.26,-2.59
23/05/19,131816.32,133428.75,133882.24,130405.44,1.52,-1.95
24/05/19,132642.74,132391.43,133296.15,131788.28,1.54,0.88
27/05/19,133613.04,133310.86,134519.57,132958.32,0.38,0.53
28/05/19,133492.40,133341.39,134146.77,133291.05,0.19,-0.04
29/05/19,134828.33,134878.82,136242.26,134474.84,0.35,0.68
30/05/19,134477.60,135135.06,135135.06,132909.79,0.62,-0.41
31/05/19,133151.84,133151.84,133605.08,132295.72,0.61,-0.56
03/06/19,128650.38,131905.45,132055.69,127097.96,1.38,-2.84
04/06/19,128641.28,127538.35,129242.87,127337.82,0.34,-0.12
05/06/19,129257.28,129257.28,130110.62,128554.52,0.33,0.35
06/06/19,126520.81,128822.10,128972.18,125120.03,0.7,-1.79
10/06/19,127414.63,125709.75,127966.21,125709.75,0.24,0.47
11/06/19,128229.06,127927.94,130336.94,126623.06,1,0.55
12/06/19,130382.93,129731.26,132137.41,129079.60,4.17,1.80
13/06/19,132250.51,131196.12,134208.66,130794.45,1.08,1.27
14/06/19,133451.26,133753.64,133955.23,132443.32,0.33,0.53
17/06/19,133549.34,132692.28,134507.22,132389.79,0.47,0.04
18/06/19,132070.88,132826.72,132826.72,131667.76,0.42,-1.06
19/06/19,136706.50,132472.22,137412.21,132472.22,2.06,3.47
20/06/19,137338.93,137592.51,138454.68,136628.90,0.24,-0.15
21/06/19,135899.32,137064.31,137064.31,134582.36,0.08,-0.92
24/06/19,134188.77,134742.23,135044.12,133283.11,0.87,-0.60
25/06/19,134083.61,133630.28,134436.20,133630.28,0.08,-0.19
26/06/19,134867.71,134716.79,136326.55,133861.61,1.14,0.71
27/06/19,136067.75,137373.19,138377.38,134912.93,1,1.08
28/06/19,134847.10,134244.88,135549.69,134194.69,2.62,-0.85
01/07/19,138670.68,138469.71,140278.46,136660.96,1.41,2.72
02/07/19,135623.41,137276.74,137276.74,135122.40,0.39,-1.92
03/07/19,134797.41,135147.27,135896.98,133248.01,0.86,-0.37
04/07/19,134256.84,134555.85,134954.53,133160.46,0.95,-0.11
05/07/19,134504.08,134206.28,135000.40,134206.28,0.7,0.59
08/07/19,133663.20,135456.00,135456.00,132766.80,0.19,-0.96
09/07/19,129035.08,132863.86,132863.86,128488.11,0.6,-3.32
10/07/19,126396.96,126148.25,128336.94,125302.62,0.64,-2.08
11/07/19,127648.51,128394.99,128394.99,127001.56,0.24,0.94
12/07/19,122866.47,122617.45,126502.16,122617.45,0.5,-3.82
15/07/19,130281.92,129833.53,131377.98,129534.60,360.86,6.00
16/07/19,130748.48,130199.54,131946.18,129999.92,324.98,0.19
17/07/19,130715.80,130916.05,131867.26,129263.96,432.79,-0.34
18/07/19,130220.28,130670.52,130870.63,129419.85,265.61,-0.31
19/07/19,129686.30,129536.26,130536.54,128786.05,297.18,-0.38
22/07/19,131991.11,129988.21,133693.58,129988.21,558.21,1.66
23/07/19,132471.24,132270.60,133574.75,131116.93,347.48,0.19
24/07/19,132005.16,131503.43,133410.01,130851.18,385.09,-0.38
25/07/19,133063.13,133213.76,133715.89,132159.30,293.57,0.72
26/07/19,133490.02,133289.81,133990.54,132639.13,352.66,0.64
29/07/19,132132.98,133030.48,134127.44,129939.07,549.73,-0.64
30/07/19,131427.65,130977.73,132077.54,130827.76,277.92,-0.79
31/07/19,130969.64,130519.58,131819.77,130069.51,328.19,-0.38
01/08/19,130957.86,131507.89,131757.91,130257.82,258.19,0.00
02/08/19,127840.30,130952.23,131403.97,126183.95,554.69,-2.75
05/08/19,125185.38,127342.88,127794.45,122676.65,499.22,-2.04
06/08/19,123479.43,122822.63,124742.52,122014.25,415.32,-2.04
07/08/19,123499.88,123248.05,124305.76,122542.91,257.32,0.33
08/08/19,122108.35,121608.73,123307.45,121059.14,276.79,-0.33
09/08/19,122669.25,122669.25,123773.47,121263.87,226.95,0.00
12/08/19,123682.13,123227.78,124590.81,122924.89,173.45,0.25
13/08/19,124726.15,124016.90,125384.74,123915.58,122.87,0.49
14/08/19,126584.64,124657.47,129018.96,123643.17,221.27,1.38
15/08/19,126589.30,127303.63,127303.63,126028.05,63.93,-0.60
16/08/19,124941.95,125901.49,125901.49,124436.93,54.01,-0.28
19/08/19,125318.00,124862.11,126027.15,124811.46,36.01,0.00
20/08/19,125116.62,125116.62,125775.12,124610.07,29.12,-0.16
21/08/19,123561.31,125179.13,125179.13,122600.73,49.3,-1.05
22/08/19,124445.13,123633.09,125358.68,123430.08,36.96,0.33
23/08/19,122908.01,123864.69,124066.10,122253.44,32.26,-0.45
26/08/19,119425.46,121741.46,122647.73,117965.36,49.38,-2.83
27/08/19,118003.79,118003.79,118502.96,117354.87,34.09,-0.34
28/08/19,119494.46,119093.81,120145.52,118492.83,34.66,0.93
29/08/19,120124.82,120375.60,120977.48,118870.91,24.58,0.38
30/08/19,119263.39,119163.59,119762.40,118764.38,24.91,-0.21
02/09/19,119579.06,119980.33,121033.67,118676.19,8.05,-0.25
03/09/19,119459.70,119258.67,120515.09,118655.60,7.76,-0.29
04/09/19,120366.64,119309.91,121272.41,119309.91,10.04,0.63
05/09/19,121387.99,121186.85,122142.27,120332.01,10.08,0.92
06/09/19,124024.01,121759.88,126187.51,121759.88,15.57,2.11
09/09/19,123447.07,123648.53,123900.36,122893.04,9.29,-0.57
10/09/19,124074.66,123518.96,124579.85,123518.96,5.84,0.20
11/09/19,123936.23,123936.23,124288.03,123634.68,7.88,0.41
12/09/19,123090.79,123341.28,124042.65,122038.73,6.59,-0.36
16/09/19,126388.15,125173.37,127299.24,123705.50,4.19,1.63
17/09/19,128875.88,129480.46,129480.46,128372.06,25.65,2.44
18/09/19,126811.18,128216.29,129069.39,125807.53,29.85,-1.21
19/09/19,126757.14,126505.74,127109.10,126354.90,10.97,-0.24
20/09/19,126243.18,126493.66,127094.82,125141.06,15.36,-0.04
23/09/19,124667.66,125661.82,125711.53,123772.92,16.82,-0.48
24/09/19,124337.08,124685.92,125333.77,122592.87,15.55,-0.52
25/09/19,122246.81,122346.32,122694.60,121749.26,9.51,-1.52
26/09/19,121110.61,121607.78,121657.50,120315.14,10.12,-0.85
27/09/19,117509.06,120180.85,120230.33,115678.40,24.89,-2.50
30/09/19,116004.11,116646.39,117091.04,114867.79,16.83,-1.14
08/10/19,117129.17,116830.25,118075.77,116680.78,11.44,0.13
09/10/19,118978.82,117633.02,119876.02,117633.02,8.14,1.53
10/10/19,119875.46,119925.33,120723.17,119376.81,9.24,0.71
11/10/19,120086.02,120436.12,120536.15,119785.93,4.75,-0.12
14/10/19,122932.42,121270.49,125702.30,121270.49,11.37,1.67
15/10/19,123708.10,124212.82,124768.02,122951.01,4.35,0.41
16/10/19,123241.18,122788.64,124347.39,122637.80,4.22,0.00
17/10/19,123035.31,122934.83,123989.85,121427.66,2.11,-0.08
18/10/19,123585.95,123335.07,124288.43,122582.41,2.5,0.57
21/10/19,123599.17,123048.06,124751.49,122947.85,2.6,0.16
22/10/19,123054.12,123354.25,123854.47,121903.61,4.01,-0.28
23/10/19,123855.71,123905.73,124656.07,123055.35,1.6,0.65
24/10/19,124210.35,124109.98,124812.58,123808.86,0.73,-0.04
25/10/19,123811.93,123912.14,124463.30,123110.44,2.34,-0.16
28/10/19,124296.88,124196.80,125998.20,123396.17,5.4,0.53
29/10/19,126391.86,124185.02,126893.42,124084.71,2.37,1.45
30/10/19,126840.04,126789.77,127393.05,126538.40,1.64,0.12
31/10/19,128778.39,127770.34,129181.61,127719.94,7.92,1.27
01/11/19,126924.18,125566.97,128231.12,125566.97,1.15,-1.17
04/11/19,127562.83,127864.87,128066.23,127109.76,0.51,0.36
05/11/19,127787.51,127232.35,128443.61,126929.54,0.72,-0.08
06/11/19,128874.44,128874.44,129280.18,128570.13,1.37,0.36
07/11/19,127987.09,128546.88,128546.88,127427.31,0.83,-1.02
08/11/19,129051.89,129561.78,129561.78,128389.04,0.51,0.64
11/11/19,128087.81,128240.90,128240.90,127424.41,1.21,-0.83
12/11/19,126681.17,127142.02,127142.02,126527.56,0.25,-1.43
13/11/19,127805.17,127548.43,132067.06,127548.43,0.44,0.61
14/11/19,129364.59,129774.46,129774.46,129313.35,0.06,1.45
15/11/19,133129.83,133129.83,134049.73,132261.03,518.25,3.17
18/11/19,133693.91,133335.62,134359.31,133079.70,544.47,0.27
19/11/19,131809.62,132627.04,132882.49,130787.84,480.51,-1.23
20/11/19,131458.08,130948.35,132018.78,130693.49,379.77,-0.04
21/11/19,129856.08,131692.94,131999.09,128376.38,728.55,-1.32
22/11/19,129786.17,128970.55,130448.86,128970.55,420.51,0.04
25/11/19,129764.54,129662.69,130681.25,129000.62,325.19,0.08
26/11/19,130392.05,129782.50,131255.57,129274.55,473.73,0.75
27/11/19,130185.36,130388.06,130692.11,129577.25,224.31,0.08
28/11/19,130073.60,130683.32,131191.42,129057.40,347.89,-0.35
29/11/19,130403.16,129893.18,130811.15,129740.18,198.74,-0.12
02/12/19,128984.76,129798.55,129951.13,128272.70,243.02,-0.82
03/12/19,127886.70,128293.01,128902.48,126515.40,271.88,-0.71
04/12/19,126400.91,126451.59,127009.09,125488.63,199.44,-0.95
05/12/19,126881.76,127286.16,127387.26,126426.80,104.45,0.64
06/12/19,128249.60,127388.52,129566.54,127135.27,133.36,0.88
09/12/19,128672.48,129025.28,129378.08,128067.67,91.46,0.83
10/12/19,127952.32,128354.84,128405.16,127298.22,101.15,-0.39
11/12/19,128059.73,127607.75,128863.24,127155.77,109.22,0.28
12/12/19,128774.48,128320.16,129481.20,127966.80,79.21,0.04
13/12/19,129966.48,129662.82,131181.12,128650.62,93.94,0.67
16/12/19,129654.79,130364.39,130769.88,128286.27,60.44,-0.39
17/12/19,130230.92,130383.17,130636.94,129520.38,31.86,0.31
18/12/19,130131.95,130131.95,130840.84,129271.16,33.53,0.16
19/12/19,130135.82,129831.29,130947.90,129476.01,25.56,-0.23
20/12/19,130496.65,130547.35,131003.63,129989.67,25.35,0.39
23/12/19,130731.46,130934.54,131391.47,130071.46,30.88,0.04
24/12/19,130924.59,130619.52,131483.88,130619.52,16.23,0.00
25/12/19,131124.42,131175.40,131430.31,130614.60,10.71,-0.12
26/12/19,131113.85,130859.26,131673.95,130502.83,15.28,0.12
27/12/19,133411.94,131829.17,134688.37,131829.17,32.88,1.48
30/12/19,136964.52,134106.84,138444.39,133749.63,28.33,2.72
31/12/19,137996.11,138252.23,138918.13,137278.98,14.61,0.37
02/01/20,138849.29,138439.55,141000.40,137107.91,12.15,0.63
03/01/20,139582.62,139273.58,140458.23,139273.58,8.67,-0.04
06/01/20,139925.50,139050.00,140801.00,138020.00,4.67,0.26
07/01/20,142103.20,141482.66,142465.18,141017.26,4.86,1.14
08/01/20,141000.40,141669.38,141669.38,139971.20,0.77,-0.29
09/01/20,142036.87,141266.60,142755.78,141266.60,0.35,0.95
10/01/20,141527.48,141732.52,142347.63,141322.44,0.66,-0.18
13/01/20,142628.97,142218.82,143705.61,142218.82,4.13,0.76
14/01/20,141739.24,143900.06,144002.95,140761.73,1.32,-0.97
15/01/20,136097.57,135635.88,143638.60,135635.88,0.51,-3.70
16/01/20,142918.78,142145.41,143898.38,141732.94,10.08,4.49
17/01/20,143330.60,143278.80,144004.00,142709.00,8.24,-0.18
20/01/20,143563.62,143770.48,144701.37,142581.01,8.37,0.33
21/01/20,141355.79,142437.59,143158.80,140016.41,11,-1.15
22/01/20,137268.00,140405.27,140559.56,135467.94,13.16,-2.73
23/01/20,137183.03,139035.46,139035.46,135124.77,8.55,-0.11
03/02/20,127565.64,125889.82,128936.77,125889.82,1.19,-5.78
04/02/20,126135.16,116584.85,128421.14,116584.85,4.02,-1.15
05/02/20,129439.01,127602.27,130969.62,127602.27,3.37,2.17
06/02/20,130808.20,130093.12,132698.05,129275.89,2.55,0.95
07/02/20,131866.02,131712.87,132121.28,131457.61,0.5,0.86
10/02/20,131404.34,131557.37,131710.40,130894.23,0.39,-0.27
11/02/20,132236.97,131827.72,132799.68,131725.41,0.54,0.35
12/02/20,131271.02,131935.56,132497.86,130044.19,0.36,-0.66
13/02/20,131844.45,131946.66,132253.27,131026.81,0.65,0.47
14/02/20,131120.60,131120.60,131632.39,130762.35,0.6,-0.70
17/02/20,133455.06,131514.26,136110.88,131514.26,0.99,1.99
18/02/20,133489.99,134512.51,134717.01,132416.34,0.4,-0.08
19/02/20,133687.80,133636.66,134199.23,133380.94,0.26,0.11
20/02/20,134240.20,134240.20,134546.33,133423.84,0.65,0.65
21/02/20,134208.38,134668.52,134924.15,133697.11,0.25,-0.23
24/02/20,130996.43,132940.15,132991.30,129155.01,0.28,-2.44
25/02/20,130327.19,129764.12,131658.11,129201.04,0.73,-0.59
26/02/20,129626.98,129525.07,129932.70,128607.90,2.37,-0.08
27/02/20,127952.28,128923.94,128923.94,127338.60,0.51,-1.65
28/02/20,125396.27,126640.90,126900.20,124514.66,0.23,-3.36
02/03/20,128382.66,121474.18,128592.01,121474.18,0.61,1.45
03/03/20,129577.30,130415.98,130415.98,129472.46,0.92,0.77
04/03/20,130490.52,130861.99,130861.99,130384.39,0.43,-0.53
05/03/20,131949.52,131684.66,133697.54,131684.66,0.63,1.30
06/03/20,133288.28,133608.43,134462.16,132808.06,0.26,0.28
09/03/20,128451.53,129519.29,129519.29,128131.20,0.22,-3.68
10/03/20,130488.84,130062.58,131288.08,130062.58,0.21,1.79
11/03/20,132888.40,133893.93,133893.93,129130.90,0.33,2.53
12/03/20,127968.63,127809.53,129082.32,127809.53,0.01,-3.90
13/03/20,122651.20,122651.20,122651.20,122651.20,0,-3.44
16/03/20,122440.35,123656.82,123815.49,120959.43,384.64,-0.64
17/03/20,121707.65,120439.86,122711.31,120281.39,351.82,-0.48
18/03/20,122253.94,120879.11,123470.13,120033.06,378.61,0.35
19/03/20,118419.17,120522.53,121574.21,116683.90,303.42,-2.60
20/03/20,117014.55,118289.33,119086.07,115633.53,480.12,-2.18
23/03/20,113805.89,114021.02,114558.86,113698.32,104.17,-3.95
24/03/20,111119.60,113281.46,113281.46,107390.40,637.61,-2.84
25/03/20,113097.23,113258.11,114706.01,111863.84,443.72,2.58
26/03/20,113341.79,112177.68,115140.86,111066.49,500.79,1.56
27/03/20,114134.52,112805.52,115357.20,112752.36,341.16,0.23
30/03/20,109921.43,110982.96,111726.03,107692.22,319.44,-3.54
31/03/20,112293.98,112293.98,113251.04,111443.27,227.07,1.98
01/04/20,113018.04,113609.76,114470.44,111135.31,192.83,-0.52
02/04/20,111475.54,109534.96,113739.55,108780.29,195.1,-1.57
03/04/20,112935.21,113902.30,114600.76,111538.29,135.37,1.64
07/04/20,115595.28,116936.29,116936.29,114844.31,89.16,2.52
08/04/20,118297.80,115827.66,121627.10,114377.81,194.95,2.23
09/04/20,120449.62,121099.52,121424.48,119745.55,96.4,0.95
10/04/20,120107.44,118868.10,121508.42,118113.73,80.58,0.22
13/04/20,119956.59,121901.83,122063.94,117795.21,63.18,-0.40
14/04/20,118830.76,118830.76,120124.15,117699.04,58.27,-0.68
15/04/20,119621.77,119188.55,120488.20,118809.49,51.46,0.18
16/04/20,119330.52,119113.65,120143.76,118517.27,43.48,-0.36
17/04/20,119597.41,118948.31,120787.44,118623.76,44.33,0.45
20/04/20,119589.73,118507.47,120834.33,118399.24,40.07,-0.05
21/04/20,119265.68,120350.90,122032.99,117203.76,49.07,-0.54
22/04/20,115701.59,116402.49,118019.94,113437.16,46.12,-2.37
23/04/20,120309.21,120362.89,121866.09,118859.70,28.49,4.43
24/04/20,120002.67,121133.25,121187.09,119248.96,18.1,-0.54
27/04/20,119583.74,118455.08,120873.63,118455.08,13.54,-0.18
28/04/20,118736.23,118897.34,119380.66,117393.67,13.53,-0.63
29/04/20,118644.69,118857.89,119230.98,118218.29,12.71,0.68
30/04/20,119240.55,119134.28,120250.16,117646.43,12.89,0.81
06/05/20,116645.14,118839.93,118839.93,115895.70,9.81,-2.90
07/05/20,119032.01,119780.64,119994.53,117000.02,6.6,2.16
08/05/20,120812.70,119371.91,122146.76,119318.55,8.89,1.71
11/05/20,121034.99,120500.86,121782.78,119646.24,6.42,0.09
12/05/20,118894.08,119317.75,119900.31,117834.89,7.41,-0.93
13/05/20,118457.60,118723.20,119838.72,117820.16,6.67,-0.67
14/05/20,118246.74,118831.60,119416.45,117874.56,5.81,-0.27
15/05/20,119921.27,118747.14,120508.33,118266.81,2.11,1.03
18/05/20,119857.07,120495.74,121879.53,119005.51,1.99,0.22
19/05/20,120962.54,119897.26,122720.26,119844.00,0.55,0.84
20/05/20,123054.97,122309.51,124226.42,121670.54,13.05,1.76
21/05/20,122284.54,122656.39,122921.99,121647.09,10.4,-0.39
22/05/20,121670.06,122787.77,123320.01,120179.79,14.65,-0.70
25/05/20,120081.66,120400.61,120825.86,119124.84,9.81,-1.18
26/05/20,119923.46,120187.72,120663.40,119447.78,5.71,0.44
27/05/20,120340.08,120869.28,121292.64,119757.96,8.08,0.22
28/05/20,119434.80,119752.30,120122.73,118746.87,7.55,-0.75
29/05/20,118948.32,119424.74,119424.74,118471.89,3.38,-0.44
01/06/20,119156.69,118256.79,121009.41,117727.44,7.05,0.18
02/06/20,121087.37,119924.59,122091.59,119871.74,3.09,1.78
03/06/20,121426.26,121214.71,121743.57,120844.51,2.33,0.22
04/06/20,121595.50,122125.79,122496.99,120800.06,2.26,-0.13
05/06/20,123899.53,122246.11,125392.94,122086.10,1.85,1.31
08/06/20,125223.28,124743.70,126448.86,124210.83,0.97,1.16
09/06/20,125423.93,124943.99,126383.81,123984.11,0.76,0.09
10/06/20,125696.66,125803.73,126231.99,125375.46,0.64,-0.17
11/06/20,125631.28,126115.10,126491.40,124394.86,0.66,-0.47
12/06/20,124187.02,124669.82,125206.26,123489.64,0.28,-0.94
15/06/20,123358.46,123679.71,124911.15,122287.64,0.49,-0.48
16/06/20,123863.40,122949.08,124347.45,122949.08,0.46,-0.04
17/06/20,124207.33,124691.67,125176.02,123453.90,0.36,0.22
18/06/20,124840.53,124409.67,125163.67,124355.81,0.27,0.43
19/06/20,125091.46,125037.56,125576.52,124606.40,0.48,0.13
22/06/20,123280.00,124620.00,124727.20,122529.60,0.75,-0.90
23/06/20,122353.92,122407.37,122781.54,121605.58,1.31,-0.48
24/06/20,121445.25,121338.39,121872.69,121178.11,0.48,-0.70
29/06/20,120986.46,120613.37,121945.82,120613.37,1.92,-0.13
30/06/20,121500.94,120912.95,122516.57,120912.95,1.78,0.13
01/07/20,120817.23,120230.22,122898.44,120230.22,1.04,-0.40
02/07/20,122663.04,122451.55,123086.02,122240.06,0.76,2.47
03/07/20,123191.73,122505.28,123614.16,122505.28,0.63,0.56
06/07/20,123823.19,123663.76,124673.48,123504.33,0.56,-0.13
07/07/20,124545.01,125184.79,125184.79,123265.44,0.64,0.26
08/07/20,124418.90,124204.94,124953.81,123937.49,0.65,-0.43
09/07/20,126038.59,124588.64,126951.53,124588.64,2.17,0.90
10/07/20,126395.21,126985.59,127897.99,125643.81,1.71,0.34
13/07/20,127137.49,126224.38,127513.48,126224.38,0.96,0.51
14/07/20,125127.44,126686.83,126686.83,124912.36,0.31,-1.69
15/07/20,129509.79,128757.45,130100.91,128703.71,264.53,3.57
16/07/20,129199.70,130006.19,130328.78,128124.38,277.98,-0.29
17/07/20,128331.78,127689.32,129134.86,127689.32,237.17,-0.25
20/07/20,127656.97,127656.97,128245.49,127068.44,211.15,-0.46
21/07/20,128956.42,128209.15,129596.93,128049.02,291.35,1.26
22/07/20,130360.25,128708.78,132384.65,128495.68,643.49,1.28
23/07/20,129334.80,129334.80,130456.20,128480.40,343.73,-1.02
24/07/20,128258.77,128312.02,129217.12,127247.19,374.37,-0.54
27/07/20,127609.94,127770.26,128197.76,127075.56,284.53,-0.87
28/07/20,128164.44,127683.02,128966.80,127629.53,237.87,0.34
29/07/20,128239.50,128025.50,129363.00,127490.50,210.02,0.04
30/07/20,129303.19,129356.60,129997.51,128448.65,336.32,1.00
31/07/20,128925.30,129086.39,129838.14,128066.15,301.85,-0.83
03/08/20,129859.67,129644.31,131044.13,128675.21,282.21,0.46
04/08/20,130266.75,130751.01,131181.47,129405.84,216.86,0.37
05/08/20,130337.45,130229.65,130930.39,129906.23,181.74,-0.12
06/08/20,130936.45,130344.22,132228.58,129805.83,322.2,0.58
07/08/20,133200.79,132285.87,134815.34,131747.69,469.37,1.77
10/08/20,131401.66,133014.61,133068.38,130326.36,269.48,-1.25
11/08/20,130730.38,130408.38,131374.37,130301.05,151.35,-0.33
12/08/20,131783.06,131082.37,132483.74,130866.77,169.61,0.37
13/08/20,131504.14,132204.21,132635.01,130857.93,79.97,-0.12
14/08/20,131368.20,131529.78,131852.95,130883.45,57.3,-0.12
17/08/20,132045.20,131775.72,132799.74,131236.76,70.97,0.45
18/08/20,132288.76,132450.35,132881.25,131965.58,55.63,0.24
19/08/20,132454.35,132994.98,132994.98,131967.78,33.74,-0.24
20/08/20,132459.46,132784.78,132947.44,131917.26,31.76,-0.29
21/08/20,132552.13,132606.25,133201.63,131794.38,39.32,0.25
24/08/20,131540.13,131593.71,132183.09,130843.58,38.98,0.24
25/08/20,132596.33,132864.64,133615.89,131791.42,29.19,0.65
26/08/20,132667.33,132667.33,133044.53,132182.36,19.11,-0.36
27/08/20,132091.96,132467.06,132520.65,131716.85,10.61,0.12
28/08/20,131296.01,131455.73,131721.95,130923.31,13.8,0.04
31/08/20,132936.36,132241.20,134005.84,131973.83,14.7,0.81
01/09/20,133141.46,133301.81,133836.30,132660.42,5.33,0.20
02/09/20,135469.68,140344.23,140344.23,133701.98,4.7,1.53
03/09/20,133598.59,134402.11,134402.11,132848.64,5.29,-1.38
04/09/20,132247.51,133853.75,133853.75,131176.68,2.32,-0.96
07/09/20,133104.81,135470.16,135470.16,131922.13,2.37,0.24
08/09/20,132743.55,132689.72,133066.52,132420.57,0.82,-0.40
09/09/20,128890.46,132000.13,132000.13,125566.33,1.74,-2.51
10/09/20,128753.66,128055.37,129451.95,127840.51,1.53,-0.29
11/09/20,129011.42,128850.29,129226.26,128581.74,0.76,0.21
14/09/20,129229.20,129283.05,129983.04,128421.52,0.2,-0.08
15/09/20,135462.25,134268.75,136276.00,134268.75,27.67,4.04
16/09/20,135868.01,135976.84,136303.31,135323.89,17.46,0.00
17/09/20,135866.88,135812.51,136410.57,135377.57,21.36,0.08
18/09/20,135377.38,135811.80,135866.11,134617.14,21.25,-0.24
21/09/20,135874.16,134685.12,136468.68,134685.12,23.28,0.84
22/09/20,136084.90,136030.71,137439.79,134404.84,32.75,-0.12
23/09/20,135380.51,135866.52,136838.53,133868.48,27.09,-0.16
24/09/20,134598.31,134977.01,135788.49,133462.23,25.25,-0.76
25/09/20,134375.34,133781.71,135184.83,133296.02,26.33,0.08
28/09/20,134713.39,133955.66,135362.87,133468.55,23.08,-0.04
29/09/20,134293.06,135320.67,135537.01,133265.44,22.73,-0.24
30/09/20,135000.94,134134.50,135867.37,134134.50,17.91,0.40
09/10/20,139999.66,139672.55,141526.13,138854.80,6.08,3.01
12/10/20,145441.09,141254.56,148050.87,141254.56,10.28,4.17
13/10/20,147928.56,147547.86,150267.14,146188.22,5.84,1.68
14/10/20,150645.67,149991.40,153426.32,149337.13,6.33,1.58
15/10/20,153551.54,153933.51,154206.34,152733.03,2.04,1.85
16/10/20,155212.01,153184.17,157678.30,152142.84,1.71,0.64
19/10/20,162085.98,156653.85,164719.74,156324.63,3.24,4.31
20/10/20,159900.74,162760.04,167653.84,158031.20,1.19,-1.56
21/10/20,159805.04,161132.60,161464.49,158256.22,1.51,-0.65
22/10/20,157079.60,158842.07,158952.22,155372.22,1,-1.28
23/10/20,158600.25,157441.38,160090.23,156613.61,0.75,0.77
26/10/20,157228.29,157007.93,158770.82,155355.21,0.79,-0.70
27/10/20,156484.26,156374.49,157527.13,155770.73,1,-0.11
28/10/20,158167.14,157230.26,160040.89,156513.82,0.39,0.67
29/10/20,158021.70,158353.91,159184.44,156416.01,1.02,-0.56
30/10/20,158108.17,158386.63,160558.59,155713.43,1.14,-0.53
02/11/20,153496.49,151437.26,159395.92,151381.60,0.29,-2.85
03/11/20,157996.82,157661.73,158611.16,156768.14,0.05,2.57
04/11/20,159026.62,157909.86,159975.87,157854.03,0.09,0.67
05/11/20,158377.45,159495.54,159719.16,156979.84,0.04,-0.53
06/11/20,154378.55,154434.47,154658.12,153763.50,0.03,-2.54
09/11/20,154508.38,152945.43,155736.41,152443.05,0.29,0.25
10/11/20,158462.05,160538.95,160538.95,156946.47,0.12,1.99
11/11/20,157809.44,157528.84,157865.56,157192.12,3.02,-0.39
12/11/20,159362.58,159362.58,159362.58,159362.58,0.04,0.39
13/11/20,159409.01,159409.01,159409.01,159409.01,0.02,0.11
16/11/20,160223.55,160562.29,161634.96,158473.40,310.21,0.42
17/11/20,161659.78,162625.08,163192.91,160297.00,296.98,0.32
18/11/20,159917.38,159804.44,160707.93,159239.76,180.65,-0.53
19/11/20,160278.30,159490.97,161571.77,159153.54,266.79,0.64
20/11/20,162833.73,161930.66,164019.00,160801.83,491.01,1.23
23/11/20,162376.04,161305.18,163390.54,160854.29,276.38,-0.14
24/11/20,163145.27,162358.76,164044.14,162302.58,357.69,0.80
25/11/20,161981.28,162485.55,162821.73,161420.99,241.96,-0.45
26/11/20,161651.52,162044.42,162661.84,160809.59,199.71,-0.38
27/11/20,162700.18,161520.38,163767.62,161239.47,231.16,0.56
30/11/20,163396.66,163677.70,164127.36,162441.12,265.95,0.38
01/12/20,162019.31,162857.63,163416.51,161013.33,225.45,-0.28
02/12/20,162495.70,162832.82,163956.58,161428.12,249.21,-0.24
03/12/20,162077.01,162020.58,162979.95,161399.81,179.47,-0.69
04/12/20,161785.70,162858.25,162971.15,160995.40,209.34,-0.21
07/12/20,163593.48,161897.62,164724.05,161897.62,251.3,0.98
08/12/20,164005.38,164343.77,164964.15,163103.02,197.94,0.48
09/12/20,162564.08,162958.25,163183.48,162000.99,104.87,-0.72
10/12/20,162965.48,162796.55,163979.09,162177.12,78.47,0.24
11/12/20,164013.55,163281.60,164801.81,162662.26,115.2,0.66
14/12/20,164761.28,164424.23,165491.55,163750.13,68.77,0.69
15/12/20,165273.20,165441.90,166285.42,164485.91,61.78,0.20
16/12/20,165726.82,166064.92,166121.27,165388.72,36.17,0.07
17/12/20,165451.84,165620.61,166126.92,165114.30,23.01,0.00
18/12/20,166420.08,165801.42,167038.74,165520.21,36.9,0.61
21/12/20,168042.88,166913.18,169003.12,166913.18,28.05,0.54
22/12/20,165844.83,167706.99,167706.99,163813.39,55.42,-1.21
23/12/20,164765.74,164652.96,165780.72,163750.75,31.27,-0.58
24/12/20,166222.69,166222.69,167011.01,165378.06,17.15,1.03
25/12/20,167285.42,166104.98,168128.60,166104.98,20.13,0.81
28/12/20,167176.25,167063.79,168075.95,166557.70,7.14,-0.10
29/12/20,167477.05,167364.69,167982.69,166971.42,6.38,0.27
30/12/20,167974.94,167302.59,168927.44,166854.36,15.33,0.57
31/12/20,168707.50,168204.06,169322.81,167756.56,16.05,0.60
04/01/21,171733.58,168681.04,172977.21,168681.04,16.14,0.73
05/01/21,173367.38,173140.90,174726.23,172065.14,9.09,0.79
06/01/21,173633.06,172615.02,174481.43,172615.02,6.47,0.26
07/01/21,175165.42,175222.09,176015.47,173975.37,11.25,0.68
08/01/21,174378.82,175001.60,175850.85,172906.79,8.09,-0.36
11/01/21,173042.69,174515.88,174515.88,171116.22,5.13,-0.84
12/01/21,170928.23,171211.32,172343.67,168833.39,2.68,-1.15
13/01/21,173218.78,171239.46,174745.68,171239.46,2.07,1.46
14/01/21,169994.97,171969.68,172985.25,168697.30,2.67,-1.63
15/01/21,169158.60,168876.57,169779.05,168256.12,1.84,-0.46
18/01/21,169521.04,168450.62,171211.18,167887.24,21.21,0.33
19/01/21,171731.35,171110.16,172917.26,170884.27,23.15,1.06
20/01/21,170382.33,171791.38,172185.91,169029.64,16.08,-0.59
21/01/21,170648.86,168786.62,171833.92,168786.62,12.81,0.03
22/01/21,171114.00,171958.31,172464.90,168918.79,21.6,0.53
25/01/21,169083.14,169477.15,170096.29,167957.42,15.77,-1.18
26/01/21,168159.17,170019.46,170188.58,166298.88,20.38,-0.70
27/01/21,168314.04,167300.10,169384.31,166680.47,14.62,0.17
28/01/21,167684.29,169380.36,171302.57,166723.19,22.23,-0.74
29/01/21,167671.74,167785.07,168918.37,166255.11,17.61,-0.24
01/02/21,168224.32,167037.65,169750.03,166755.11,6.47,0.61
02/02/21,168751.12,168920.43,169654.13,167622.35,4.08,0.44
03/02/21,167085.16,167704.83,167817.50,166296.49,5.59,-0.80
04/02/21,167383.26,166763.32,172399.12,166256.10,5.92,0.13
05/02/21,172089.23,170062.66,174003.21,170062.66,3.19,2.93
08/02/21,174289.18,174458.72,175306.43,172028.62,1.29,0.88
09/02/21,174944.42,174718.03,175680.19,173982.25,0.83,0.23
10/02/21,175190.60,174796.15,176148.54,173612.81,1.06,0.58
18/02/21,177772.86,177157.73,178499.83,176766.28,0.2,2.25
19/02/21,178685.21,178516.75,180089.09,177225.18,0.7,0.09
22/02/21,180960.23,178551.91,183312.55,178271.87,0.36,1.54
23/02/21,180697.51,180305.90,183774.40,180194.01,1.78,-0.03
24/02/21,180852.37,180516.11,181693.03,180460.07,0.24,-0.09
25/02/21,186748.87,183143.46,191086.62,182861.79,0.18,2.73
26/02/21,184307.03,188301.30,190298.44,182595.20,0.28,-2.56
01/03/21,187258.50,181413.77,188166.42,181357.02,0.95,2.17
02/03/21,185374.10,188033.62,188033.62,184355.56,0.39,-0.73
03/03/21,183729.38,184180.39,184405.90,182658.24,0.07,-0.52
04/03/21,180244.62,180525.64,181762.12,179626.39,0.87,-1.60
05/03/21,179360.09,179866.92,180767.94,177276.47,0.3,-0.69
08/03/21,180310.50,178568.64,181265.71,178119.13,0.04,0.75
09/03/21,176540.10,178217.17,178217.17,175589.75,0.45,-1.59
10/03/21,172333.92,171216.32,174792.64,171216.32,0.09,-2.34
11/03/21,173315.86,172644.31,174603.00,171301.21,0.11,0.42
12/03/21,174195.84,174195.84,174195.84,174195.84,0,0.74
15/03/21,175843.78,176290.08,177126.90,174672.23,275.31,1.03
16/03/21,173736.52,174460.89,175185.25,172900.71,241.84,-1.08
17/03/21,174722.71,173440.04,175782.31,173216.96,235.3,0.48
18/03/21,175156.58,174933.16,176888.03,173816.09,237.01,0.10
19/03/21,171634.11,173635.68,174302.87,169076.56,389.43,-1.56
22/03/21,170125.29,169624.92,171181.62,169013.36,203.21,-0.87
23/03/21,170220.51,170665.82,171333.79,168940.24,216.73,-0.07
24/03/21,167455.26,169735.45,169735.45,165008.22,355.29,-1.54
25/03/21,165241.78,165963.11,166961.89,162744.84,403.87,-1.10
26/03/21,161329.78,163771.65,164382.11,158554.93,746.44,-2.38
29/03/21,163948.18,163394.68,165830.10,162453.72,446.4,1.89
30/03/21,165878.03,165151.72,167051.30,164704.76,290.68,0.24
31/03/21,165168.00,166395.60,166674.60,163661.40,257.23,-0.30
01/04/21,164212.21,164268.04,165998.94,162146.29,332.24,-0.64
02/04/21,164841.16,164897.00,166404.69,162551.70,311.29,0.37
06/04/21,167708.69,166192.24,169393.64,165462.09,280.54,1.15
07/04/21,170951.82,171292.70,172258.53,169361.04,238.71,0.77
08/04/21,169820.93,170674.59,170674.59,168796.54,203.61,-0.83
09/04/21,170335.42,169879.37,171931.60,168739.24,220.46,0.13
12/04/21,170276.30,171763.93,172221.67,167472.70,176.28,-0.40
13/04/21,169893.29,171330.63,171445.62,168800.92,91.15,-0.71
14/04/21,169523.23,168891.10,170787.47,168718.71,78.76,-0.17
15/04/21,171577.92,170260.74,172608.77,169974.39,60.76,1.56
16/04/21,172794.38,171651.56,174165.77,171480.14,53.97,0.93
19/04/21,173792.30,174137.13,174481.96,172642.88,37.79,0.00
20/04/21,175900.70,176538.44,177118.21,174567.24,36.07,0.33
21/04/21,175902.58,176599.68,176948.23,174624.55,25.01,-0.20
22/04/21,176384.65,175227.65,177946.60,174764.85,26.53,0.69
23/04/21,178987.50,176738.63,181409.37,176161.99,30.07,1.80
26/04/21,179780.52,179838.13,181451.03,177879.61,22.45,0.55
27/04/21,179053.53,178593.39,180376.45,177903.17,14.18,-0.26
28/04/21,180631.35,180229.06,181895.72,179079.64,14.08,0.96
29/04/21,179233.40,178832.81,180149.02,178375.00,11.02,-0.35
30/04/21,177004.60,179006.27,179063.46,175574.84,19.12,-1.18
06/05/21,177006.57,174446.20,178884.17,174446.20,4.81,0.52
07/05/21,179998.43,178062.96,181535.42,178062.96,6.92,1.64
10/05/21,181179.10,181579.68,181980.27,179176.17,7.6,0.13
11/05/21,179721.68,180862.77,180919.82,178181.20,6.67,-0.51
12/05/21,180366.91,177975.68,182644.27,177975.68,7.94,0.57
13/05/21,181304.53,182727.65,182727.65,177718.29,4.57,0.54
14/05/21,176295.18,177376.74,178458.31,174985.91,5.28,-2.76
17/05/21,176790.94,176335.44,177929.69,175823.00,1.77,0.26
18/05/21,176362.11,175623.24,177157.81,175168.55,3.98,-0.06
19/05/21,176091.19,177001.22,178138.76,175636.18,1.09,-0.23
20/05/21,174814.12,174133.47,177196.40,172715.45,29.85,-0.45
21/05/21,177559.02,176087.85,180218.45,174673.26,43.23,1.82
24/05/21,177965.39,180120.49,180517.48,175753.59,29.03,0.00
25/05/21,176186.14,176072.62,176980.80,175448.25,25.7,-1.08
26/05/21,175293.37,176544.66,176829.04,173587.08,30.79,-0.71
27/05/21,174060.99,175142.83,175313.64,172125.09,23.25,-0.81
28/05/21,173173.20,172661.69,174253.04,172320.69,36.42,-0.33
31/05/21,173734.02,173449.49,174473.80,172595.90,21.01,0.20
01/06/21,174680.56,174851.76,175821.89,173596.29,6.62,0.26
02/06/21,177182.05,177582.14,178210.85,176210.41,4.07,1.27
03/06/21,177924.24,177125.86,179635.05,175871.27,6.96,0.65
04/06/21,177764.36,178049.15,178846.55,176796.08,4.17,0.03
07/06/21,178200.34,178712.25,179281.03,177347.16,1.58,0.38
08/06/21,178073.44,178130.42,178871.21,177104.72,1.07,-0.26
09/06/21,181351.24,179409.21,181979.54,179009.38,4.11,1.60
10/06/21,180343.31,181086.17,181371.88,179429.02,0.37,-0.60
11/06/21,182050.18,180505.44,182736.73,180333.80,1.17,0.82
15/06/21,178194.35,178595.04,179854.36,176935.02,2.53,-2.17
16/06/21,178207.12,178550.71,178779.77,177233.63,0.31,-0.03
17/06/21,177959.41,177729.41,179051.89,177441.91,0.75,-0.55
18/06/21,176532.68,177049.36,177278.99,175728.95,0.74,-0.65
21/06/21,175814.81,176330.56,176789.01,175127.14,0.8,-0.23
22/06/21,175864.85,176094.21,176896.99,174947.39,0.57,-0.03
23/06/21,177764.36,176562.08,179424.63,176504.83,0.3,1.24
24/06/21,180184.91,179268.23,180585.96,179268.23,0.5,1.29
25/06/21,181560.96,180526.75,182307.89,180526.75,0.41,0.48
28/06/21,182146.84,182146.84,182664.46,181456.67,0.56,0.22
29/06/21,182334.86,182679.65,183024.43,181013.18,1.12,0.19
30/06/21,182394.43,182970.17,183085.32,181703.54,0.74,-0.16
01/07/21,181611.94,181669.55,182418.59,180286.72,1.79,-0.51
02/07/21,184380.59,182999.46,185128.70,182999.46,1.19,1.65
05/07/21,185217.19,182746.86,186366.18,182746.86,2.11,0.62
06/07/21,187571.09,186823.34,188433.88,186305.66,0.23,1.15
07/07/21,186856.84,188300.86,188300.86,185066.24,0.53,-0.80
08/07/21,186456.27,186801.67,186801.67,185880.61,0.14,0.12
09/07/21,185491.19,185433.71,185893.55,184858.90,0.32,-0.37
12/07/21,187129.84,186784.58,188856.13,186784.58,0.1,0.77
13/07/21,188983.26,188637.34,190136.30,187714.91,0.1,0.80
14/07/21,189401.99,189344.44,190495.47,189344.44,0.08,0.40
15/07/21,194511.10,193819.30,195721.75,193127.50,338.9,2.52
16/07/21,193601.18,193831.46,194694.98,191413.60,325,-0.33
19/07/21,193478.43,194631.46,195323.28,191979.50,362.3,-0.21
20/07/21,189902.00,190304.21,192142.90,188235.68,389.93,-1.52
21/07/21,192558.27,192212.87,193594.46,191406.95,227.85,1.21
22/07/21,194368.53,191952.58,197589.79,191722.49,354.43,1.02
23/07/21,196744.07,196055.15,198294.14,194964.36,364.35,1.42
26/07/21,195943.69,196746.26,197376.86,193937.24,318.31,-0.26
27/07/21,199976.44,194485.10,204037.75,194256.29,664.15,2.28
28/07/21,201452.40,200534.36,202255.69,200534.36,360.7,0.43
29/07/21,201866.70,202269.17,203131.60,199681.87,325.84,0.00
30/07/21,200336.94,202522.64,202637.68,198036.20,394.49,-0.80
02/08/21,198536.03,199283.92,200146.87,195947.18,334.93,-0.92
03/08/21,197017.17,198738.34,199197.32,195640.23,286.52,-0.49
04/08/21,196980.73,195375.53,198471.27,195031.56,244.84,0.06
05/08/21,197055.24,197456.57,198029.91,196080.57,246.33,0.03
06/08/21,197549.04,196117.94,199896.05,195373.77,240.89,0.41
09/08/21,200353.92,200124.29,201559.49,199320.58,198.66,1.13
10/08/21,200452.53,199362.49,202575.24,198846.15,132.68,0.11
11/08/21,201388.41,202820.76,202820.76,200127.94,104.95,0.60
12/08/21,200858.52,201661.26,202005.30,199654.40,89.42,-0.34
13/08/21,201298.41,199980.49,202902.84,199464.78,65.8,0.29
16/08/21,203460.77,201914.63,205006.91,201399.25,84.49,1.14
17/08/21,206366.40,204417.38,208659.36,203672.17,63.69,1.32
18/08/21,207481.96,207539.23,209200.00,206393.87,47.01,0.64
19/08/21,206148.25,207522.19,208380.90,204488.07,47.85,-0.61
20/08/21,202796.18,204854.44,205311.83,200109.00,59.73,-1.50
23/08/21,201979.84,201007.96,204438.13,200321.93,16.28,-0.39
24/08/21,200573.55,203208.15,203723.62,198740.78,22.29,-0.88
25/08/21,200082.60,198938.29,201112.48,198709.43,6.37,-0.14
26/08/21,201104.65,201276.24,202362.99,199731.92,8.81,0.54
27/08/21,199779.36,199892.87,200971.23,198701.01,4.34,0.11
30/08/21,200018.63,200698.58,201321.86,198432.08,8.69,0.28
31/08/21,198202.97,198993.30,199557.82,196509.41,6.25,-0.54
01/09/21,197349.86,198423.02,198423.02,196559.10,1.67,-0.48
02/09/21,197539.15,197200.02,200082.57,196917.42,1.57,0.03
03/09/21,201766.83,199617.97,203859.15,199617.97,1.02,2.09
06/09/21,203540.40,202805.39,213830.50,202409.62,1.17,0.90
07/09/21,203217.41,202308.92,205147.95,202308.92,2.37,-0.58
08/09/21,206727.46,204387.37,208439.73,204387.37,0.92,1.20
09/09/21,207776.58,208004.22,208800.96,206581.49,1.38,0.80
10/09/21,204078.39,206702.09,207329.50,201910.98,1.4,-2.00
13/09/21,201726.54,203151.56,203607.57,200814.52,0.73,-1.09
14/09/21,201865.50,201865.50,204095.12,200836.45,0.22,-0.23
15/09/21,200866.28,200010.07,202064.97,199153.86,22.36,-0.34
16/09/21,201608.31,200583.18,202975.15,199558.06,30.35,0.60
17/09/21,200297.33,201436.03,202290.06,198361.54,22.17,-0.62
22/09/21,198015.55,197673.16,199385.11,195961.21,18.78,-1.36
23/09/21,197664.61,198921.44,199092.82,196579.17,19.26,-0.29
24/09/21,199729.25,197846.09,202468.39,197789.02,28.69,1.16
27/09/21,210498.18,203068.16,216042.12,202496.62,32.22,5.23
28/09/21,218205.50,214932.42,221536.01,213898.81,29.78,3.18
29/09/21,220865.24,220463.57,226603.49,218053.50,27.65,1.29
30/09/21,228251.24,226123.42,231586.73,223017.96,29.68,3.12
08/10/21,249848.50,249848.50,249848.50,249848.50,0.68,8.01
11/10/21,252106.03,261979.94,261979.94,244978.12,26.07,0.65
12/10/21,247430.33,247839.89,254392.78,241813.56,13.58,-1.99
13/10/21,250624.72,252556.66,254137.33,236632.83,29.31,1.23
14/10/21,244994.64,243423.41,249591.92,241561.22,6.86,-1.66
15/10/21,254091.48,247041.48,264928.68,247041.48,4.67,3.59
18/10/21,255654.33,265183.63,267171.34,246066.56,5.25,0.28
19/10/21,255076.04,255370.18,256899.69,252546.46,1.3,-0.85
20/10/21,249913.60,250732.22,252077.10,246112.86,2.58,-1.43
21/10/21,250871.75,250871.75,254970.01,246773.50,1.06,0.26
22/10/21,247964.00,248786.05,250606.29,243618.91,1.88,-1.45
25/10/21,248744.84,247863.81,251975.30,245984.27,1.21,0.28
26/10/21,249614.95,250377.94,250377.94,246152.15,3.1,0.43
27/10/21,249472.88,249472.88,253992.74,248651.08,1.07,-0.07
28/10/21,249199.35,248204.89,253879.15,247502.92,0.79,0.24
29/10/21,253577.88,253636.35,256910.59,250537.52,0.31,1.81
01/11/21,251108.83,252161.45,252804.72,250173.16,0.05,-0.99
02/11/21,253576.06,254626.31,255034.74,252642.51,0.06,1.21
03/11/21,249238.28,251329.79,251329.79,247727.74,0.06,-1.29
04/11/21,248224.56,248282.81,248341.07,248224.56,0.2,-0.68
05/11/21,250462.06,269180.07,269180.07,246985.03,0.06,1.43
08/11/21,246204.84,246204.84,246204.84,246204.84,0.16,-1.41
09/11/21,248063.86,248063.86,248063.86,248063.86,0,0.38
10/11/21,249002.66,249002.66,249002.66,249002.66,0,0.00
11/11/21,236209.84,226387.14,247485.61,226387.14,0.02,-4.98
12/11/21,234249.39,234249.39,234249.39,234249.39,0,-1.06
15/11/21,250537.55,248382.26,252343.33,248032.76,201.66,6.96
16/11/21,252392.37,251286.15,254430.14,250820.38,236.44,0.79
17/11/21,253962.98,253497.42,255417.86,252740.89,219.55,0.67
18/11/21,254220.66,253698.17,255207.58,253117.62,153.23,0.34
19/11/21,252391.35,253671.34,253671.34,251111.35,211.17,-0.94
22/11/21,253120.54,252246.50,254577.26,251955.16,159.05,0.14
23/11/21,251314.16,252303.81,253002.39,249567.71,234.49,-0.62
24/11/21,252359.43,250725.65,254168.24,250375.56,182.6,0.19
25/11/21,251484.56,253875.21,253875.21,250143.47,196.31,-0.28
26/11/21,252045.63,252397.73,253101.94,251165.38,168.34,-0.42
29/11/21,248748.51,250157.85,251097.41,245694.94,341.21,-1.37
30/11/21,242627.93,250237.70,250355.68,236374.93,450.84,-2.90
01/12/21,238179.71,236236.59,245775.56,231820.40,456.31,-1.65
02/12/21,241386.87,242268.49,243855.40,238624.47,241.69,1.53
03/12/21,244889.11,244240.32,245950.77,243650.51,208.83,1.10
06/12/21,244423.99,245960.87,247083.98,242295.99,149.81,-0.41
07/12/21,246724.76,245540.86,248559.81,245067.30,84.11,0.80
08/12/21,245612.22,246799.90,247750.05,243593.17,88.03,-0.77
09/12/21,243115.06,243529.83,244833.40,241811.49,88.2,-0.80
10/12/21,243832.90,241397.54,246327.65,241219.34,58.46,0.05
13/12/21,246627.64,246568.18,248292.43,244725.01,50.61,1.05
14/12/21,248910.15,248014.57,250223.66,247178.70,54.71,0.51
15/12/21,251936.23,250437.68,254813.44,250257.85,56.83,0.82
16/12/21,252948.22,253187.36,253904.77,251334.04,27.34,0.67
17/12/21,254106.57,252200.02,255655.63,252140.44,33.92,0.80
20/12/21,254388.20,254031.92,254863.25,252903.68,18.51,0.45
21/12/21,254002.48,254121.25,254536.97,253052.27,15.12,-0.16
22/12/21,253725.56,253488.71,254613.75,253074.23,13.39,0.19
23/12/21,252582.33,252405.70,253288.85,251522.54,12.46,0.12
24/12/21,252659.31,253130.25,253189.12,252247.24,7.14,0.05
27/12/21,252631.90,252396.62,252984.82,252161.34,7.8,0.07
28/12/21,252929.42,252049.76,253867.71,251815.19,15.53,0.42
29/12/21,252112.40,252580.68,252814.82,251527.04,4.34,-0.14
30/12/21,252117.39,251592.39,252875.72,250950.72,9.36,0.35
31/12/21,255303.84,253020.69,256123.44,253020.69,11.26,0.90
04/01/22,255428.69,255545.59,255896.29,254844.18,2.4,0.21
05/01/22,256461.44,255352.73,258445.44,255060.96,13.44,0.57
06/01/22,257728.97,257495.94,258661.08,256330.80,4.22,0.66
07/01/22,258313.27,257381.78,259186.54,257381.78,3.22,0.29
10/01/22,258097.21,257110.56,259083.86,257110.56,1.88,0.23
11/01/22,258191.53,259059.69,259059.69,257033.98,1.17,0.31
12/01/22,258842.85,258204.74,259190.91,257914.68,1.93,0.02
13/01/22,259185.89,259069.61,259767.29,258546.36,1.29,-0.09
14/01/22,259868.17,259809.82,260685.19,258525.94,0.71,-0.11
17/01/22,260679.83,261205.98,263076.75,237470.61,0.27,0.13
18/01/22,257122.61,259176.31,259176.31,255538.34,30.73,-1.73
19/01/22,260103.88,258109.85,261394.14,258109.85,33.6,1.21
20/01/22,261614.76,261673.46,262436.52,260851.69,23.72,0.50
21/01/22,260007.71,260242.38,261533.03,258775.73,25.42,-0.56
24/01/22,260105.99,261048.83,261402.39,258868.51,28.28,-0.41
25/01/22,261250.15,261013.78,262845.66,260186.48,24.01,0.16
26/01/22,262779.11,261416.94,263845.15,261416.94,24.74,0.36
27/01/22,261470.27,261942.24,262473.20,260349.35,31.98,-0.11
28/01/22,260376.83,261438.39,261497.37,258725.52,27.83,-0.38
07/02/22,262464.54,260706.18,263871.22,260647.56,19.88,1.43
08/02/22,260947.20,261651.03,262237.56,259715.48,16.82,-0.65
09/02/22,260169.35,260286.87,261050.69,259111.76,15.49,-0.47
10/02/22,260461.22,261760.57,261760.57,259279.99,11.29,-0.41
11/02/22,262337.38,261329.99,263048.48,261270.73,5.63,0.39
14/02/22,263615.70,264329.62,264389.11,262723.30,4.48,0.09
15/02/22,259056.06,262137.94,262137.94,257159.51,6.19,-1.35
16/02/22,256730.53,257854.47,258505.17,255251.67,4.28,-0.71
17/02/22,256151.60,255736.92,258461.94,254315.17,3,-0.37
18/02/22,255840.86,256431.04,257493.35,254601.50,2.09,0.25
21/02/22,255547.09,255194.37,256781.62,254959.22,2.13,0.28
22/02/22,256159.16,255746.38,256984.72,255156.70,1.95,-0.07
23/02/22,256737.78,256147.03,257919.27,256028.88,1.47,0.05
24/02/22,260120.72,259642.99,261971.90,258687.55,2.62,0.23
25/02/22,258810.16,260651.59,261661.41,254355.08,6.66,0.02
28/02/22,255546.77,256384.23,258657.36,253812.02,5.69,-1.95
01/03/22,255295.75,254575.76,257635.71,254575.76,1.24,-0.40
02/03/22,259564.55,255437.83,261418.58,255437.83,1.7,2.00
03/03/22,261261.83,259579.75,262703.60,259519.68,0.39,0.21
04/03/22,262674.41,261163.40,263581.02,261163.40,0.59,-0.07
07/03/22,264519.29,263119.40,265249.67,263058.53,0.59,0.00
08/03/22,264690.91,263960.90,265603.43,262379.20,0.93,0.12
09/03/22,263213.48,261098.59,266476.46,261098.59,1.05,0.11
10/03/22,261052.24,260328.27,263163.82,259604.29,0.87,-0.67
11/03/22,263076.58,260905.39,263981.25,260905.39,3.05,0.81
14/03/22,261236.85,261956.68,262376.58,258537.51,0.26,-0.16
15/03/22,253281.60,254241.00,255440.25,252082.35,248.26,-3.01
16/03/22,254046.28,252007.68,256144.85,251468.05,206.5,0.31
17/03/22,254948.82,256084.85,256563.18,253932.38,142.23,0.64
18/03/22,256547.86,255830.58,257504.24,255232.85,155.67,0.66
21/03/22,259133.52,259313.52,260393.49,257033.57,219.44,0.63
22/03/22,258755.97,259413.62,259413.62,257978.75,126.17,0.21
23/03/22,257436.51,259357.68,259357.68,255935.60,188.08,-0.92
24/03/22,258665.47,258845.18,259264.51,257886.72,119.58,0.70
25/03/22,259754.58,259215.43,261132.43,258316.83,202.99,0.42
28/03/22,261086.25,260131.20,262638.20,259056.77,281.06,0.88
29/03/22,258401.54,259470.54,260123.82,257332.54,158.25,-0.53
30/03/22,259703.70,258509.66,260658.93,258151.45,146.37,-0.02
31/03/22,260418.23,260478.08,261076.61,259520.44,109.5,0.02
01/04/22,259363.91,259722.07,261095.00,257811.91,145.56,-0.14
06/04/22,259983.50,259804.45,261833.71,258192.98,130.21,0.25
07/04/22,257386.02,258220.72,258399.58,256312.83,160.38,-0.90
08/04/22,257181.27,257121.65,258015.88,255988.96,117.99,-0.07
11/04/22,256723.36,257258.57,257496.44,256069.21,115.07,0.07
12/04/22,258076.05,257180.16,259031.66,256821.80,162.08,0.09
13/04/22,257788.89,258685.03,259043.48,256952.49,150.37,-0.14
14/04/22,257273.75,257811.73,258648.59,255839.14,149.1,-0.25
15/04/22,257229.44,257468.95,258666.48,255552.90,132.02,-0.19
18/04/22,259212.52,258314.76,260768.63,257895.80,68.98,0.81
19/04/22,258552.04,258014.14,259388.78,258014.14,38.94,-0.12
20/04/22,256528.08,256409.32,257537.57,255162.31,31.73,-0.14
21/04/22,256034.80,256212.07,256389.34,255621.18,26.34,0.30
22/04/22,254784.73,254490.73,255137.54,254490.73,17.43,0.00
25/04/22,252549.21,253367.84,253660.21,251438.20,31.7,-0.32
26/04/22,251733.38,251733.38,252317.86,251324.25,14.72,-0.28
27/04/22,251414.66,252115.15,252173.52,251122.80,11.47,0.00
28/04/22,251115.23,249495.88,252734.58,249322.37,18.62,0.81
29/04/22,251767.96,252636.32,252983.67,250089.12,21.5,0.16
05/05/22,251315.31,251028.10,252176.97,250683.43,2.14,0.60
06/05/22,250441.87,251307.45,252403.86,248710.71,3.11,-0.80
09/05/22,246630.70,247320.10,248124.39,244734.87,2.77,-1.08
10/05/22,244675.60,245306.06,245879.21,244159.77,0.81,-0.56
11/05/22,244713.07,242986.09,246785.44,242986.09,0.87,-0.42
12/05/22,241965.56,243277.18,243277.18,240767.99,1.24,-0.19
13/05/22,242963.17,241879.28,243818.88,240053.78,0.9,0.38
16/05/22,243909.07,243049.63,244653.92,242992.34,0.57,-0.05
17/05/22,245570.96,244709.31,245858.18,244709.31,2.74,0.42
18/05/22,244802.34,245838.90,246414.77,241577.47,0.11,-0.56
19/05/22,244133.82,244594.78,244882.88,243269.53,35.44,-0.33
20/05/22,247025.45,245629.82,247781.41,245455.37,33.3,0.26
23/05/22,244873.08,247261.81,247494.85,242833.93,46.61,-1.06
24/05/22,243163.78,242756.37,244793.41,240486.53,60.65,-0.59
25/05/22,237481.19,239218.01,239796.95,235397.00,46.11,-1.82
26/05/22,236187.01,237338.58,238259.83,234286.92,35.89,0.00
27/05/22,237219.84,236756.52,237914.82,236119.46,27.83,-0.15
30/05/22,235641.68,238667.95,239599.11,233139.19,40.4,-1.15
31/05/22,236979.70,233375.89,240351.01,233375.89,36.53,0.69
01/06/22,238088.46,238958.25,238958.25,236116.96,21.09,0.71
02/06/22,235652.87,236524.16,237337.35,234142.65,17.2,-1.19
06/06/22,237500.63,238085.18,238728.18,235220.91,12.59,0.15
07/06/22,237723.48,237956.20,239236.16,235803.54,8.44,0.57
08/06/22,235257.02,234617.90,236244.77,234617.90,7.48,-0.91
09/06/22,236666.68,235562.39,237712.85,235562.39,2.32,0.57
10/06/22,236864.63,236981.05,238087.08,235525.75,1.28,-0.07
13/06/22,233640.93,234218.82,235027.86,231213.79,3.69,-0.64
14/06/22,234646.74,234068.36,235051.60,233894.85,1.38,0.35
15/06/22,233151.30,235769.67,236060.60,230183.82,1.33,-1.23
16/06/22,228362.14,230280.66,230687.62,226559.89,0.62,-1.97
17/06/22,226356.97,226240.95,227401.16,225660.85,0.31,-0.66
20/06/22,222759.73,227297.54,227821.13,220258.12,0.85,-1.87
21/06/22,223397.30,223689.17,225323.64,221704.45,0.86,-0.05
22/06/22,221381.03,221439.30,223537.15,218525.63,0.8,-0.73
23/06/22,215033.21,217424.42,217599.38,211009.00,2.59,-2.95
24/06/22,203822.12,213992.77,214577.29,196983.24,2.05,-5.42
27/06/22,201682.33,205782.76,206720.00,199104.92,1.47,-1.26
28/06/22,201630.38,201571.53,206691.74,193626.37,0.85,-0.49
29/06/22,205301.00,205948.82,206125.50,200236.20,1.5,1.75
30/06/22,208141.40,206020.51,212088.60,205372.46,0.57,1.35
01/07/22,205652.12,206123.13,206888.51,201648.59,0.87,-1.13
04/07/22,202730.73,203437.31,204320.54,201965.26,0.28,-1.43
05/07/22,201996.23,202880.88,202998.83,200580.78,0.57,-0.52
06/07/22,199404.93,200818.31,200818.31,194399.19,1.24,-1.14
07/07/22,196414.44,201904.83,201904.83,196001.18,0.92,-1.74
08/07/22,195427.22,196492.54,199451.77,191402.67,0.75,-0.75
11/07/22,193058.46,195658.58,196367.70,191640.22,1,-1.06
12/07/22,191059.10,193716.80,193716.80,187810.80,2.58,-0.98
13/07/22,179038.05,188461.11,188461.11,174533.95,0.41,-6.62
14/07/22,174899.09,175135.52,177322.50,173953.37,0.11,-2.05
15/07/22,165340.42,172716.42,172716.42,160029.70,856.62,-5.31
18/07/22,175646.60,168767.80,181161.50,167285.30,615.61,5.71
19/07/22,174944.95,183408.12,185006.06,166008.32,814.94,-0.20
20/07/22,170370.58,167352.56,175282.27,166346.55,664.63,-2.60
21/07/22,174495.38,172017.76,176560.06,171663.81,575.66,2.74
22/07/22,176555.60,172772.68,180456.72,172004.28,570.07,0.98
25/07/22,179399.52,178573.34,183471.42,176094.79,498.02,1.77
26/07/22,177155.53,179161.95,180106.15,175090.09,351.14,-1.25
27/07/22,175930.80,178529.31,178765.54,172741.73,368.55,-0.77
28/07/22,175346.51,175346.51,177352.50,173517.53,337.63,-0.23
29/07/22,175371.42,174254.03,178723.59,172254.49,441.29,0.34
01/08/22,171383.38,174182.42,175232.07,168176.13,330.07,-1.44
02/08/22,169037.66,168688.65,170433.71,166943.60,193.74,-1.12
03/08/22,170083.82,168796.19,171839.68,168327.97,112.74,0.00
04/08/22,170923.94,171275.76,172272.57,169751.22,79.63,0.31
05/08/22,170147.35,170147.35,171262.11,168856.58,71.48,-0.51
08/08/22,171353.12,170940.50,172826.74,170233.16,76.48,0.24
09/08/22,171725.57,171431.01,172727.05,170841.90,56.82,0.28
10/08/22,171894.32,171835.52,173246.90,170894.60,51.63,0.27
11/08/22,174557.33,172964.54,177742.90,171548.74,90.84,1.23
12/08/22,178521.75,177458.77,181002.04,176572.96,54.13,2.16
15/08/22,183435.24,177215.11,188012.32,175689.42,103.22,3.41
16/08/22,184375.04,186534.54,186651.27,182624.09,56.37,1.06
17/08/22,185637.95,186632.55,187568.63,183180.72,41.63,0.44
18/08/22,181081.37,185664.22,186016.75,177967.38,31.38,-2.87
19/08/22,178198.72,178374.57,179253.84,176733.27,13.39,-1.36
22/08/22,178711.01,177428.67,180634.51,177137.23,20.98,0.86
23/08/22,179102.07,179510.84,179861.22,177583.76,14.99,0.03
24/08/22,178489.80,178257.24,179594.46,177443.28,8.89,0.10
25/08/22,178939.56,179522.42,180105.29,177890.40,11.45,0.00
26/08/22,179133.14,177969.56,180122.18,177853.20,7.98,0.29
29/08/22,179015.75,179362.90,180462.22,177627.13,11.11,0.49
30/08/22,177332.81,177448.04,178254.62,176641.46,8.13,-0.52
31/08/22,178317.19,177048.44,179412.93,177048.44,9.4,0.45
01/09/22,179244.58,179417.59,179705.95,178783.20,3.1,0.52
02/09/22,175281.87,179844.40,179959.91,171181.37,6.83,-2.35
05/09/22,173823.93,174169.05,175894.63,172385.94,3.92,-0.43
06/09/22,173385.75,174534.00,174534.00,172237.50,3.05,-0.07
07/09/22,173493.74,172979.43,174293.78,172579.41,4.82,0.53
08/09/22,173611.95,173898.16,174241.60,172867.82,3.2,-0.10
09/09/22,175842.90,174693.60,177222.06,174693.60,6.04,0.89
13/09/22,174514.87,175778.64,175778.64,174055.32,1.29,-0.72
14/09/22,173167.37,172939.22,174251.09,172539.95,1.11,-0.07
15/09/22,174160.85,174617.37,175530.40,173190.76,1.67,0.53
16/09/22,170559.52,170559.52,173185.27,166677.98,51.72,-2.10
19/09/22,166246.94,165962.66,168350.62,163631.57,46.31,-2.14
20/09/22,162649.89,162933.95,163786.11,160831.94,37.65,-2.09
21/09/22,161569.02,162532.43,163042.47,160322.26,31.89,-0.42
22/09/22,165608.34,164119.98,168069.85,163433.05,35.11,1.47
23/09/22,164207.71,165917.02,166372.84,161130.96,41.43,-0.38
26/09/22,159699.55,161014.66,161643.62,158041.37,31.72,-3.09
27/09/22,158975.81,158918.91,160625.88,156529.15,35.94,0.04
28/09/22,155249.45,158414.35,158753.44,152706.23,36.4,-1.68
29/09/22,155715.94,154230.75,157486.73,154230.75,43.49,-0.76
30/09/22,157899.64,156754.61,160704.96,156239.34,62.17,1.17
10/10/22,163109.45,163800.11,164490.76,161037.49,31.51,2.76
11/10/22,164924.49,164465.41,166760.81,164293.26,36.81,1.41
12/10/22,166261.87,165460.60,167749.92,165059.97,23.24,1.08
13/10/22,166439.07,166954.72,168616.24,163631.66,13.79,0.00
14/10/22,164049.84,163019.52,166396.68,163019.52,5.82,-1.34
17/10/22,163752.48,164323.24,165065.24,162553.87,7.66,0.10
18/10/22,162146.65,163288.93,163403.15,160547.45,2.5,-1.05
19/10/22,162075.49,162936.68,163108.91,161042.06,2.66,-0.56
20/10/22,160580.00,161440.25,161669.65,159719.75,2.44,-0.81
21/10/22,159817.95,159134.72,160558.11,158622.30,1.4,0.25
24/10/22,160348.03,159835.37,161373.35,159607.52,0.85,0.29
25/10/22,158617.65,159014.90,159695.91,156858.38,1.59,-0.71
26/10/22,159751.53,159409.08,160607.64,158153.44,1.49,0.14
27/10/22,158780.56,158951.35,159236.01,156787.97,2.54,-0.36
28/10/22,156187.84,157265.00,157265.00,153693.37,2.2,-1.22
31/10/22,153261.24,152977.95,154621.05,151164.88,3.86,-1.81
01/11/22,153166.90,151407.67,155493.63,151407.67,0.22,-0.22
02/11/22,156609.44,155701.89,157687.16,155701.89,0.14,2.30
03/11/22,156671.77,157181.55,157181.55,156445.20,0.04,0.18
04/11/22,158904.99,157821.67,160045.32,156795.38,0.15,0.76
07/11/22,157781.48,153257.28,160609.10,153257.28,0.53,0.11
08/11/22,157352.07,157688.77,159260.05,156005.26,0.31,0.50
09/11/22,156411.61,156355.47,157197.60,156130.90,0.11,-0.64
10/11/22,155372.74,155877.38,157783.79,154755.96,0.05,-0.54
11/11/22,158463.20,158406.61,158463.20,158406.61,0.02,1.05
14/11/22,160168.40,160168.40,160168.40,160168.40,0,0.00
15/11/22,152744.81,151651.72,154240.61,150961.34,564.97,-5.18
16/11/22,154104.81,154334.56,154851.50,153300.69,480.94,1.05
17/11/22,152821.59,152878.53,154188.10,151568.96,523.05,0.04
18/11/22,155095.74,154178.70,155783.53,154006.75,481.27,0.82
21/11/22,151848.00,154527.00,154869.00,149739.00,601.93,-1.55
22/11/22,152762.72,151217.92,154593.58,150931.85,438.49,0.23
23/11/22,152658.16,152942.97,153455.63,151917.65,296.56,0.37
24/11/22,153038.32,152467.92,153836.88,151897.52,262.78,0.11
25/11/22,152963.84,153305.79,153761.72,151938.01,285.55,0.04
28/11/22,150222.15,152826.83,152883.45,148296.95,600.53,-1.15
29/11/22,151053.98,150085.32,152193.58,149857.40,307.76,-0.08
30/11/22,152183.27,153157.70,153444.30,150979.56,283.27,0.15
01/12/22,154262.14,152995.81,155240.67,152995.81,343.57,0.94
02/12/22,156326.21,156384.20,156964.04,155514.43,260.21,0.60
05/12/22,158651.84,158593.04,159357.49,157887.40,174.95,0.07
06/12/22,159574.32,158926.12,160988.56,158808.27,111.75,0.37
07/12/22,161383.20,160793.78,162326.27,159968.59,166.26,1.11
08/12/22,161138.25,160961.18,162082.65,160016.78,90.11,-0.29
09/12/22,163023.03,162786.25,163496.59,161898.33,96.9,0.88
12/12/22,165260.69,163543.54,167214.69,163247.48,108.83,1.34
13/12/22,164310.60,164488.49,165793.01,162946.78,42.82,-0.72
14/12/22,164721.92,165433.72,165670.98,163713.54,37.37,0.22
15/12/22,165543.08,164474.29,166908.75,164474.29,32.15,0.40
16/12/22,167704.53,165451.88,178552.87,165451.88,65.29,1.47
19/12/22,163884.65,166311.26,167199.04,161872.34,46.82,-2.12
20/12/22,164103.85,163688.70,165171.39,162977.01,16.4,-0.07
21/12/22,166008.94,164821.89,167730.17,164287.72,18.36,1.08
22/12/22,166549.68,167084.06,167915.33,164471.52,13.93,0.29
23/12/22,164570.44,164748.03,165695.20,163504.88,9.54,-0.89
26/12/22,166643.57,166109.45,167533.76,165694.03,10.81,1.01
27/12/22,168808.59,167202.03,169760.63,166845.01,11.39,1.03
28/12/22,168376.13,168257.59,169087.32,167013.00,12.57,0.14
29/12/22,168130.30,168249.12,169080.86,167357.97,7.56,-0.39
30/12/22,170409.42,169450.38,171188.64,169270.56,9.31,0.46
03/01/23,171136.68,170657.98,172094.09,167725.91,7.44,0.60
04/01/23,171398.55,172538.01,172538.01,170918.78,5.84,-0.07
05/01/23,171457.09,171397.12,172296.68,170317.64,6.5,0.03
06/01/23,172659.07,171516.43,173260.46,171516.43,6.6,0.42
09/01/23,174830.89,174345.75,175497.95,173799.97,6.72,0.42
10/01/23,174216.76,173735.33,174818.54,173735.33,6.07,0.42
11/01/23,174764.77,175307.33,175307.33,174523.63,6,0.14
12/01/23,173485.58,174327.74,174387.90,172342.64,4.56,-0.52
13/01/23,174439.90,174803.57,174985.40,173348.89,0.77,-0.21
16/01/23,173922.00,174891.60,174891.60,172952.40,0.89,-0.28
17/01/23,172885.93,172042.58,173669.04,171741.39,31.09,0.00
18/01/23,175981.66,173508.99,177851.24,173508.99,65.35,1.67
19/01/23,177278.13,176379.46,178656.09,175840.25,60.81,1.41
20/01/23,177202.08,176545.78,178097.04,176426.45,41.37,0.37
30/01/23,181248.75,181490.26,182697.78,179618.60,49.7,1.08
31/01/23,182347.00,180108.50,183980.50,180108.50,62.44,0.40
01/02/23,183745.26,183199.85,184654.29,182290.82,42.02,0.60
02/02/23,184644.25,184826.95,186044.92,182391.01,33.62,0.00
03/02/23,181965.00,183056.79,183542.03,180873.21,32.84,-1.06
06/02/23,181689.14,182601.85,183332.01,179133.57,17.15,-0.47
07/02/23,181892.90,182014.85,183051.45,180490.44,10.05,-0.10
08/02/23,180184.25,181523.01,181523.01,179088.91,11.6,-0.74
09/02/23,179789.83,179789.83,180398.05,178938.32,6.99,-0.17
10/02/23,177143.85,179142.40,179384.64,174539.68,17.66,-1.05
13/02/23,174814.83,175843.51,175843.51,172757.48,9.36,-1.23
14/02/23,172542.08,174059.87,174059.87,170660.03,6.42,-1.63
15/02/23,172806.39,172383.88,174194.63,171901.01,3.51,0.74
16/02/23,172237.37,172538.70,173081.08,171514.19,3.9,-0.17
17/02/23,171547.86,172150.20,172150.20,170343.17,3.76,-0.35
20/02/23,171750.06,170604.26,173197.40,170182.12,2.65,0.00
21/02/23,173349.14,172867.28,174132.16,172807.04,1.19,1.05
22/02/23,173320.70,173440.86,174221.85,172539.71,2.4,0.24
23/02/23,172443.66,172383.89,172921.84,172085.03,1.48,0.00
24/02/23,170548.91,171978.59,172574.29,169595.79,1.86,-0.76
27/02/23,169578.91,168924.62,170233.19,168805.66,2.39,-0.42
28/02/23,170064.15,170302.50,170660.03,169527.86,3.52,0.11
01/03/23,172536.57,172836.42,172956.36,171696.97,0.81,0.81
02/03/23,172712.53,171760.29,174497.98,171700.78,1.23,0.87
03/03/23,173465.84,173879.56,173879.56,172815.71,1.15,1.14
06/03/23,172873.97,173228.10,173523.21,172106.69,1.59,-0.20
07/03/23,172124.18,171888.72,172477.38,170770.27,1.54,-0.17
08/03/23,171831.13,172302.55,172302.55,171241.86,0.69,-0.27
09/03/23,171304.43,171657.63,172540.64,169715.00,0.9,-0.21
10/03/23,170562.62,172579.01,172579.01,169020.68,0.76,-1.17
13/03/23,170775.09,172156.18,172156.18,169333.95,1.5,-1.11
14/03/23,169693.74,170112.44,171069.47,168796.52,0.47,-0.25
15/03/23,171507.12,171147.19,172226.98,170907.24,266.9,0.78
16/03/23,167933.95,169550.42,170029.38,165359.56,643.42,-1.89
17/03/23,165858.95,166038.64,167236.61,164301.59,458.62,-1.28
20/03/23,168017.73,166098.90,170776.05,165559.22,552.2,1.19
21/03/23,167730.81,168331.13,169051.52,166410.09,338.4,-0.29
22/03/23,167801.45,168460.91,168640.76,166842.24,328.38,0.18
23/03/23,168667.64,169270.45,169451.30,167944.26,267.62,-0.04
24/03/23,166861.82,167461.18,167880.74,165723.04,392.16,-0.50
27/03/23,165273.44,164796.11,166228.08,163960.79,330.97,-0.50
28/03/23,168933.04,167080.57,170008.67,166901.30,418.53,2.06
29/03/23,171263.76,169533.83,172814.74,169533.83,445.77,1.56
30/03/23,171198.60,172512.30,172572.02,170243.19,300.93,-0.14
31/03/23,171245.72,171664.27,171843.65,170588.00,234.54,-0.10
03/04/23,171395.49,170977.31,172411.08,170200.68,329.83,0.17
04/04/23,171179.72,171060.43,171716.52,170642.91,206.07,0.03
06/04/23,171335.52,170026.71,172584.84,169907.72,249.75,0.35
07/04/23,173784.41,172533.73,175273.31,172414.62,328.94,1.32
10/04/23,174291.14,174827.06,174946.15,173338.41,233.33,0.31
11/04/23,173075.55,173909.36,174207.15,171824.83,167.22,-0.72
12/04/23,173534.69,173713.41,174547.43,172641.11,125.9,0.24
13/04/23,173254.48,173551.66,174383.76,172065.77,110.51,0.07
14/04/23,175454.64,174740.44,176406.91,173550.11,144.14,1.13
17/04/23,176505.91,174897.52,178471.72,174599.67,94.26,0.51
18/04/23,177970.23,178208.96,178686.41,177313.74,48.81,0.64
19/04/23,178768.90,178948.08,179545.37,178171.61,52.83,0.37
20/04/23,178724.13,178604.66,179381.20,178007.32,40.49,-0.03
21/04/23,175659.21,177146.33,177384.27,173874.66,62.16,-1.30
24/04/23,174368.35,173952.48,175378.32,173120.74,30.13,-0.61
25/04/23,177099.55,174498.62,178932.02,174084.84,33.27,2.08
26/04/23,177344.98,175929.05,179704.86,175221.09,19.46,0.33
27/04/23,178124.13,178124.13,179008.85,177298.39,18.6,0.47
28/04/23,179736.78,179736.78,181450.82,178200.07,21.14,0.70
04/05/23,183298.10,181701.12,184540.20,180044.99,6.81,1.91
05/05/23,185009.61,181640.42,187078.40,181640.42,9.11,1.00
08/05/23,186007.88,188018.78,188018.78,183937.84,5.9,0.48
09/05/23,185709.00,186717.32,186895.26,182150.22,3.32,-0.45
10/05/23,182295.07,180936.86,184420.96,180936.86,2.08,-1.41
11/05/23,182147.21,181910.96,183328.45,181733.77,2.13,-0.10
12/05/23,180783.54,182082.44,182082.44,179661.76,2.38,-0.71
15/05/23,182263.32,180962.28,183860.04,179779.52,2.86,0.65
16/05/23,183062.98,182945.10,184123.87,181471.64,1.82,0.78
17/05/23,182596.13,182066.35,183596.82,181948.62,1.06,-0.13
18/05/23,183682.81,183565.26,185622.50,182859.91,72.23,0.74
19/05/23,185506.01,184855.73,187456.84,183436.95,79.64,0.42
22/05/23,188072.08,186070.68,190132.34,185776.36,110.47,1.82
23/05/23,187373.22,186903.76,188840.29,186258.26,87.24,-0.06
24/05/23,185239.54,186702.73,187580.64,181786.42,95.7,-0.88
25/05/23,180319.61,181137.65,182130.99,178040.78,119.02,-2.50
26/05/23,178194.73,179596.91,180005.88,176734.11,131.26,-1.17
29/05/23,179963.96,178563.01,181656.78,177570.67,69.89,1.08
30/05/23,179261.95,180254.28,180371.03,177394.03,73.22,-0.39
31/05/23,178266.31,178731.30,179254.42,177510.70,74.37,-0.13
01/06/23,182433.16,176810.03,188520.07,176578.14,99.62,2.61
02/06/23,188237.89,187889.09,190214.45,185680.00,53.69,2.89
05/06/23,192012.48,187946.88,195555.36,187424.16,62.11,2.10
06/06/23,192948.53,192021.45,195613.88,191442.02,31.42,0.73
07/06/23,192252.17,192425.73,194103.53,189764.40,20.07,-0.21
08/06/23,193247.34,192493.60,194290.98,191855.82,8.32,0.30
09/06/23,192403.33,194195.55,195120.56,190726.74,9,-0.15
12/06/23,190197.15,191292.22,191753.31,189044.44,6.92,-0.84
13/06/23,189931.61,189644.88,191594.66,188211.21,7.35,0.36
14/06/23,190007.48,190636.45,191379.79,188978.25,5.85,0.33
15/06/23,191455.02,191225.04,193007.36,190190.15,6.63,0.21
16/06/23,191215.23,190813.04,193053.84,189721.36,6.17,-0.06
19/06/23,188076.53,190363.87,190764.16,184988.62,6.51,-1.17
20/06/23,187020.29,186049.79,188618.75,185193.47,1.22,-0.40
21/06/23,186142.73,187740.03,187911.17,183746.78,2.58,-0.40
26/06/23,181802.00,180669.63,183953.51,180669.63,1.03,-1.59
27/06/23,181993.40,182561.06,183582.86,180631.00,4.14,-0.16
28/06/23,182145.24,181749.02,182598.05,181126.40,2.32,0.37
29/06/23,182004.70,182117.88,182797.01,181325.57,3.11,-0.06
30/06/23,183799.45,181988.62,187024.99,181309.55,3.38,1.00
03/07/23,186645.87,186249.84,187833.98,185853.80,2,1.57
04/07/23,189795.52,196496.86,196496.86,176108.89,2.96,1.30
05/07/23,185860.26,185860.26,186258.13,185007.69,0.46,-2.15
06/07/23,186093.86,186322.12,186721.59,185751.46,0.29,-0.28
07/07/23,188053.87,186452.44,188854.59,186452.44,1.7,0.83
10/07/23,187343.99,187458.09,187686.28,187115.80,0.25,-0.12
11/07/23,188741.00,186684.50,191940.00,186684.50,0.56,0.61
12/07/23,193768.19,192795.92,194568.89,192681.53,0.84,2.54
13/07/23,194087.63,194317.05,195177.36,193743.50,0.48,-0.12
14/07/23,194373.58,194833.09,195177.72,193914.06,0.2,0.00
17/07/23,194148.17,196378.44,197007.49,192489.76,438.55,0.33
18/07/23,195789.65,193675.79,197503.60,193218.73,342.55,0.94
19/07/23,192808.62,192922.14,195135.72,191049.11,521.25,-0.88
20/07/23,196344.60,196573.24,197773.60,195544.36,311.72,1.12
21/07/23,196411.51,195499.29,197950.87,194815.13,319,0.29
24/07/23,193167.01,193337.71,194304.96,191858.37,238.1,-1.45
25/07/23,194744.91,195146.21,195948.81,193942.32,134.79,0.06
26/07/23,195547.84,195261.36,196521.85,194745.71,140.54,0.47
27/07/23,196006.88,195205.45,197323.52,195148.21,112.24,0.32
28/07/23,196075.00,195960.00,197052.50,195500.00,104.19,-0.41
31/07/23,197742.65,196706.44,199527.22,196188.34,138.1,0.73
01/08/23,198164.98,198107.62,198967.96,197419.35,89.45,0.58
02/08/23,198766.66,198766.66,199686.87,197501.36,103.26,0.03
03/08/23,198404.26,199616.51,200020.59,197134.29,128.61,-0.55
04/08/23,196554.11,197072.87,197476.35,195574.22,90.34,-0.79
07/08/23,197724.54,196689.33,199334.86,195884.17,71.07,0.82
08/08/23,197967.90,198886.01,199517.21,196074.29,48.44,0.35
09/08/23,196730.29,196213.33,197993.96,195696.38,46.73,-0.72
10/08/23,196198.81,196484.90,196942.64,195569.42,30.88,0.12
11/08/23,196704.67,196933.59,197620.37,196017.89,29.21,0.23
14/08/23,196613.06,197128.50,198732.11,195410.36,52.79,-0.12
15/08/23,195850.76,195850.76,196536.16,195336.72,29.92,-0.12
16/08/23,194770.71,195967.72,195967.72,193630.70,52.19,-0.35
17/08/23,193062.39,193974.40,194373.41,191751.36,35.06,-0.88
18/08/23,193487.64,192859.80,195199.92,192117.82,16.83,0.09
21/08/23,194815.75,194644.76,195955.69,193732.80,12.17,0.83
22/08/23,194809.78,195891.10,195891.10,193842.27,7.5,0.15
23/08/23,194879.53,194256.19,196239.55,193746.18,8.55,0.47
24/08/23,196983.35,195735.54,198287.88,195338.51,8.2,0.99
25/08/23,198006.73,197496.69,199480.16,196589.96,9.57,0.60
28/08/23,200923.36,199280.63,203472.43,199223.98,10.56,1.52
29/08/23,200487.66,200941.26,201338.15,199240.29,5.21,-0.31
30/08/23,201345.12,201231.75,201911.97,199984.68,6.37,0.45
31/08/23,203293.81,202895.08,204376.07,202382.43,12.99,0.48
01/09/23,204428.45,203289.89,205794.72,203232.96,6.06,0.62
04/09/23,202863.99,207185.09,207185.09,198429.19,4.2,-0.64
05/09/23,200048.64,198912.00,200673.79,198571.01,2.22,-1.35
06/09/23,201728.71,199966.64,202922.37,199966.64,1.31,0.82
07/09/23,197724.18,201581.10,201921.42,194718.04,4.64,-1.78
08/09/23,193920.01,195558.61,195558.61,192168.40,1.61,-1.55
11/09/23,194955.80,194216.68,196547.74,194216.68,0.54,-0.09
12/09/23,197450.70,196769.06,198302.76,196201.02,0.65,1.37
13/09/23,196274.89,198498.80,198498.80,193879.90,0.7,-0.98
14/09/23,195521.58,194894.36,196547.94,194267.14,0.42,-0.38
15/09/23,198327.40,197699.24,199469.51,197013.98,41.8,1.28
18/09/23,198183.69,198868.85,199268.53,197041.75,39.53,-0.06
19/09/23,199835.33,198408.34,201661.87,197723.39,57.2,0.86
20/09/23,198404.42,200281.52,200281.52,197153.01,45.83,-0.37
21/09/23,197550.28,197436.58,198630.41,196242.75,35.39,-0.37
22/09/23,197165.82,196540.62,198984.59,195403.89,47.1,-0.17
25/09/23,197229.60,197513.79,198252.69,196433.86,34.03,0.03
26/09/23,197760.51,197589.78,199183.25,196679.23,50.15,0.14
27/09/23,198694.07,197271.98,200798.76,197271.98,47.31,0.52
28/09/23,200587.29,199562.43,202352.32,199391.62,50.59,0.86
09/10/23,201813.66,202441.48,204096.62,200215.59,23.16,0.37
10/10/23,198138.58,201272.79,201272.79,195802.18,24.63,-1.67
11/10/23,194601.57,195455.83,196139.24,192949.99,22.02,-1.73
12/10/23,193126.74,193868.00,194039.06,192043.36,11.7,-0.88
13/10/23,193297.51,193810.24,194778.72,192044.18,8.37,0.18
16/10/23,194103.56,194274.23,195468.89,193193.35,4.66,0.56
17/10/23,191227.46,193105.02,193332.61,189748.16,4.71,-1.49
18/10/23,188363.17,189786.28,190412.45,186370.81,4.28,-1.55
19/10/23,187394.75,186372.28,188474.01,185804.25,2.94,-0.30
20/10/23,185908.50,186760.77,187442.58,183238.05,2.69,-0.82
23/10/23,180823.60,182810.67,183094.54,179517.81,2.41,-2.66
24/10/23,181041.12,181892.68,182403.62,179848.94,2.9,0.13
25/10/23,182798.49,181719.20,183593.76,181435.17,1.55,0.91
26/10/23,182836.43,183291.53,183689.74,182153.78,1.22,-0.12
27/10/23,183707.50,183764.39,184788.46,182512.74,0.81,0.47
30/10/23,182584.92,182471.09,183324.83,182015.77,1.33,-0.65
31/10/23,180172.21,183187.41,183301.19,176645.00,1.53,-1.28
01/11/23,178012.49,178581.22,178581.22,175453.21,0.3,-1.17
02/11/23,177122.76,176212.69,177464.04,175757.66,0.32,-0.51
03/11/23,178473.98,178189.34,179897.22,177847.76,0.36,0.67
06/11/23,179632.41,179403.51,181749.78,178487.89,0.37,0.13
07/11/23,179528.57,179871.51,179871.51,178899.85,0.25,0.06
08/11/23,178293.96,177379.63,179894.03,177379.63,0.1,-0.67
09/11/23,178105.23,179592.30,179592.30,177247.31,0.25,-0.19
10/11/23,178355.18,177898.15,179954.78,177898.15,0.13,0.26