Date,Ind_Cotton_FT_Price,Ind_Cotton_FT_Open,Ind_Cotton_FT_High,Ind_Cotton_FT_Low,Ind_Cotton_FT_Volume,Ind_Cotton_FT_Chg
12/01/18,43336.00,43608.00,44278.00,42981.00,7.24,-0.10
15/01/18,43106.00,43253.00,43295.00,43023.00,1.69,-0.53
16/01/18,43274.00,43044.00,43504.00,42835.00,3.38,0.39
17/01/18,43253.00,43169.00,43441.00,43086.00,1.7,-0.05
18/01/18,43525.00,43567.00,44006.00,43441.00,3.72,0.63
19/01/18,43818.00,43399.00,43901.00,43357.00,2.75,0.67
22/01/18,43525.00,43880.00,43964.00,43483.00,2.18,-0.67
23/01/18,43106.00,43650.00,43671.00,43023.00,1.69,-0.96
24/01/18,42479.00,43086.00,43127.00,42374.00,3.5,-1.46
25/01/18,42625.00,42500.00,42835.00,42500.00,2.82,0.34
29/01/18,41621.00,42333.00,42333.00,41538.00,1.76,-2.36
30/01/18,41454.00,41517.00,41998.00,41370.00,1.07,-0.40
31/01/18,41099.00,41454.00,41559.00,40764.00,0.52,-0.86
01/02/18,42458.00,42061.00,42604.00,41872.00,3.52,3.31
02/02/18,42165.00,42542.00,42772.00,42082.00,3.87,-0.69
05/02/18,41914.00,42144.00,42165.00,41684.00,2.06,-0.60
06/02/18,41370.00,41663.00,41726.00,41308.00,2.71,-1.30
07/02/18,41789.00,41454.00,41831.00,41433.00,1.94,1.01
08/02/18,42207.00,41705.00,42374.00,41580.00,3.21,1.00
09/02/18,41872.00,42165.00,42458.00,41831.00,3.34,-0.79
12/02/18,41747.00,42165.00,42165.00,41642.00,2.08,-0.30
13/02/18,41642.00,41726.00,41768.00,41580.00,0.51,-0.25
14/02/18,41266.00,41538.00,41621.00,41140.00,2.49,-0.90
15/02/18,40910.00,41391.00,41475.00,40785.00,2.56,-0.86
16/02/18,40806.00,40868.00,41078.00,40597.00,2.19,-0.26
19/02/18,40659.00,40889.00,40973.00,40576.00,2.94,-0.36
20/02/18,41621.00,40785.00,41831.00,40701.00,3.92,2.37
21/02/18,41852.00,41810.00,42270.00,41684.00,3.73,0.55
22/02/18,41893.00,41977.00,42123.00,41852.00,2.44,0.10
23/02/18,41831.00,41935.00,41956.00,41538.00,2.08,-0.15
26/02/18,42312.00,42040.00,42563.00,42019.00,1.84,1.15
27/02/18,42186.00,42333.00,42437.00,42061.00,0.84,-0.30
28/02/18,42584.00,42291.00,43086.00,42207.00,0.73,0.94
01/03/18,43044.00,43148.00,43587.00,42939.00,3.52,1.08
02/03/18,43127.00,43127.00,43399.00,43086.00,0.59,0.19
05/03/18,43629.00,43274.00,43818.00,43211.00,2.56,1.16
06/03/18,43608.00,44424.00,44508.00,43378.00,4.96,-0.05
07/03/18,43316.00,43295.00,43546.00,43127.00,3.35,-0.67
08/03/18,43838.00,43399.00,43901.00,43399.00,2.66,1.21
09/03/18,43797.00,43734.00,43985.00,43671.00,2.23,-0.10
12/03/18,43169.00,43755.00,43901.00,43086.00,2.37,-1.43
13/03/18,43211.00,43106.00,43378.00,42918.00,2.26,0.10
14/03/18,42897.00,43253.00,43378.00,42835.00,3.28,-0.73
15/03/18,42730.00,42981.00,43106.00,42667.00,2.33,-0.39
16/03/18,42542.00,42709.00,42918.00,42479.00,2.26,-0.44
19/03/18,41872.00,42437.00,42584.00,41768.00,3.71,-1.57
20/03/18,42123.00,41726.00,42395.00,41517.00,3.35,0.60
21/03/18,42542.00,42353.00,42625.00,42228.00,2.08,0.99
22/03/18,42165.00,42374.00,42458.00,42102.00,1.59,-0.88
23/03/18,41831.00,42102.00,42228.00,41810.00,1.83,-0.79
26/03/18,42040.00,41789.00,42082.00,41684.00,2.21,0.50
27/03/18,42270.00,42123.00,42437.00,42019.00,1.8,0.55
28/03/18,42228.00,42249.00,42542.00,42040.00,0.75,-0.10
29/03/18,42730.00,42730.00,42730.00,42730.00,0,1.19
02/04/18,43127.00,42876.00,43295.00,42876.00,1.98,0.93
03/04/18,43106.00,43316.00,43316.00,42939.00,1.15,-0.05
04/04/18,42521.00,43169.00,43253.00,42144.00,4.2,-1.36
05/04/18,42855.00,42521.00,42918.00,42479.00,1.67,0.79
06/04/18,43127.00,43044.00,43253.00,42876.00,1.76,0.63
09/04/18,43211.00,43211.00,43253.00,42939.00,0.9,0.19
10/04/18,43357.00,43232.00,43483.00,43065.00,1.44,0.34
11/04/18,43441.00,43357.00,43504.00,43232.00,1.49,0.19
12/04/18,43462.00,43441.00,43692.00,43399.00,2.05,0.05
13/04/18,43650.00,43587.00,43797.00,43462.00,1.24,0.43
16/04/18,43734.00,43587.00,43880.00,43546.00,1.98,0.19
17/04/18,43357.00,43734.00,43797.00,43336.00,1.69,-0.86
18/04/18,43190.00,43441.00,43567.00,42876.00,2.19,-0.39
19/04/18,43148.00,43148.00,43169.00,42981.00,1.09,-0.10
20/04/18,43525.00,43190.00,43692.00,43106.00,1.79,0.87
23/04/18,43608.00,43608.00,43818.00,43546.00,1.78,0.19
24/04/18,42918.00,43441.00,43462.00,42876.00,1.87,-1.58
25/04/18,43086.00,42793.00,43148.00,42584.00,2.21,0.39
26/04/18,43065.00,43086.00,43232.00,42876.00,1.04,-0.05
27/04/18,43023.00,42960.00,43065.00,42897.00,0.41,-0.10
30/04/18,42730.00,43044.00,43044.00,42563.00,0.58,-0.68
01/05/18,43483.00,42897.00,43629.00,42897.00,0.38,1.76
02/05/18,43608.00,43525.00,43755.00,43316.00,1.29,0.29
03/05/18,43399.00,43650.00,43692.00,43336.00,1.11,-0.48
04/05/18,43399.00,43462.00,43504.00,43336.00,0.54,0.00
07/05/18,43755.00,43713.00,44006.00,43629.00,1.44,0.82
08/05/18,43483.00,43713.00,43713.00,43420.00,0.97,-0.62
09/05/18,43483.00,43399.00,43587.00,43378.00,0.6,0.00
10/05/18,43295.00,43483.00,43546.00,43253.00,1.43,-0.43
11/05/18,43127.00,43211.00,43336.00,43086.00,1.12,-0.39
14/05/18,42876.00,43148.00,43190.00,42563.00,1.76,-0.58
15/05/18,43127.00,42814.00,43169.00,42563.00,1.59,0.59
16/05/18,43336.00,43295.00,43587.00,43211.00,1.95,0.48
17/05/18,43316.00,43441.00,43441.00,43127.00,1.29,-0.05
18/05/18,43713.00,43399.00,43797.00,43378.00,3.37,0.92
21/05/18,43985.00,43964.00,44340.00,43838.00,2.85,0.62
22/05/18,43441.00,44110.00,44152.00,43253.00,1.96,-1.24
23/05/18,43755.00,43316.00,43797.00,43316.00,1.07,0.72
24/05/18,43964.00,43629.00,44027.00,43587.00,1.27,0.48
25/05/18,44173.00,44027.00,44299.00,43964.00,2.03,0.48
28/05/18,44382.00,44320.00,44529.00,44048.00,1.25,0.47
29/05/18,46076.00,44550.00,46139.00,44550.00,1.1,3.82
30/05/18,45721.00,46537.00,46537.00,44968.00,0.39,-0.77
31/05/18,45491.00,45407.00,45595.00,45072.00,0.32,-0.50
01/06/18,46767.00,46035.00,47185.00,45930.00,3.15,2.80
04/06/18,46955.00,46976.00,47310.00,46808.00,2.19,0.40
05/06/18,46474.00,46537.00,46725.00,46223.00,2.35,-1.02
06/06/18,46955.00,46286.00,47059.00,45867.00,2.39,1.04
07/06/18,47499.00,46829.00,47896.00,46788.00,1.73,1.16
08/06/18,48377.00,47896.00,48419.00,47561.00,2.86,1.85
11/06/18,48001.00,48419.00,48774.00,47708.00,2.87,-0.78
12/06/18,48189.00,47959.00,48272.00,47750.00,1.71,0.39
13/06/18,48105.00,48607.00,48628.00,47833.00,2.36,-0.17
14/06/18,48356.00,48398.00,48670.00,47959.00,3.26,0.52
15/06/18,47938.00,48022.00,48377.00,47896.00,1.65,-0.87
18/06/18,46829.00,47540.00,47624.00,46620.00,2.59,-2.31
19/06/18,45658.00,46997.00,46997.00,45574.00,2.76,-2.50
20/06/18,46223.00,45763.00,46537.00,45763.00,2.04,1.24
21/06/18,45909.00,46118.00,46432.00,45533.00,1.96,-0.68
22/06/18,46139.00,45784.00,46181.00,45700.00,1.34,0.50
25/06/18,46076.00,46348.00,46850.00,45972.00,1.78,-0.14
26/06/18,45784.00,45679.00,46055.00,45428.00,0.9,-0.64
27/06/18,45909.00,45846.00,46014.00,45616.00,0.58,0.27
28/06/18,45825.00,45909.00,46139.00,45763.00,0.55,-0.18
29/06/18,45867.00,45846.00,45972.00,45616.00,0.54,0.09
02/07/18,46767.00,46599.00,47059.00,46599.00,1.27,1.96
03/07/18,46599.00,46725.00,46808.00,46390.00,0.88,-0.36
04/07/18,46976.00,46537.00,47122.00,46537.00,1.31,0.81
05/07/18,46892.00,46850.00,47269.00,46767.00,1.71,-0.18
06/07/18,47143.00,46746.00,47185.00,46662.00,1.08,0.54
09/07/18,47540.00,46725.00,47666.00,46725.00,2.06,0.84
10/07/18,47540.00,47520.00,47624.00,47289.00,1.42,0.00
11/07/18,47499.00,47415.00,47540.00,47080.00,1.34,-0.09
12/07/18,47603.00,47310.00,47896.00,47289.00,1.69,0.22
13/07/18,47896.00,47896.00,48189.00,47729.00,1.39,0.62
16/07/18,47122.00,48022.00,48042.00,47080.00,1.13,-1.62
17/07/18,47227.00,46997.00,47289.00,46725.00,1.75,0.22
18/07/18,47373.00,47164.00,47603.00,47038.00,1.16,0.31
19/07/18,46913.00,47373.00,47436.00,46767.00,1.36,-0.97
20/07/18,46599.00,46934.00,46934.00,46286.00,1.63,-0.67
23/07/18,46139.00,46432.00,46474.00,46014.00,1.21,-0.99
24/07/18,46286.00,46014.00,46641.00,45951.00,1.32,0.32
25/07/18,46578.00,46662.00,46725.00,46327.00,1.33,0.63
26/07/18,46808.00,46599.00,46850.00,46495.00,0.74,0.49
27/07/18,46662.00,46829.00,46913.00,46453.00,0.62,-0.31
30/07/18,47227.00,46516.00,47269.00,46453.00,1,1.21
31/07/18,46453.00,47164.00,47164.00,46118.00,0.53,-1.64
01/08/18,50385.00,50322.00,50615.00,49988.00,1.05,8.46
02/08/18,50176.00,50113.00,50301.00,50050.00,0.91,-0.42
03/08/18,49716.00,50197.00,50427.00,49674.00,1.57,-0.92
06/08/18,50050.00,49883.00,50092.00,49569.00,1.27,0.67
07/08/18,50176.00,50197.00,50510.00,50029.00,1.19,0.25
08/08/18,50113.00,50134.00,50259.00,50050.00,0.61,-0.13
09/08/18,50134.00,49988.00,50259.00,49883.00,0.64,0.04
10/08/18,50573.00,50134.00,50782.00,50071.00,1.38,0.88
13/08/18,49716.00,50280.00,50406.00,49632.00,1.89,-1.70
14/08/18,49653.00,49632.00,49841.00,49318.00,1.55,-0.13
16/08/18,49214.00,49465.00,49465.00,48816.00,1.98,-0.88
17/08/18,48733.00,49067.00,49067.00,48482.00,1.39,-0.98
20/08/18,49025.00,48942.00,49151.00,48754.00,1.25,0.60
21/08/18,49109.00,49067.00,49339.00,49005.00,1.05,0.17
22/08/18,48816.00,49046.00,49067.00,48691.00,0.46,-0.60
23/08/18,48607.00,48733.00,48837.00,48565.00,0.79,-0.43
24/08/18,48670.00,48733.00,48837.00,48503.00,1.22,0.13
27/08/18,48168.00,48691.00,48712.00,47917.00,1.67,-1.03
28/08/18,48503.00,48126.00,48649.00,48084.00,1.23,0.69
29/08/18,48084.00,48461.00,48628.00,47959.00,1.34,-0.86
30/08/18,47938.00,48084.00,48168.00,47771.00,1.43,-0.30
31/08/18,47812.00,48042.00,48042.00,47687.00,0.65,-0.26
03/09/18,47624.00,47833.00,47833.00,47436.00,0.68,-0.39
04/09/18,47478.00,47687.00,47896.00,47373.00,1.17,-0.31
05/09/18,47791.00,47561.00,48001.00,47561.00,1.1,0.66
06/09/18,47666.00,47791.00,47917.00,47624.00,0.5,-0.26
07/09/18,47980.00,47582.00,48084.00,47394.00,1.22,0.66
10/09/18,48461.00,48189.00,48503.00,48001.00,1.07,1.00
11/09/18,48168.00,48419.00,48607.00,48042.00,1.58,-0.60
12/09/18,48126.00,48189.00,48314.00,48084.00,0.52,-0.09
13/09/18,47687.00,47812.00,47959.00,47624.00,0.69,-0.91
14/09/18,47603.00,47582.00,47729.00,47478.00,0.83,-0.18
17/09/18,47227.00,47478.00,47582.00,47164.00,1.4,-0.79
18/09/18,46934.00,47227.00,47227.00,46892.00,1.23,-0.62
19/09/18,46767.00,46850.00,47101.00,46683.00,1.13,-0.36
20/09/18,46578.00,46955.00,46955.00,46516.00,0.42,-0.40
21/09/18,46662.00,46662.00,46725.00,46432.00,0.81,0.18
24/09/18,46725.00,46892.00,47164.00,46683.00,0.79,0.13
25/09/18,46620.00,46704.00,46808.00,46265.00,0.78,-0.22
26/09/18,46474.00,46704.00,46808.00,46390.00,0.79,-0.31
27/09/18,45993.00,46516.00,46516.00,45930.00,0.7,-1.04
28/09/18,45679.00,45930.00,46055.00,45533.00,0.83,-0.68
01/10/18,45867.00,45595.00,45909.00,45365.00,1.05,0.41
03/10/18,46118.00,45972.00,46223.00,45888.00,1.04,0.55
04/10/18,45909.00,46348.00,46390.00,45616.00,0.69,-0.45
05/10/18,46390.00,45846.00,46557.00,45825.00,0.68,1.05
08/10/18,46557.00,46641.00,46767.00,46474.00,0.9,0.36
09/10/18,46641.00,46767.00,46976.00,46599.00,0.94,0.18
10/10/18,46746.00,46557.00,46829.00,46516.00,0.57,0.22
11/10/18,46788.00,46641.00,46871.00,46599.00,0.47,0.09
12/10/18,47854.00,46850.00,48022.00,46829.00,1.66,2.28
15/10/18,48084.00,48733.00,48733.00,47833.00,1.32,0.48
16/10/18,47771.00,48001.00,48063.00,47687.00,0.67,-0.65
17/10/18,47206.00,47687.00,47729.00,47122.00,0.7,-1.18
18/10/18,47603.00,46076.00,47666.00,46076.00,0.29,0.84
19/10/18,47645.00,47520.00,47938.00,47520.00,0.43,0.09
22/10/18,48419.00,47771.00,48607.00,47771.00,0.82,1.62
23/10/18,48063.00,48523.00,48628.00,48022.00,0.99,-0.73
24/10/18,48398.00,47959.00,48691.00,47959.00,0.6,0.70
25/10/18,48189.00,48147.00,48272.00,48001.00,0.67,-0.43
26/10/18,48398.00,48461.00,48649.00,48314.00,0.54,0.43
29/10/18,47582.00,48440.00,48503.00,47499.00,0.58,-1.69
30/10/18,47206.00,47687.00,47791.00,46976.00,0.21,-0.79
31/10/18,45972.00,47561.00,47561.00,45846.00,0.12,-2.61
01/11/18,47164.00,46432.00,47352.00,46306.00,2.26,2.59
02/11/18,46788.00,47143.00,47310.00,46725.00,1.9,-0.80
05/11/18,46725.00,46788.00,46934.00,46537.00,1.2,-0.13
06/11/18,46474.00,46767.00,47018.00,46411.00,1.5,-0.54
07/11/18,46641.00,46474.00,46767.00,46474.00,0.47,0.36
08/11/18,46871.00,46746.00,46913.00,46683.00,0.31,0.49
09/11/18,46662.00,46850.00,47143.00,46599.00,1.67,-0.45
12/11/18,46829.00,46892.00,47289.00,46662.00,1.99,0.36
13/11/18,46725.00,46788.00,46934.00,46599.00,1.15,-0.22
14/11/18,46871.00,46704.00,46913.00,46557.00,1.39,0.31
15/11/18,46892.00,46892.00,46976.00,46808.00,1.02,0.04
16/11/18,46829.00,46871.00,47101.00,46641.00,1.24,-0.13
19/11/18,46097.00,46808.00,46892.00,46014.00,2.02,-1.56
20/11/18,45679.00,46014.00,46432.00,45637.00,1.85,-0.91
21/11/18,46014.00,45512.00,46160.00,45449.00,0.81,0.73
22/11/18,45804.00,46286.00,46432.00,45679.00,0.53,-0.45
23/11/18,45491.00,45804.00,45804.00,45470.00,0.4,-0.68
26/11/18,45093.00,45177.00,45303.00,44780.00,1.58,-0.87
27/11/18,45031.00,45031.00,45428.00,44884.00,0.94,-0.14
28/11/18,44842.00,45052.00,45052.00,44550.00,0.45,-0.42
29/11/18,44633.00,44780.00,44905.00,44466.00,0.11,-0.47
30/11/18,44529.00,44382.00,44633.00,44340.00,0.17,-0.23
03/12/18,46118.00,45093.00,46181.00,45093.00,3.84,3.57
04/12/18,45804.00,45909.00,45993.00,45595.00,1.96,-0.68
05/12/18,45951.00,45825.00,46014.00,45679.00,1.31,0.32
06/12/18,45574.00,45888.00,46076.00,45512.00,2.08,-0.82
07/12/18,45825.00,45449.00,45993.00,45282.00,1.23,0.55
10/12/18,46390.00,45909.00,46516.00,45909.00,2.87,1.23
11/12/18,46474.00,46453.00,46641.00,46160.00,1.8,0.18
12/12/18,46160.00,46390.00,46432.00,46118.00,1.56,-0.68
13/12/18,45637.00,46076.00,46244.00,45595.00,2.33,-1.13
14/12/18,45784.00,45595.00,45972.00,45491.00,1.88,0.32
17/12/18,45470.00,45763.00,45993.00,45386.00,2.85,-0.69
18/12/18,45093.00,45282.00,45407.00,45010.00,2.17,-0.83
19/12/18,45052.00,44780.00,45240.00,44780.00,1.1,-0.09
20/12/18,44487.00,44863.00,44989.00,44382.00,1.95,-1.25
21/12/18,43441.00,43964.00,44403.00,43378.00,3.56,-2.35
24/12/18,43148.00,43671.00,43671.00,42458.00,3.24,-0.67
26/12/18,43169.00,43023.00,43295.00,42709.00,1.73,0.05
27/12/18,43106.00,43357.00,43734.00,43065.00,0.81,-0.15
28/12/18,43274.00,43169.00,43316.00,43002.00,0.76,0.39
31/12/18,43441.00,43399.00,43650.00,43378.00,0.51,0.39
01/01/19,44131.00,44006.00,44236.00,43985.00,0.83,1.59
02/01/19,43859.00,44089.00,44236.00,43818.00,2.02,-0.62
03/01/19,43985.00,43692.00,44194.00,43650.00,1.86,0.29
04/01/19,44069.00,43922.00,44173.00,43922.00,1.12,0.19
07/01/19,43797.00,44340.00,44508.00,43671.00,2.09,-0.62
08/01/19,43692.00,43797.00,43922.00,43525.00,1.58,-0.24
09/01/19,43755.00,43818.00,43818.00,43357.00,2.51,0.14
10/01/19,43399.00,43797.00,44110.00,43336.00,1.7,-0.81
11/01/19,43253.00,43441.00,43587.00,43190.00,1.39,-0.34
14/01/19,43378.00,43253.00,43504.00,42897.00,2.25,0.29
15/01/19,43378.00,43336.00,43629.00,43295.00,1.47,0.00
16/01/19,43797.00,43316.00,43838.00,43295.00,1.45,0.96
17/01/19,43692.00,43901.00,43985.00,43629.00,2.02,-0.24
18/01/19,43755.00,43797.00,43943.00,43671.00,2.29,0.14
21/01/19,43818.00,43797.00,43901.00,43671.00,2.17,0.14
22/01/19,43462.00,43922.00,43922.00,43420.00,2.18,-0.81
23/01/19,43253.00,43420.00,43546.00,43211.00,2.52,-0.48
24/01/19,43127.00,43316.00,43441.00,43086.00,2.99,-0.29
25/01/19,43086.00,43127.00,43295.00,42939.00,1.88,-0.10
28/01/19,42960.00,43086.00,43253.00,42835.00,1.07,-0.29
29/01/19,43169.00,42897.00,43211.00,42897.00,1.01,0.49
30/01/19,43253.00,43274.00,43378.00,43044.00,0.82,0.19
31/01/19,43002.00,43295.00,43357.00,42918.00,0.81,-0.58
01/02/19,43713.00,43838.00,43838.00,43567.00,1.01,1.65
04/02/19,43044.00,43629.00,43629.00,42960.00,2.62,-1.53
05/02/19,42981.00,43065.00,43190.00,42960.00,1.38,-0.15
06/02/19,43336.00,43023.00,43399.00,43023.00,2.5,0.83
07/02/19,43253.00,43169.00,43399.00,43169.00,1.06,-0.19
08/02/19,43044.00,43169.00,43169.00,42876.00,1.49,-0.48
11/02/19,42897.00,42960.00,43378.00,42835.00,2.14,-0.34
12/02/19,42374.00,42667.00,42730.00,42270.00,2.88,-1.22
13/02/19,42144.00,42249.00,42291.00,41977.00,2.66,-0.54
14/02/19,42165.00,42249.00,42458.00,42102.00,2.39,0.05
15/02/19,42102.00,42249.00,42416.00,42019.00,1.65,-0.15
18/02/19,41935.00,42374.00,42374.00,41789.00,1.98,-0.40
19/02/19,42061.00,42270.00,42458.00,41956.00,2.75,0.30
20/02/19,41998.00,42082.00,42186.00,41935.00,2.4,-0.15
21/02/19,42312.00,41893.00,42374.00,41768.00,2.92,0.75
22/02/19,42207.00,42437.00,43086.00,42165.00,5.5,-0.25
25/02/19,42479.00,42312.00,42563.00,42186.00,2.19,0.64
26/02/19,42186.00,42312.00,42458.00,42123.00,0.91,-0.69
27/02/19,42186.00,42249.00,42291.00,42040.00,0.98,0.00
28/02/19,41998.00,42291.00,42312.00,41935.00,0.91,-0.45
01/03/19,43127.00,42772.00,43190.00,42772.00,2.45,2.69
04/03/19,43567.00,43336.00,43650.00,43316.00,1.77,1.02
05/03/19,43525.00,43462.00,43608.00,43336.00,2.18,-0.10
06/03/19,43859.00,43692.00,43901.00,43608.00,2.75,0.77
07/03/19,43525.00,43776.00,44550.00,43483.00,3.23,-0.76
08/03/19,43316.00,43525.00,43608.00,43253.00,2.63,-0.48
11/03/19,43797.00,43316.00,43901.00,43316.00,5.54,1.11
12/03/19,43943.00,43692.00,44027.00,43483.00,4.17,0.33
13/03/19,44382.00,43985.00,44445.00,43985.00,4.27,1.00
14/03/19,43964.00,44403.00,44445.00,43818.00,4.71,-0.94
15/03/19,44278.00,43985.00,44299.00,43901.00,1.69,0.71
18/03/19,44529.00,44361.00,44905.00,44361.00,5.69,0.57
19/03/19,44278.00,44550.00,44633.00,44194.00,3.72,-0.56
20/03/19,44340.00,44236.00,44466.00,44215.00,1.82,0.14
21/03/19,44529.00,44487.00,44612.00,44424.00,0.38,0.42
22/03/19,44675.00,44801.00,44968.00,44633.00,2.92,0.33
25/03/19,44529.00,44801.00,44884.00,44403.00,4.66,-0.33
26/03/19,44633.00,44633.00,44926.00,44550.00,2.4,0.23
27/03/19,44508.00,44654.00,44738.00,44445.00,1.28,-0.28
28/03/19,43964.00,44340.00,44445.00,43797.00,1.05,-1.22
29/03/19,44048.00,43943.00,44131.00,43692.00,0.89,0.19
01/04/19,45574.00,45010.00,45679.00,45010.00,3.82,3.47
02/04/19,45470.00,45491.00,45679.00,45303.00,4.28,-0.23
03/04/19,45804.00,45637.00,45972.00,45616.00,4.14,0.74
04/04/19,46286.00,45825.00,46327.00,45825.00,4,1.05
05/04/19,46725.00,46432.00,46788.00,46265.00,5.65,0.95
08/04/19,46516.00,46892.00,47143.00,46265.00,5.57,-0.45
09/04/19,46265.00,46599.00,46746.00,46223.00,4.37,-0.54
10/04/19,45909.00,46348.00,46453.00,45846.00,4.35,-0.77
11/04/19,45972.00,45972.00,46181.00,45784.00,3.95,0.14
12/04/19,46557.00,45930.00,46662.00,45846.00,4.38,1.27
15/04/19,46181.00,46683.00,46913.00,46076.00,4.41,-0.81
16/04/19,46474.00,46286.00,46557.00,46139.00,2.77,0.63
17/04/19,46641.00,46620.00,46704.00,46348.00,1.1,0.36
18/04/19,46327.00,46578.00,46683.00,46306.00,2.96,-0.67
22/04/19,46327.00,46390.00,46557.00,46244.00,5.01,0.00
23/04/19,46035.00,46369.00,46411.00,45825.00,5.21,-0.63
24/04/19,46055.00,45951.00,46244.00,45804.00,3.34,0.05
25/04/19,46223.00,46055.00,46327.00,46014.00,2.35,0.36
26/04/19,46411.00,46348.00,46474.00,46265.00,1.48,0.41
30/04/19,46599.00,46306.00,46850.00,46181.00,1.26,0.41
01/05/19,46725.00,46850.00,46934.00,46683.00,1.73,0.27
02/05/19,46662.00,46850.00,46997.00,46578.00,3.18,-0.13
03/05/19,46641.00,46641.00,46704.00,46432.00,2.86,-0.04
06/05/19,45763.00,46411.00,46411.00,45679.00,4.62,-1.88
07/05/19,45888.00,46035.00,46244.00,45804.00,3.37,0.27
08/05/19,45574.00,45972.00,45972.00,45512.00,4.2,-0.68
09/05/19,45093.00,45512.00,45679.00,45010.00,4.32,-1.06
10/05/19,45261.00,45198.00,45804.00,44968.00,3.33,0.37
13/05/19,43462.00,44591.00,44801.00,43462.00,4.24,-3.97
14/05/19,43671.00,42918.00,43818.00,41726.00,7.56,0.48
15/05/19,43880.00,44027.00,44027.00,43378.00,3.75,0.48
16/05/19,44173.00,43901.00,44320.00,43880.00,3.26,0.67
17/05/19,44487.00,44048.00,44550.00,43922.00,2.85,0.71
20/05/19,44570.00,44487.00,44654.00,44194.00,2.45,0.19
21/05/19,44445.00,44759.00,45052.00,44340.00,3.47,-0.28
22/05/19,44173.00,44340.00,44529.00,44048.00,2.42,-0.61
23/05/19,44633.00,44152.00,44654.00,44110.00,1.69,1.04
24/05/19,45052.00,44550.00,45135.00,44424.00,2.33,0.94
27/05/19,45888.00,45156.00,46390.00,44801.00,4.5,1.86
28/05/19,45658.00,45846.00,46014.00,45616.00,2.13,-0.50
29/05/19,45449.00,45742.00,45951.00,45386.00,1.33,-0.46
30/05/19,45700.00,45470.00,45867.00,45177.00,0.64,0.55
31/05/19,45449.00,45700.00,45784.00,45407.00,0.64,-0.55
03/06/19,45930.00,45616.00,46014.00,45261.00,3.01,1.06
04/06/19,45951.00,45825.00,46118.00,45700.00,1.96,0.05
05/06/19,45784.00,46014.00,46118.00,45637.00,0.88,-0.36
06/06/19,45177.00,45428.00,45721.00,45114.00,2.67,-1.32
07/06/19,44508.00,45072.00,45386.00,44403.00,2.42,-1.48
10/06/19,44299.00,44466.00,45825.00,43922.00,2.35,-0.47
11/06/19,44340.00,44445.00,44633.00,44299.00,3,0.09
12/06/19,44863.00,44215.00,44947.00,44215.00,2.23,1.18
13/06/19,44968.00,44863.00,45052.00,44612.00,2.3,0.23
14/06/19,45052.00,44633.00,45156.00,44633.00,1.99,0.19
17/06/19,45365.00,44947.00,45407.00,44947.00,2.12,0.70
18/06/19,45784.00,45240.00,46055.00,45177.00,3.67,0.92
19/06/19,45763.00,45637.00,46097.00,45533.00,1.92,-0.05
20/06/19,46223.00,45909.00,46641.00,45825.00,3.65,1.01
21/06/19,46223.00,46055.00,46495.00,46014.00,1.1,0.00
24/06/19,46055.00,46118.00,46411.00,46014.00,1.16,-0.36
25/06/19,45972.00,45888.00,46327.00,45763.00,1.38,-0.18
26/06/19,46683.00,45888.00,46976.00,45846.00,1.36,1.55
27/06/19,46327.00,46725.00,46829.00,46035.00,1.76,-0.76
28/06/19,46788.00,46578.00,46934.00,46223.00,1.89,0.99
01/07/19,45303.00,45512.00,45742.00,45219.00,2.65,-3.17
02/07/19,44759.00,45198.00,45386.00,44654.00,1.6,-1.20
03/07/19,45010.00,44675.00,45072.00,44675.00,0.93,0.56
04/07/19,44905.00,44968.00,45156.00,44821.00,0.89,-0.23
05/07/19,44550.00,44968.00,45052.00,44340.00,1.36,-0.79
08/07/19,44445.00,44403.00,44821.00,44194.00,1.44,-0.23
09/07/19,44048.00,44257.00,44299.00,43859.00,1.81,-0.89
10/07/19,44591.00,44173.00,44654.00,44131.00,1.12,1.23
11/07/19,44257.00,44445.00,44633.00,44152.00,1.03,-0.75
12/07/19,44403.00,44382.00,44445.00,44131.00,0.57,0.33
15/07/19,44612.00,44508.00,44780.00,44508.00,0.84,0.47
16/07/19,45156.00,44675.00,45261.00,44633.00,1.77,1.22
17/07/19,45470.00,45010.00,45658.00,45010.00,1.88,0.69
18/07/19,45072.00,45763.00,45888.00,44968.00,3.74,-0.87
19/07/19,44947.00,45282.00,45282.00,44801.00,1.34,-0.28
22/07/19,44738.00,45156.00,45156.00,44675.00,1.52,-0.47
23/07/19,44842.00,44550.00,45010.00,44550.00,1.19,0.23
24/07/19,44570.00,44842.00,44989.00,44550.00,1.92,-0.61
25/07/19,44905.00,44905.00,45093.00,44069.00,2.05,0.75
26/07/19,44027.00,45010.00,45010.00,43985.00,1.06,-1.96
29/07/19,43755.00,43608.00,44257.00,43504.00,0.39,-0.62
30/07/19,43044.00,43713.00,43713.00,42981.00,0.82,-1.63
31/07/19,42876.00,43044.00,43127.00,42814.00,0.83,-0.39
01/08/19,43023.00,43316.00,43316.00,42981.00,1.1,0.34
02/08/19,42061.00,42855.00,42855.00,41935.00,2.02,-2.24
05/08/19,41266.00,41580.00,41621.00,40827.00,3.03,-1.89
06/08/19,41663.00,41245.00,41914.00,41224.00,1.72,0.96
07/08/19,41684.00,41663.00,42312.00,41329.00,2.15,0.05
08/08/19,42416.00,41789.00,42625.00,41789.00,1.89,1.76
09/08/19,42416.00,42270.00,42625.00,42082.00,0.81,0.00
12/08/19,42353.00,42374.00,42625.00,42291.00,0.39,-0.15
13/08/19,43002.00,42312.00,43065.00,42312.00,1.35,1.53
14/08/19,43148.00,43002.00,43253.00,42876.00,0.84,0.34
16/08/19,43462.00,43336.00,43546.00,43211.00,0.62,0.73
19/08/19,43734.00,43441.00,44006.00,43336.00,0.97,0.63
20/08/19,44027.00,43650.00,44110.00,43629.00,0.69,0.67
21/08/19,44215.00,44131.00,44257.00,43880.00,0.55,0.43
22/08/19,44508.00,44299.00,44717.00,44236.00,1,0.66
23/08/19,43818.00,44508.00,44550.00,43671.00,1.34,-1.55
26/08/19,43818.00,43336.00,44006.00,43190.00,1.37,0.00
27/08/19,44194.00,43964.00,44340.00,43797.00,0.8,0.86
28/08/19,44006.00,43838.00,44194.00,43818.00,1.13,-0.43
29/08/19,43818.00,43964.00,43985.00,43713.00,1.44,-0.43
30/08/19,43525.00,43650.00,44173.00,42688.00,2.38,-0.67
02/09/19,41036.00,40952.00,41099.00,40931.00,0.08,-5.72
03/09/19,40701.00,40931.00,41015.00,40492.00,0.94,-0.82
04/09/19,40618.00,40659.00,40764.00,40408.00,0.71,-0.21
05/09/19,40743.00,40764.00,40889.00,40513.00,0.57,0.31
06/09/19,40638.00,40848.00,40931.00,40597.00,0.5,-0.26
09/09/19,40597.00,40785.00,40785.00,40408.00,0.51,-0.10
10/09/19,40743.00,40638.00,40994.00,40597.00,0.48,0.36
11/09/19,40827.00,40764.00,40889.00,40618.00,0.63,0.21
12/09/19,41329.00,40910.00,41370.00,40868.00,1.37,1.23
13/09/19,41538.00,41412.00,41705.00,41391.00,1.03,0.51
16/09/19,41663.00,41454.00,41789.00,40827.00,0.72,0.30
17/09/19,40973.00,41621.00,41642.00,40848.00,1.25,-1.66
18/09/19,41266.00,40848.00,41370.00,40848.00,0.78,0.71
19/09/19,41433.00,41350.00,41475.00,41266.00,0.51,0.41
20/09/19,41454.00,41370.00,41559.00,41287.00,0.56,0.05
23/09/19,41224.00,41287.00,41391.00,40952.00,0.93,-0.55
24/09/19,40785.00,41287.00,41287.00,40701.00,1.14,-1.07
25/09/19,40973.00,40597.00,41099.00,40597.00,1.06,0.46
26/09/19,41057.00,40931.00,41182.00,40848.00,0.64,0.20
27/09/19,41852.00,40931.00,42270.00,40910.00,1.18,1.94
30/09/19,41559.00,42207.00,42563.00,41119.00,1.98,-0.70
01/10/19,40931.00,41475.00,41559.00,40889.00,0.83,-1.51
03/10/19,41475.00,41078.00,41517.00,40806.00,0.94,1.33
04/10/19,41182.00,41475.00,41642.00,41119.00,0.66,-0.71
07/10/19,40973.00,41182.00,41329.00,40827.00,0.53,-0.51
08/10/19,40764.00,40889.00,40889.00,40659.00,0.28,-0.51
09/10/19,40889.00,40680.00,41036.00,40513.00,0.91,0.31
10/10/19,40827.00,40952.00,41078.00,40680.00,0.39,-0.15
11/10/19,41119.00,40722.00,41245.00,40618.00,0.77,0.72
14/10/19,40806.00,41329.00,41538.00,40701.00,0.76,-0.76
15/10/19,40827.00,40743.00,41245.00,40680.00,0.94,0.05
16/10/19,40806.00,40785.00,40952.00,40680.00,0.61,-0.05
17/10/19,40868.00,40994.00,40994.00,40785.00,0.38,0.15
18/10/19,40952.00,40910.00,41099.00,40910.00,0.22,0.20
21/10/19,40722.00,40952.00,40952.00,40701.00,0.13,-0.56
22/10/19,40701.00,40722.00,40827.00,40471.00,0.47,-0.05
23/10/19,40764.00,40638.00,40827.00,40618.00,0.26,0.15
24/10/19,40722.00,40722.00,40868.00,40659.00,0.4,-0.10
25/10/19,40701.00,40680.00,40806.00,40638.00,0.38,-0.05
27/10/19,40325.00,40011.00,40513.00,40011.00,0.21,-0.92
28/10/19,40408.00,41287.00,41287.00,40304.00,0.05,0.21
29/10/19,40764.00,40576.00,40785.00,40471.00,0.06,0.88
30/10/19,40910.00,40764.00,40931.00,40764.00,0.06,0.36
31/10/19,40785.00,40931.00,42040.00,39948.00,0.14,-0.31
01/11/19,40555.00,40471.00,40722.00,40387.00,0.75,-0.56
04/11/19,40764.00,40659.00,40952.00,40638.00,0.93,0.52
05/11/19,40597.00,40743.00,40743.00,40492.00,0.61,-0.41
06/11/19,40513.00,40576.00,40618.00,40262.00,0.7,-0.21
07/11/19,40597.00,40450.00,40764.00,40283.00,0.82,0.21
08/11/19,40199.00,40492.00,40576.00,40032.00,0.68,-0.98
11/11/19,39865.00,40053.00,40178.00,39739.00,1.01,-0.83
12/11/19,39865.00,39781.00,39906.00,39593.00,0.15,0.00
13/11/19,40157.00,39990.00,40241.00,39844.00,0.72,0.73
14/11/19,40220.00,40095.00,40346.00,39885.00,0.63,0.16
15/11/19,40346.00,40136.00,40534.00,40032.00,0.68,0.31
18/11/19,40095.00,40367.00,40471.00,40053.00,0.39,-0.62
19/11/19,39865.00,40116.00,40178.00,39844.00,0.51,-0.57
20/11/19,40053.00,39948.00,40157.00,39865.00,0.38,0.47
21/11/19,39781.00,39906.00,39990.00,39760.00,0.51,-0.68
22/11/19,39906.00,39823.00,39948.00,39676.00,0.62,0.32
25/11/19,39969.00,39676.00,40074.00,39676.00,0.58,0.16
26/11/19,39739.00,40032.00,40136.00,39739.00,0.33,-0.58
27/11/19,39697.00,39844.00,39844.00,39655.00,0.04,-0.11
28/11/19,39781.00,39927.00,39948.00,39718.00,0.11,0.21
29/11/19,39844.00,39844.00,39906.00,38610.00,0.11,0.16
02/12/19,39990.00,40053.00,40178.00,39865.00,0.7,0.37
03/12/19,39865.00,39885.00,39969.00,39781.00,0.52,-0.31
04/12/19,39990.00,39844.00,40032.00,39634.00,0.85,0.31
05/12/19,39844.00,39948.00,40053.00,39781.00,0.62,-0.37
06/12/19,40032.00,39885.00,40053.00,39781.00,0.72,0.47
09/12/19,40011.00,40136.00,40618.00,39969.00,0.61,-0.05
10/12/19,39885.00,40032.00,40157.00,39781.00,0.27,-0.31
11/12/19,39781.00,39802.00,39927.00,39739.00,0.49,-0.26
12/12/19,40220.00,39781.00,40367.00,39634.00,0.57,1.10
13/12/19,40116.00,40325.00,40367.00,39969.00,1.08,-0.26
16/12/19,40178.00,40283.00,40283.00,40053.00,0.53,0.16
17/12/19,40095.00,40116.00,40178.00,39948.00,0.67,-0.21
18/12/19,39865.00,40032.00,40053.00,39739.00,0.61,-0.57
19/12/19,40011.00,39865.00,40136.00,39823.00,0.98,0.37
20/12/19,40095.00,39927.00,40136.00,39927.00,0.74,0.21
23/12/19,40053.00,40136.00,40262.00,39927.00,0.99,-0.10
24/12/19,39634.00,39990.00,40136.00,39530.00,1.31,-1.04
26/12/19,40074.00,39718.00,40136.00,39718.00,0.24,1.11
27/12/19,40178.00,40157.00,40220.00,40136.00,0.08,0.26
30/12/19,40304.00,40262.00,40346.00,40262.00,0.05,0.31
31/12/19,40429.00,40346.00,41496.00,40199.00,0.02,0.31
01/01/20,40931.00,40931.00,41161.00,40806.00,0.71,1.24
02/01/20,41182.00,41057.00,41266.00,40973.00,1.35,0.61
03/01/20,41015.00,41140.00,41287.00,40889.00,1.93,-0.41
06/01/20,41287.00,41078.00,41370.00,41078.00,1.23,0.66
07/01/20,41329.00,41350.00,41538.00,41224.00,1.45,0.10
08/01/20,41370.00,41266.00,41454.00,41078.00,1.26,0.10
09/01/20,41412.00,41391.00,41496.00,41329.00,0.94,0.10
10/01/20,41831.00,41496.00,42144.00,41496.00,2.84,1.01
13/01/20,41768.00,42082.00,42207.00,41684.00,1.64,-0.15
14/01/20,41684.00,41580.00,41893.00,41182.00,1.12,-0.20
15/01/20,41308.00,41601.00,41726.00,41224.00,1.43,-0.90
16/01/20,41161.00,41350.00,41412.00,41015.00,1.41,-0.35
17/01/20,41601.00,41140.00,41621.00,41099.00,1.62,1.07
20/01/20,41224.00,41747.00,41747.00,41182.00,1.14,-0.90
21/01/20,40994.00,41224.00,41224.00,40931.00,0.87,-0.56
22/01/20,41308.00,41099.00,41412.00,40680.00,1.91,0.77
23/01/20,40806.00,41203.00,41266.00,40764.00,1.63,-1.22
24/01/20,40534.00,40806.00,40931.00,40450.00,1.87,-0.67
27/01/20,40011.00,40367.00,40387.00,39634.00,1.79,-1.29
28/01/20,40178.00,40178.00,40262.00,40136.00,0.16,0.42
29/01/20,40492.00,40262.00,40680.00,40262.00,0.13,0.78
30/01/20,40199.00,40199.00,40325.00,40116.00,0.06,-0.72
31/01/20,40095.00,40074.00,40576.00,39948.00,0.31,-0.26
01/02/20,40367.00,40868.00,40868.00,40367.00,0.23,0.68
03/02/20,40116.00,40325.00,40346.00,39404.00,2.33,-0.62
04/02/20,40304.00,40095.00,40367.00,39969.00,1.13,0.47
05/02/20,40367.00,40346.00,40659.00,40304.00,1.03,0.16
06/02/20,40471.00,40429.00,40597.00,40325.00,0.55,0.26
07/02/20,39802.00,40346.00,40450.00,39760.00,1.45,-1.65
10/02/20,39781.00,39844.00,39906.00,39655.00,1.04,-0.05
11/02/20,40074.00,39739.00,40116.00,39739.00,0.56,0.74
12/02/20,40095.00,39990.00,40199.00,39739.00,1,0.05
13/02/20,39948.00,40136.00,40178.00,39760.00,0.85,-0.37
14/02/20,39927.00,39865.00,40053.00,39676.00,0.89,-0.05
17/02/20,40053.00,39969.00,40262.00,39885.00,0.89,0.31
18/02/20,40095.00,40157.00,40304.00,39948.00,1.92,0.10
19/02/20,39885.00,40157.00,40157.00,39865.00,1.11,-0.52
20/02/20,40032.00,39906.00,40136.00,39865.00,3.34,0.37
21/02/20,39969.00,40095.00,40095.00,39948.00,0.28,-0.16
24/02/20,39342.00,39865.00,39865.00,39279.00,2.96,-1.57
25/02/20,39509.00,39467.00,39802.00,39425.00,0.21,0.43
26/02/20,39112.00,39195.00,39321.00,38986.00,0.24,-1.01
27/02/20,38087.00,38651.00,38902.00,37982.00,0.21,-2.62
28/02/20,38045.00,37480.00,38066.00,36978.00,0.41,-0.11
02/03/20,38317.00,38484.00,39112.00,37878.00,2.32,0.71
03/03/20,38902.00,38568.00,39112.00,38568.00,1.65,1.53
04/03/20,38902.00,38902.00,39007.00,38735.00,1.06,0.00
05/03/20,39237.00,39007.00,39446.00,38902.00,2.06,0.86
06/03/20,38965.00,39488.00,39488.00,38672.00,1.14,-0.69
09/03/20,38421.00,38672.00,38672.00,37857.00,1.18,-1.40
10/03/20,38693.00,38526.00,38965.00,38421.00,0.35,0.71
11/03/20,38484.00,38756.00,38882.00,38421.00,0.99,-0.54
12/03/20,37878.00,38380.00,38380.00,37689.00,1.82,-1.58
13/03/20,38087.00,37271.00,38589.00,37146.00,1.97,0.55
16/03/20,37417.00,37773.00,37857.00,37292.00,1.28,-1.76
17/03/20,37648.00,37480.00,37857.00,37480.00,1.14,0.61
18/03/20,36915.00,37564.00,37815.00,36665.00,1.3,-1.94
19/03/20,35974.00,36518.00,36811.00,35661.00,2.11,-2.55
20/03/20,35514.00,36351.00,36393.00,35263.00,1.89,-1.28
23/03/20,34113.00,34468.00,34657.00,34113.00,1.06,-3.95
24/03/20,34008.00,34510.00,34740.00,32753.00,4.53,-0.31
25/03/20,34008.00,33883.00,34991.00,33653.00,0.65,0.00
26/03/20,34176.00,34176.00,34176.00,34176.00,0.06,0.49
27/03/20,34176.00,34176.00,34176.00,34050.00,0.04,0.00
30/03/20,33151.00,33151.00,33151.00,33151.00,0.03,-3.00
31/03/20,33151.00,34029.00,34134.00,33632.00,1,0.00
01/04/20,33695.00,33757.00,33820.00,33611.00,0.18,1.64
03/04/20,33862.00,33987.00,34322.00,33611.00,0.35,0.50
07/04/20,34489.00,34301.00,34719.00,34197.00,0.32,1.85
08/04/20,34866.00,34510.00,34970.00,34406.00,0.58,1.09
09/04/20,34845.00,34949.00,35033.00,34803.00,0.52,-0.06
13/04/20,34887.00,34887.00,34970.00,34845.00,0.37,0.12
15/04/20,34176.00,34510.00,34510.00,34134.00,0.4,-2.04
16/04/20,34510.00,34489.00,34929.00,34406.00,0.36,0.98
17/04/20,34489.00,34698.00,34782.00,34427.00,0.47,-0.06
20/04/20,34092.00,34238.00,34259.00,33820.00,0.47,-1.15
21/04/20,33527.00,34092.00,34343.00,33423.00,1.4,-1.66
22/04/20,33506.00,33360.00,33674.00,33130.00,1.65,-0.06
23/04/20,34322.00,34301.00,34489.00,34092.00,2.63,2.43
24/04/20,34071.00,34217.00,34280.00,34029.00,1.3,-0.73
27/04/20,33966.00,33925.00,34134.00,33757.00,0.19,-0.31
28/04/20,33527.00,33715.00,33715.00,33318.00,0.17,-1.29
29/04/20,33590.00,33632.00,33632.00,33548.00,0,0.19
30/04/20,33862.00,33674.00,34050.00,33674.00,0.29,0.81
01/05/20,34197.00,34197.00,34197.00,34197.00,0,0.99
04/05/20,32837.00,33925.00,33925.00,32837.00,0.92,-3.98
05/05/20,32084.00,32628.00,32628.00,31729.00,1.31,-2.29
06/05/20,31415.00,31959.00,31959.00,30955.00,0.91,-2.09
07/05/20,32481.00,31687.00,32649.00,31645.00,0.96,3.40
08/05/20,32816.00,32753.00,33025.00,32251.00,1.11,1.03
11/05/20,32691.00,32942.00,33088.00,32461.00,0.67,-0.38
12/05/20,32837.00,32607.00,33213.00,32210.00,0.71,0.45
13/05/20,33046.00,33151.00,33339.00,32732.00,0.99,0.64
14/05/20,32774.00,32963.00,33004.00,32544.00,0.69,-0.82
15/05/20,33109.00,32795.00,33193.00,32670.00,0.55,1.02
18/05/20,33004.00,33004.00,33172.00,32565.00,0.71,-0.32
19/05/20,32963.00,33402.00,33423.00,32837.00,0.55,-0.13
20/05/20,33548.00,33548.00,33946.00,33297.00,0.83,1.78
21/05/20,33067.00,33255.00,33276.00,32900.00,0.96,-1.43
22/05/20,32398.00,32879.00,32879.00,32314.00,2.26,-2.02
25/05/20,32398.00,32398.00,32398.00,32398.00,0,0.00
26/05/20,32858.00,32440.00,32942.00,32398.00,0.21,1.42
27/05/20,32858.00,32942.00,32942.00,32732.00,0.15,0.00
28/05/20,32816.00,32544.00,32921.00,32544.00,0.02,-0.13
29/05/20,32691.00,32607.00,32732.00,32586.00,0.1,-0.38
01/06/20,33423.00,33381.00,33611.00,33172.00,0.58,2.24
02/06/20,33946.00,33799.00,34176.00,33778.00,0.55,1.56
03/06/20,33799.00,33715.00,33987.00,33527.00,0.62,-0.43
04/06/20,33904.00,33715.00,33987.00,33674.00,0.41,0.31
05/06/20,34929.00,33862.00,35033.00,33862.00,0.98,3.02
08/06/20,34866.00,34740.00,35096.00,34552.00,0.84,-0.18
09/06/20,34594.00,34949.00,35054.00,34552.00,0.88,-0.78
10/06/20,34657.00,34845.00,34845.00,34468.00,0.5,0.18
11/06/20,34636.00,34698.00,34782.00,34447.00,0.32,-0.06
12/06/20,34364.00,34531.00,34678.00,34008.00,0.67,-0.79
15/06/20,33569.00,34197.00,34197.00,33464.00,1.38,-2.31
16/06/20,33046.00,33611.00,33799.00,32565.00,1.08,-1.56
17/06/20,33485.00,33193.00,33632.00,33025.00,0.61,1.33
18/06/20,33736.00,33569.00,33778.00,33485.00,0.39,0.75
19/06/20,33674.00,33736.00,33841.00,33590.00,0.51,-0.19
22/06/20,33297.00,33506.00,33569.00,33046.00,0.83,-1.12
23/06/20,33067.00,33339.00,33402.00,33004.00,1.32,-0.69
24/06/20,32983.00,33130.00,33213.00,32942.00,1.19,-0.25
25/06/20,32921.00,33046.00,33088.00,32795.00,0.23,-0.19
26/06/20,32900.00,32921.00,33151.00,32858.00,0.22,-0.06
29/06/20,32314.00,32837.00,32837.00,32293.00,0.24,-1.78
30/06/20,32607.00,32607.00,32607.00,32607.00,0.01,0.91
01/07/20,33464.00,33276.00,33757.00,33234.00,0.93,2.63
02/07/20,33213.00,33506.00,33695.00,33151.00,0.58,-0.75
03/07/20,33402.00,33360.00,33527.00,33151.00,0.41,0.57
06/07/20,33736.00,33381.00,33778.00,33193.00,0.67,1.00
07/07/20,33736.00,33632.00,34050.00,33464.00,0.68,0.00
08/07/20,33799.00,33695.00,33862.00,33632.00,0.25,0.19
09/07/20,33841.00,33925.00,33966.00,33778.00,0.59,0.12
10/07/20,33653.00,33736.00,33799.00,33590.00,0.51,-0.56
13/07/20,33297.00,33632.00,33736.00,33213.00,0.73,-1.06
14/07/20,33527.00,33193.00,33590.00,33046.00,0.6,0.69
15/07/20,33653.00,33527.00,33757.00,33339.00,0.45,0.37
16/07/20,33715.00,33611.00,33862.00,33464.00,0.63,0.19
17/07/20,33757.00,33715.00,33799.00,33590.00,0.45,0.12
20/07/20,33925.00,33674.00,34050.00,33674.00,0.66,0.50
21/07/20,33820.00,33904.00,34657.00,33485.00,1.12,-0.31
22/07/20,33632.00,33883.00,33904.00,33402.00,0.61,-0.56
23/07/20,33757.00,33611.00,33778.00,33590.00,0.53,0.37
24/07/20,33067.00,33506.00,33632.00,32837.00,1.28,-2.04
27/07/20,33318.00,33464.00,33464.00,32670.00,1.36,0.76
28/07/20,33527.00,33276.00,33590.00,33046.00,0.31,0.63
29/07/20,33527.00,33464.00,33569.00,33464.00,0.11,0.00
30/07/20,33485.00,33464.00,33527.00,33423.00,0.06,-0.12
31/07/20,34008.00,33506.00,34092.00,33506.00,0.19,1.56
03/08/20,34008.00,34008.00,34071.00,33883.00,0.19,0.00
04/08/20,34092.00,34050.00,34155.00,33987.00,0.3,0.25
05/08/20,34343.00,34092.00,34406.00,34050.00,0.33,0.74
06/08/20,34364.00,34447.00,34615.00,34113.00,0.63,0.06
07/08/20,34197.00,34343.00,34489.00,34113.00,0.42,-0.49
10/08/20,34134.00,34343.00,34364.00,34113.00,0.45,-0.18
11/08/20,34050.00,34155.00,34280.00,34008.00,0.34,-0.25
12/08/20,34238.00,33987.00,34489.00,33904.00,0.53,0.55
13/08/20,34238.00,34197.00,34259.00,34113.00,0.15,0.00
14/08/20,34364.00,34197.00,34406.00,34134.00,0.33,0.37
17/08/20,34197.00,34406.00,34573.00,33695.00,0.49,-0.49
18/08/20,34468.00,34364.00,34489.00,34217.00,0.49,0.80
19/08/20,34594.00,34468.00,34615.00,34301.00,0.39,0.36
20/08/20,34761.00,34552.00,34929.00,34447.00,0.64,0.48
21/08/20,35347.00,34845.00,35451.00,34824.00,0.68,1.68
24/08/20,35786.00,35556.00,35891.00,35138.00,0.7,1.24
25/08/20,35598.00,35932.00,35932.00,35431.00,0.62,-0.53
26/08/20,36037.00,35389.00,36665.00,35305.00,0.05,1.23
27/08/20,36183.00,35368.00,36288.00,35284.00,0.07,0.41
28/08/20,35472.00,35661.00,35661.00,35242.00,0.04,-1.97
31/08/20,35995.00,35556.00,36497.00,35556.00,0.05,1.47
01/09/20,37208.00,37229.00,37417.00,36936.00,0.17,3.37
02/09/20,37104.00,37271.00,37313.00,37041.00,0.14,-0.28
03/09/20,36915.00,37104.00,37125.00,36706.00,0.25,-0.51
04/09/20,36644.00,36832.00,36915.00,36602.00,0.18,-0.74
07/09/20,36748.00,36706.00,36853.00,36644.00,0.1,0.29
08/09/20,36539.00,36811.00,36895.00,36393.00,0.23,-0.57
09/09/20,36476.00,36518.00,36644.00,36434.00,0.09,-0.17
10/09/20,36936.00,36581.00,37062.00,36497.00,0.22,1.26
11/09/20,37313.00,36895.00,37355.00,36665.00,0.16,1.02
14/09/20,37480.00,37250.00,37606.00,36832.00,0.27,0.45
15/09/20,37606.00,37543.00,37752.00,37438.00,0.27,0.33
16/09/20,37710.00,37710.00,37794.00,37522.00,0.23,0.28
17/09/20,37606.00,37731.00,37731.00,37438.00,0.17,-0.28
18/09/20,37397.00,37543.00,37585.00,37334.00,0.07,-0.56
21/09/20,37417.00,37627.00,37648.00,37271.00,0.24,0.06
22/09/20,37794.00,37438.00,37857.00,37334.00,0.18,1.01
23/09/20,37668.00,37815.00,37815.00,37480.00,0.14,-0.33
24/09/20,37773.00,37606.00,37815.00,37501.00,0.15,0.28
25/09/20,37710.00,37794.00,37857.00,37543.00,0.15,-0.17
28/09/20,37982.00,37397.00,38024.00,37397.00,0.31,0.72
29/09/20,37857.00,37919.00,37961.00,37710.00,0.15,-0.33
30/09/20,38087.00,37815.00,38149.00,37815.00,0.14,0.61
01/10/20,38149.00,38066.00,38170.00,38003.00,0.22,0.16
05/10/20,38380.00,38170.00,38442.00,37773.00,0.21,0.60
06/10/20,38254.00,38275.00,38275.00,38045.00,0.13,-0.33
07/10/20,38380.00,38296.00,38463.00,38191.00,0.25,0.33
08/10/20,38651.00,38421.00,38735.00,38421.00,0.21,0.71
09/10/20,38923.00,38693.00,39007.00,38589.00,0.2,0.70
12/10/20,39614.00,39028.00,39697.00,39028.00,0.3,1.77
13/10/20,39634.00,39718.00,39927.00,39425.00,0.24,0.05
14/10/20,39990.00,39655.00,40199.00,39614.00,0.22,0.90
15/10/20,39927.00,39990.00,39990.00,39760.00,0.16,-0.16
16/10/20,40471.00,39948.00,40555.00,39885.00,0.22,1.36
19/10/20,41517.00,41391.00,41684.00,41036.00,0.28,2.58
20/10/20,41015.00,41517.00,41684.00,40931.00,0.32,-1.21
21/10/20,41412.00,40827.00,41517.00,40827.00,0.35,0.97
22/10/20,41496.00,41496.00,41580.00,41203.00,0.13,0.20
23/10/20,41475.00,41329.00,41621.00,40931.00,0.26,-0.05
26/10/20,40262.00,41329.00,41538.00,40241.00,0.12,-2.92
27/10/20,40597.00,40471.00,40994.00,40471.00,0.09,0.83
28/10/20,41057.00,41412.00,41412.00,40785.00,0.04,1.13
29/10/20,40743.00,40722.00,40785.00,40722.00,0.01,-0.76
30/10/20,40074.00,40220.00,40513.00,40074.00,0.04,-1.64
02/11/20,40597.00,40387.00,40722.00,39969.00,0.82,1.30
03/11/20,41099.00,40555.00,41245.00,40450.00,0.52,1.24
04/11/20,41119.00,41224.00,41391.00,40994.00,0.61,0.05
05/11/20,41350.00,41161.00,41454.00,41119.00,0.37,0.56
06/11/20,41140.00,41350.00,41454.00,40889.00,0.35,-0.51
09/11/20,41517.00,41287.00,41621.00,41203.00,0.43,0.92
10/11/20,41496.00,41454.00,41601.00,41329.00,0.19,-0.05
11/11/20,41559.00,41496.00,41726.00,41433.00,0.33,0.15
12/11/20,41350.00,41433.00,41454.00,41224.00,0.24,-0.50
13/11/20,41203.00,41245.00,41308.00,41036.00,0.17,-0.35
14/11/20,41329.00,41308.00,41370.00,41245.00,0.08,0.30
16/11/20,41789.00,41517.00,41935.00,41517.00,0.36,1.11
17/11/20,41684.00,41726.00,41747.00,41538.00,0.4,-0.25
18/11/20,41684.00,41517.00,41705.00,41517.00,0.31,0.00
19/11/20,41872.00,41726.00,42019.00,41580.00,0.96,0.45
20/11/20,42123.00,41914.00,42416.00,41810.00,0.88,0.60
23/11/20,41956.00,42542.00,42625.00,41538.00,1.22,-0.40
24/11/20,41496.00,41747.00,41893.00,41308.00,0.17,-1.10
25/11/20,41935.00,41663.00,42040.00,41663.00,0.08,1.06
26/11/20,41517.00,41747.00,41831.00,41203.00,0.05,-1.00
27/11/20,41287.00,41287.00,41287.00,41287.00,0.01,-0.55
30/11/20,41956.00,42082.00,42165.00,41893.00,0.21,1.62
01/12/20,41956.00,41872.00,41998.00,41517.00,0.55,0.00
02/12/20,41621.00,41789.00,41810.00,41454.00,0.56,-0.80
03/12/20,41496.00,41621.00,41726.00,41308.00,0.53,-0.30
04/12/20,41580.00,41391.00,41810.00,41391.00,0.69,0.20
07/12/20,41350.00,41517.00,41601.00,41057.00,0.6,-0.55
08/12/20,41496.00,41663.00,41663.00,41245.00,0.48,0.35
09/12/20,41580.00,41454.00,41621.00,41350.00,0.37,0.20
10/12/20,42207.00,41726.00,42374.00,41663.00,1.06,1.51
11/12/20,41935.00,42416.00,42500.00,41831.00,0.85,-0.64
14/12/20,42374.00,42249.00,42458.00,42102.00,0.89,1.05
15/12/20,42333.00,42291.00,42542.00,42228.00,0.95,-0.10
16/12/20,42395.00,42542.00,42709.00,42333.00,0.66,0.15
17/12/20,42814.00,42542.00,42939.00,42312.00,1.26,0.99
18/12/20,43002.00,43232.00,43253.00,42876.00,0.6,0.44
21/12/20,41872.00,42876.00,42876.00,41642.00,1.85,-2.63
22/12/20,41893.00,41914.00,42082.00,41433.00,0.72,0.05
23/12/20,42542.00,41852.00,42625.00,41747.00,0.69,1.55
24/12/20,42458.00,42542.00,42730.00,42395.00,0.8,-0.20
28/12/20,42291.00,42270.00,42353.00,42102.00,0.04,-0.39
29/12/20,42353.00,42416.00,42416.00,42270.00,0.14,0.15
30/12/20,42646.00,42563.00,42667.00,42395.00,0.13,0.69
31/12/20,42876.00,42814.00,43044.00,42814.00,0.02,0.54
01/01/21,43399.00,43399.00,43462.00,42981.00,0.3,1.22
04/01/21,44257.00,43462.00,44361.00,43420.00,1.61,1.98
05/01/21,44236.00,44194.00,44340.00,43713.00,0.98,-0.05
06/01/21,44236.00,44382.00,44633.00,44152.00,1.41,0.00
07/01/21,44110.00,44173.00,44466.00,44027.00,0.97,-0.28
08/01/21,44048.00,44152.00,44403.00,44006.00,0.9,-0.14
11/01/21,43797.00,44027.00,44194.00,43567.00,1.64,-0.57
12/01/21,44069.00,44131.00,44173.00,44006.00,0.68,0.62
13/01/21,44675.00,44633.00,44863.00,44382.00,1.27,1.38
14/01/21,44466.00,44445.00,44591.00,44278.00,0.86,-0.47
15/01/21,44131.00,44278.00,44445.00,43922.00,1.07,-0.75
18/01/21,43964.00,44236.00,44257.00,43943.00,0.47,-0.38
19/01/21,44173.00,44089.00,44424.00,44089.00,0.89,0.48
20/01/21,44257.00,44048.00,44340.00,43964.00,1.02,0.19
21/01/21,44487.00,44424.00,44591.00,44361.00,1.74,0.52
22/01/21,44110.00,44278.00,44570.00,44069.00,2.28,-0.85
25/01/21,44194.00,44236.00,44257.00,44110.00,0.3,0.19
27/01/21,43859.00,44152.00,44152.00,43818.00,0.24,-0.76
28/01/21,43295.00,43336.00,43420.00,43106.00,0.23,-1.29
29/01/21,43420.00,43316.00,43797.00,43295.00,0.65,0.29
01/02/21,44110.00,44131.00,44424.00,43880.00,1.02,1.59
02/02/21,44089.00,44069.00,44194.00,43943.00,0.55,-0.05
03/02/21,44194.00,43985.00,44236.00,43985.00,0.52,0.24
04/02/21,44424.00,44131.00,44466.00,44131.00,1.12,0.52
05/02/21,44738.00,44675.00,44947.00,44654.00,1.17,0.71
08/02/21,44675.00,44968.00,44968.00,44570.00,1.19,-0.14
09/02/21,45072.00,44884.00,45156.00,44780.00,2.12,0.89
10/02/21,44759.00,44905.00,44947.00,44696.00,1.08,-0.70
11/02/21,44863.00,44717.00,44968.00,44654.00,0.91,0.23
12/02/21,44759.00,45052.00,45072.00,44759.00,1.3,-0.23
15/02/21,44842.00,44968.00,44989.00,44801.00,1.46,0.19
16/02/21,44905.00,45052.00,45156.00,44863.00,1.26,0.14
17/02/21,44863.00,44905.00,44968.00,44759.00,1,-0.09
18/02/21,45156.00,44926.00,45282.00,44863.00,1.69,0.65
19/02/21,45093.00,45093.00,45282.00,44968.00,1.88,-0.14
22/02/21,45282.00,45386.00,45428.00,45240.00,2.97,0.42
23/02/21,45407.00,45428.00,45533.00,45386.00,0.35,0.28
24/02/21,45386.00,45428.00,45428.00,45219.00,0.28,-0.05
25/02/21,46202.00,45700.00,46265.00,45679.00,0.18,1.80
26/02/21,45261.00,45784.00,45804.00,44968.00,0.06,-2.04
01/03/21,46599.00,46076.00,46767.00,46035.00,2.05,2.96
02/03/21,46662.00,46432.00,47143.00,46348.00,1.14,0.13
03/03/21,46411.00,46704.00,46850.00,46348.00,1.12,-0.54
04/03/21,46390.00,46223.00,46432.00,46014.00,1.62,-0.05
05/03/21,46327.00,46160.00,46348.00,45763.00,1.46,-0.14
08/03/21,46516.00,46411.00,46620.00,46411.00,0.96,0.41
09/03/21,46181.00,46516.00,46557.00,46118.00,0.89,-0.72
10/03/21,45846.00,46014.00,46014.00,45428.00,1.57,-0.72
11/03/21,46244.00,46181.00,46369.00,46097.00,0.54,0.87
12/03/21,46055.00,46223.00,46348.00,45909.00,1.39,-0.41
15/03/21,46223.00,46014.00,46369.00,45804.00,1.32,0.36
16/03/21,46369.00,46118.00,46725.00,46097.00,1.35,0.32
17/03/21,46055.00,46390.00,46599.00,45930.00,1.22,-0.68
18/03/21,45825.00,46035.00,46181.00,45637.00,1.39,-0.50
19/03/21,45198.00,45972.00,45972.00,45093.00,1.4,-1.37
22/03/21,44487.00,45072.00,45072.00,44257.00,1.78,-1.57
23/03/21,44278.00,44424.00,44633.00,44215.00,1.48,-0.47
24/03/21,43504.00,43838.00,43922.00,43441.00,1.21,-1.75
25/03/21,42625.00,43399.00,43567.00,42479.00,1.49,-2.02
26/03/21,42353.00,42144.00,43441.00,42144.00,0.06,-0.64
29/03/21,43504.00,43504.00,43504.00,43504.00,0,2.72
30/03/21,44466.00,43608.00,44529.00,43608.00,0.13,2.21
31/03/21,44591.00,44466.00,44696.00,44194.00,0.03,0.28
01/04/21,44466.00,45177.00,45303.00,44340.00,1.55,-0.28
05/04/21,44926.00,44884.00,45031.00,44529.00,1.09,1.03
06/04/21,45114.00,45031.00,45219.00,44675.00,1.35,0.42
07/04/21,45198.00,45072.00,45470.00,44424.00,1.57,0.19
08/04/21,45888.00,45177.00,45972.00,45177.00,1.8,1.53
09/04/21,45700.00,45846.00,46097.00,45637.00,1.53,-0.41
12/04/21,44675.00,45344.00,45616.00,44591.00,1.59,-2.24
13/04/21,44863.00,44633.00,44947.00,44340.00,0.93,0.42
14/04/21,45344.00,44989.00,45428.00,44989.00,0.73,1.07
15/04/21,45554.00,45177.00,45867.00,45177.00,1.69,0.46
16/04/21,44842.00,45533.00,45804.00,44717.00,1.32,-1.56
19/04/21,44591.00,45303.00,45303.00,44424.00,1.47,-0.56
20/04/21,44403.00,44550.00,44696.00,44361.00,1.51,-0.42
21/04/21,44110.00,44236.00,44257.00,43106.00,1.14,-0.66
22/04/21,44361.00,44445.00,44508.00,44257.00,1.63,0.57
23/04/21,45072.00,44445.00,45114.00,44445.00,1.61,1.60
26/04/21,44968.00,45072.00,45303.00,44821.00,1.6,-0.23
27/04/21,45470.00,45219.00,45763.00,45219.00,0.27,1.12
28/04/21,45323.00,45721.00,45742.00,45156.00,0.07,-0.32
29/04/21,45156.00,44968.00,45763.00,44968.00,0.09,-0.37
30/04/21,44905.00,45093.00,46767.00,44780.00,0.11,-0.56
03/05/21,45616.00,45010.00,45804.00,45010.00,0.82,1.58
04/05/21,45407.00,45323.00,45512.00,45303.00,0.6,-0.46
05/05/21,45491.00,45428.00,45554.00,45261.00,1.11,0.18
06/05/21,45700.00,45470.00,45846.00,45470.00,1.24,0.46
07/05/21,45637.00,45867.00,46055.00,45616.00,1.55,-0.14
10/05/21,45742.00,45637.00,46202.00,45637.00,2.16,0.23
11/05/21,46035.00,45742.00,46097.00,45742.00,0.36,0.64
12/05/21,46411.00,46118.00,46892.00,46118.00,1.72,0.82
13/05/21,46557.00,46202.00,46704.00,46097.00,0.38,0.32
14/05/21,46118.00,46223.00,46327.00,45679.00,1,-0.94
17/05/21,46118.00,45909.00,46474.00,45909.00,0.77,0.00
18/05/21,46411.00,46306.00,46641.00,46181.00,1.04,0.63
19/05/21,46055.00,46348.00,46495.00,45867.00,1.92,-0.77
20/05/21,46055.00,45930.00,46453.00,45846.00,1.31,0.00
21/05/21,46223.00,46202.00,46390.00,46181.00,0.96,0.36
24/05/21,46453.00,46432.00,46641.00,46265.00,1.66,0.50
25/05/21,47143.00,46578.00,47771.00,46578.00,1.85,1.49
26/05/21,47101.00,47373.00,47373.00,46955.00,0.31,-0.09
27/05/21,47875.00,47227.00,47896.00,47185.00,0.21,1.64
28/05/21,48126.00,48042.00,48293.00,47896.00,0.23,0.52
31/05/21,48607.00,48419.00,48837.00,48419.00,0.1,1.00
01/06/21,49590.00,49360.00,49716.00,48942.00,1.13,2.02
02/06/21,49632.00,49465.00,49841.00,49381.00,0.81,0.08
03/06/21,49548.00,49778.00,50071.00,49360.00,0.96,-0.17
04/06/21,50050.00,49423.00,50197.00,49172.00,1.28,1.01
07/06/21,50991.00,50259.00,51222.00,50259.00,3.22,1.88
08/06/21,51117.00,51033.00,51222.00,50657.00,1.2,0.25
09/06/21,51242.00,51201.00,51389.00,51096.00,1.21,0.25
10/06/21,50657.00,51222.00,51368.00,50113.00,2.16,-1.14
11/06/21,50071.00,50761.00,50761.00,49402.00,1.61,-1.16
14/06/21,49590.00,50510.00,50720.00,49297.00,0.95,-0.96
15/06/21,50301.00,49444.00,50615.00,49193.00,1.31,1.43
16/06/21,50134.00,50406.00,50510.00,49778.00,0.39,-0.33
17/06/21,49737.00,49862.00,50029.00,49465.00,0.7,-0.79
18/06/21,49611.00,50029.00,50029.00,49339.00,0.5,-0.25
21/06/21,49799.00,49632.00,49883.00,49486.00,0.56,0.38
22/06/21,49967.00,49841.00,50029.00,49716.00,1.46,0.34
23/06/21,50636.00,49925.00,50741.00,49925.00,1.43,1.34
24/06/21,50782.00,50636.00,51201.00,50552.00,0.73,0.29
25/06/21,51075.00,51138.00,51389.00,50908.00,0.01,0.58
28/06/21,51138.00,51410.00,51431.00,50824.00,0.02,0.12
29/06/21,51368.00,51242.00,51661.00,51242.00,0,0.45
30/06/21,52184.00,51661.00,52497.00,51661.00,0.01,1.59
01/07/21,51912.00,51473.00,51954.00,51263.00,0.65,-0.52
02/07/21,51849.00,51954.00,52016.00,51598.00,0.36,-0.12
05/07/21,52142.00,51975.00,52184.00,51870.00,0.51,0.56
06/07/21,52539.00,52539.00,52999.00,51975.00,2.1,0.76
07/07/21,52623.00,52686.00,53083.00,52456.00,1.77,0.16
08/07/21,52644.00,52686.00,52874.00,52476.00,1.04,0.04
09/07/21,52727.00,54087.00,54087.00,52539.00,0.58,0.16
12/07/21,52686.00,52895.00,53062.00,52372.00,0.5,-0.08
13/07/21,52686.00,52665.00,52790.00,52560.00,0.61,0.00
14/07/21,53334.00,52790.00,53418.00,52727.00,1.56,1.23
15/07/21,53501.00,53480.00,53690.00,53250.00,1.01,0.31
16/07/21,54171.00,53585.00,54254.00,53480.00,1.53,1.25
19/07/21,53585.00,54045.00,54422.00,53376.00,1.48,-1.08
20/07/21,54317.00,53878.00,54422.00,53669.00,1.24,1.37
21/07/21,54924.00,54568.00,55007.00,54568.00,0.41,1.12
22/07/21,55656.00,54903.00,56241.00,54903.00,1,1.33
23/07/21,55677.00,56053.00,56095.00,55342.00,1.21,0.04
26/07/21,55635.00,55677.00,56178.00,55007.00,0.68,-0.08
27/07/21,56137.00,56074.00,56220.00,56074.00,0.09,0.90
28/07/21,56639.00,56471.00,56869.00,56471.00,0.03,0.89
29/07/21,56994.00,57371.00,57371.00,56074.00,0.02,0.63
30/07/21,56890.00,56890.00,56890.00,56848.00,0,-0.18
02/08/21,57057.00,57454.00,58207.00,56931.00,0.96,0.29
03/08/21,56283.00,57392.00,57392.00,56137.00,0.73,-1.36
04/08/21,56555.00,56471.00,56785.00,56346.00,0.53,0.48
05/08/21,56074.00,56555.00,56555.00,55865.00,0.89,-0.85
06/08/21,56534.00,56095.00,56785.00,55990.00,0.83,0.82
09/08/21,55258.00,56911.00,56911.00,54275.00,1.32,-2.26
10/08/21,54840.00,55342.00,55823.00,54171.00,1.6,-0.76
11/08/21,54610.00,54819.00,55321.00,54443.00,0.95,-0.42
12/08/21,54401.00,54631.00,54798.00,54359.00,0.71,-0.38
13/08/21,55530.00,54693.00,55697.00,54422.00,1.22,2.08
16/08/21,55112.00,55802.00,56388.00,54714.00,0.95,-0.75
17/08/21,55677.00,55530.00,55781.00,55070.00,0.97,1.02
18/08/21,55112.00,55384.00,56283.00,55007.00,1.03,-1.01
19/08/21,54568.00,54903.00,54903.00,54359.00,0.52,-0.99
20/08/21,53899.00,54192.00,54673.00,53710.00,0.76,-1.23
23/08/21,53941.00,54003.00,54171.00,53773.00,0.76,0.08
24/08/21,53627.00,53648.00,53752.00,52999.00,1.08,-0.58
25/08/21,54275.00,53794.00,54568.00,53418.00,0.83,1.21
26/08/21,55467.00,54840.00,55635.00,54840.00,0.08,2.20
27/08/21,55635.00,55216.00,57371.00,55216.00,0.08,0.30
30/08/21,55426.00,54589.00,55781.00,54589.00,0.07,-0.38
31/08/21,54735.00,55237.00,55426.00,53982.00,0.22,-1.25
01/09/21,53334.00,52853.00,53564.00,52707.00,0.52,-2.56
02/09/21,53229.00,53355.00,53459.00,52644.00,0.5,-0.20
03/09/21,54024.00,53188.00,54087.00,52999.00,0.36,1.49
06/09/21,53752.00,53794.00,54254.00,53459.00,0.26,-0.50
07/09/21,53731.00,53606.00,53899.00,53418.00,0.31,-0.04
08/09/21,54108.00,53710.00,54212.00,53710.00,0.38,0.70
09/09/21,54108.00,54317.00,54317.00,54003.00,0.24,0.00
10/09/21,53836.00,53961.00,54108.00,52727.00,0.19,-0.50
13/09/21,53585.00,53648.00,53648.00,53250.00,0.31,-0.47
14/09/21,53585.00,53522.00,53606.00,53397.00,0.15,0.00
15/09/21,53543.00,53522.00,53585.00,53439.00,0.17,-0.08
16/09/21,53564.00,53459.00,53941.00,53459.00,0.22,0.04
17/09/21,53543.00,53543.00,53627.00,53334.00,0.11,-0.04
20/09/21,52623.00,53439.00,53648.00,52414.00,0.71,-1.72
21/09/21,53020.00,52560.00,53439.00,52456.00,0.53,0.76
22/09/21,53167.00,53146.00,53271.00,53041.00,0.15,0.28
23/09/21,53982.00,53146.00,54171.00,53062.00,0.45,1.53
24/09/21,55488.00,54171.00,55697.00,53669.00,0.82,2.79
27/09/21,56701.00,56450.00,57161.00,56199.00,1.43,2.19
28/09/21,57412.00,56994.00,57663.00,56409.00,1,1.25
29/09/21,58877.00,57329.00,60152.00,57141.00,1.87,2.55
30/09/21,58856.00,59776.00,59922.00,58772.00,0.93,-0.04
01/10/21,60257.00,59190.00,60843.00,58939.00,0.97,2.38
04/10/21,59148.00,60278.00,60299.00,58291.00,1.43,-1.84
05/10/21,61407.00,59253.00,61512.00,59232.00,1.51,3.82
06/10/21,62474.00,62620.00,64712.00,62160.00,2.39,1.74
07/10/21,62579.00,63332.00,64398.00,61449.00,2.05,0.17
08/10/21,64900.00,63792.00,65883.00,63792.00,2.12,3.71
11/10/21,63729.00,64628.00,64628.00,63290.00,1.29,-1.80
12/10/21,63896.00,63185.00,64816.00,63185.00,0.88,0.26
13/10/21,62265.00,62767.00,63122.00,61596.00,1.34,-2.55
14/10/21,63039.00,62955.00,63582.00,62537.00,0.87,1.24
15/10/21,63854.00,65549.00,65549.00,63750.00,0.72,1.29
18/10/21,63917.00,64607.00,65360.00,63813.00,0.98,0.10
19/10/21,64022.00,63896.00,64335.00,63039.00,1.02,0.16
20/10/21,65339.00,63917.00,65883.00,63436.00,0.84,2.06
21/10/21,65486.00,65862.00,66845.00,64942.00,0.7,0.22
22/10/21,65883.00,65569.00,66134.00,64837.00,0.83,0.61
25/10/21,66594.00,68226.00,68226.00,66197.00,0.65,1.08
26/10/21,66950.00,66720.00,67368.00,66720.00,0.1,0.53
27/10/21,67138.00,67849.00,67849.00,66720.00,0.2,0.28
28/10/21,68393.00,67766.00,68644.00,67515.00,0.08,1.87
29/10/21,69104.00,68790.00,69857.00,68790.00,0.19,1.04
01/11/21,70673.00,68874.00,70756.00,68832.00,2.18,2.27
02/11/21,69815.00,70589.00,70798.00,69606.00,2.05,-1.21
03/11/21,69271.00,69439.00,70296.00,68602.00,1.63,-0.78
04/11/21,69188.00,69146.00,69397.00,68811.00,0.32,-0.12
05/11/21,68372.00,69020.00,69271.00,67996.00,0.52,-1.18
08/11/21,68288.00,67975.00,68749.00,67598.00,1.37,-0.12
09/11/21,67452.00,68058.00,68205.00,66322.00,1.59,-1.23
10/11/21,68832.00,67891.00,69062.00,67766.00,1.7,2.05
11/11/21,67933.00,68686.00,68790.00,67326.00,1.5,-1.31
12/11/21,67682.00,66615.00,68539.00,66615.00,1.2,-0.37
15/11/21,66427.00,67556.00,67577.00,66009.00,1.43,-1.85
16/11/21,66113.00,66741.00,67222.00,66071.00,1.15,-0.47
17/11/21,65067.00,65674.00,67285.00,64377.00,2.05,-1.58
18/11/21,65904.00,65465.00,66720.00,64942.00,1.87,1.29
19/11/21,66511.00,65590.00,66636.00,65381.00,0.53,0.92
22/11/21,66950.00,66218.00,67703.00,66197.00,0.99,0.66
23/11/21,66532.00,67075.00,67075.00,65716.00,1.26,-0.62
24/11/21,66971.00,66594.00,67201.00,66532.00,1.34,0.66
25/11/21,67849.00,66929.00,67975.00,66866.00,0.33,1.31
26/11/21,65695.00,67954.00,68184.00,65465.00,0.24,-3.18
29/11/21,65653.00,65904.00,65925.00,64796.00,0.28,-0.06
30/11/21,64189.00,64315.00,65214.00,64147.00,0.14,-2.23
01/12/21,64628.00,64524.00,65611.00,64105.00,2.21,0.68
02/12/21,63311.00,64315.00,64503.00,62892.00,2.62,-2.04
03/12/21,64775.00,63687.00,64921.00,63541.00,1.88,2.31
06/12/21,65800.00,64691.00,65946.00,64691.00,1.67,1.58
07/12/21,65904.00,65988.00,66281.00,65611.00,1.31,0.16
08/12/21,65716.00,65862.00,65883.00,65256.00,1.42,-0.29
09/12/21,65528.00,65800.00,66050.00,65067.00,1.03,-0.29
10/12/21,65277.00,65465.00,65528.00,65172.00,0.91,-0.38
13/12/21,65716.00,65695.00,65904.00,65590.00,0.73,0.67
14/12/21,65820.00,65402.00,65904.00,65298.00,1.07,0.16
15/12/21,66050.00,65590.00,66113.00,65402.00,0.93,0.35
16/12/21,66992.00,66218.00,67117.00,66218.00,1.62,1.42
17/12/21,66845.00,67389.00,67786.00,66636.00,1.96,-0.22
20/12/21,65904.00,66657.00,66699.00,65779.00,1.62,-1.41
21/12/21,66448.00,66490.00,66783.00,66092.00,1.06,0.83
22/12/21,67452.00,66803.00,67535.00,66552.00,1.33,1.51
23/12/21,67703.00,67535.00,67766.00,67201.00,1.42,0.37
24/12/21,68288.00,67661.00,68351.00,67243.00,1.78,0.86
27/12/21,68958.00,68414.00,69125.00,68017.00,1.18,0.98
28/12/21,69920.00,69209.00,70254.00,69209.00,0.13,1.40
29/12/21,69711.00,69439.00,69878.00,69125.00,0.18,-0.30
30/12/21,70108.00,70631.00,70652.00,70045.00,0.13,0.57
31/12/21,70924.00,70380.00,71007.00,70275.00,0.1,1.16
03/01/22,72785.00,71739.00,73099.00,71593.00,3.21,2.62
04/01/22,75421.00,72806.00,75692.00,72722.00,4.04,3.62
05/01/22,72953.00,75002.00,76111.00,72430.00,5.92,-3.27
06/01/22,74438.00,71593.00,75170.00,71154.00,3.8,2.04
07/01/22,74040.00,74605.00,75923.00,73413.00,3.64,-0.53
10/01/22,72660.00,74626.00,74877.00,72367.00,3.04,-1.86
11/01/22,72764.00,72618.00,73580.00,72074.00,2.43,0.14
12/01/22,74207.00,73120.00,74312.00,72869.00,2.35,1.98
13/01/22,74124.00,74312.00,74751.00,73852.00,2.03,-0.11
14/01/22,74124.00,73224.00,74375.00,72513.00,1.73,0.00
17/01/22,75023.00,74626.00,75149.00,73977.00,2.01,1.21
18/01/22,75567.00,75190.00,75985.00,75002.00,2.65,0.72
19/01/22,77679.00,76320.00,77805.00,75902.00,3.42,2.80
20/01/22,76048.00,78056.00,78349.00,75462.00,2.63,-2.10
21/01/22,75421.00,75609.00,76090.00,74709.00,1.72,-0.83
24/01/22,75504.00,75588.00,76132.00,75379.00,1.78,0.11
25/01/22,76153.00,75525.00,76341.00,75483.00,0.23,0.86
27/01/22,76759.00,76341.00,76822.00,76006.00,0.25,0.80
28/01/22,76278.00,76341.00,76341.00,75734.00,0.2,-0.63
31/01/22,77575.00,77387.00,77742.00,77073.00,0.19,1.70
01/02/22,78830.00,78934.00,79457.00,78662.00,2.4,1.62
02/02/22,77742.00,79060.00,79227.00,77449.00,2.34,-1.38
03/02/22,78202.00,77617.00,78411.00,77282.00,1.34,0.59
04/02/22,78558.00,78767.00,79102.00,78140.00,1.53,0.45
07/02/22,78265.00,78056.00,78537.00,77951.00,1.17,-0.37
08/02/22,78704.00,77930.00,78809.00,77930.00,0.89,0.56
09/02/22,79206.00,78788.00,79290.00,78662.00,1.04,0.64
10/02/22,79813.00,78955.00,79959.00,78662.00,2.25,0.77
11/02/22,80482.00,79478.00,80628.00,79374.00,2.01,0.84
14/02/22,79269.00,80168.00,80796.00,78997.00,1.81,-1.51
15/02/22,79604.00,79311.00,80126.00,79143.00,1.34,0.42
16/02/22,78788.00,79855.00,79855.00,78286.00,2.02,-1.02
17/02/22,78537.00,78809.00,79248.00,78432.00,1.74,-0.32
18/02/22,78892.00,78642.00,79039.00,78391.00,1.41,0.45
21/02/22,77366.00,78746.00,79102.00,76466.00,3.52,-1.94
22/02/22,76424.00,76466.00,77387.00,76236.00,2.68,-1.22
23/02/22,76968.00,76780.00,77136.00,76675.00,0.48,0.71
24/02/22,77533.00,76153.00,77805.00,76006.00,0.35,0.73
25/02/22,76006.00,77177.00,77177.00,75483.00,0.5,-1.97
28/02/22,75734.00,75504.00,75964.00,74689.00,0.22,-0.36
01/03/22,77282.00,76655.00,77387.00,76236.00,0.58,2.04
02/03/22,77847.00,77240.00,78077.00,77219.00,1.44,0.73
03/03/22,77470.00,78516.00,78516.00,77031.00,1.15,-0.48
04/03/22,77784.00,77491.00,77805.00,77010.00,0.73,0.40
07/03/22,77366.00,77387.00,77972.00,76655.00,1.88,-0.54
08/03/22,77721.00,77177.00,77763.00,76989.00,0.72,0.46
09/03/22,78223.00,77826.00,78788.00,77742.00,1.22,0.65
10/03/22,78830.00,78223.00,78851.00,78119.00,0.93,0.78
11/03/22,80231.00,80273.00,80315.00,78537.00,1.72,1.78
14/03/22,79583.00,79896.00,80482.00,79164.00,1.63,-0.81
15/03/22,79394.00,79478.00,79562.00,78600.00,1.37,-0.24
16/03/22,80168.00,79666.00,80440.00,79102.00,1.55,0.97
17/03/22,81110.00,80189.00,81151.00,80001.00,1.67,1.17
18/03/22,82009.00,81151.00,82155.00,81026.00,0.71,1.11
21/03/22,84330.00,82574.00,84498.00,82574.00,2.45,2.83
22/03/22,83159.00,84226.00,84226.00,82657.00,1.71,-1.39
23/03/22,84602.00,84059.00,85313.00,83285.00,2.2,1.74
24/03/22,84623.00,84268.00,85000.00,83619.00,1.24,0.02
25/03/22,86715.00,84979.00,86798.00,84770.00,0.93,2.47
28/03/22,86778.00,88304.00,89308.00,86380.00,0.75,0.07
29/03/22,87280.00,87029.00,88137.00,86945.00,0.44,0.58
30/03/22,88618.00,86527.00,88890.00,86317.00,0.47,1.53
31/03/22,89957.00,88890.00,90145.00,88890.00,0.04,1.51
01/04/22,88158.00,88053.00,89873.00,87489.00,1.66,-2.00
04/04/22,89287.00,88367.00,89413.00,88053.00,1.59,1.28
05/04/22,89957.00,89308.00,90668.00,89162.00,1.66,0.75
06/04/22,91379.00,90438.00,91923.00,89685.00,2.55,1.58
07/04/22,91149.00,90940.00,92236.00,90354.00,2.03,-0.25
08/04/22,90459.00,90668.00,91128.00,89957.00,1.51,-0.76
11/04/22,90542.00,90459.00,90647.00,89162.00,1.57,0.09
12/04/22,92425.00,90982.00,92655.00,90961.00,1.56,2.08
13/04/22,91212.00,92236.00,93533.00,90731.00,2.14,-1.31
14/04/22,92132.00,92822.00,94119.00,91797.00,1.04,1.01
18/04/22,93031.00,93261.00,93491.00,92843.00,0.93,0.98
19/04/22,91944.00,94056.00,94056.00,91651.00,1.53,-1.17
20/04/22,93429.00,92174.00,93512.00,91881.00,0.93,1.62
21/04/22,93157.00,92404.00,93638.00,92362.00,0.76,-0.29
22/04/22,92843.00,92111.00,93345.00,92111.00,1.87,-0.34
25/04/22,91525.00,92278.00,92425.00,91379.00,0.98,-1.42
26/04/22,92425.00,91421.00,92508.00,91421.00,0.15,0.98
27/04/22,93345.00,92550.00,93701.00,92467.00,0.34,1.00
28/04/22,94182.00,94119.00,94851.00,93701.00,0.06,0.90
29/04/22,95541.00,96210.00,96210.00,94851.00,0.1,1.44
02/05/22,95562.00,95165.00,95855.00,94935.00,0.93,0.02
03/05/22,95478.00,96461.00,96817.00,95374.00,0.49,-0.09
04/05/22,96712.00,95583.00,97570.00,95227.00,1.06,1.29
05/05/22,97340.00,97193.00,98427.00,97131.00,1.18,0.65
06/05/22,97612.00,97005.00,98197.00,95918.00,0.88,0.28
09/05/22,99306.00,97779.00,100122.00,97277.00,1.11,1.74
10/05/22,99222.00,98992.00,100372.00,98678.00,1.06,-0.08
11/05/22,99871.00,98971.00,99996.00,98908.00,0.7,0.65
12/05/22,101732.00,100080.00,102067.00,99850.00,1.28,1.86
13/05/22,101732.00,101606.00,103050.00,101439.00,1.02,0.00
16/05/22,104514.00,102882.00,104681.00,102485.00,1.35,2.73
17/05/22,103217.00,105078.00,105267.00,102276.00,1.58,-1.24
18/05/22,102631.00,101899.00,104221.00,101899.00,0.62,-0.57
19/05/22,103280.00,102652.00,103531.00,101042.00,1.24,0.63
20/05/22,101021.00,103405.00,103844.00,99306.00,1.07,-2.19
23/05/22,101251.00,99996.00,101376.00,99871.00,0.38,0.23
24/05/22,100540.00,100812.00,101230.00,100226.00,0.57,-0.70
25/05/22,100812.00,100080.00,101293.00,98908.00,0.61,0.27
26/05/22,100226.00,102631.00,102631.00,99933.00,0.13,-0.58
27/05/22,101586.00,101711.00,102046.00,100393.00,0.07,1.36
30/05/22,101648.00,101439.00,102067.00,101418.00,0.08,0.06
31/05/22,102820.00,102067.00,103531.00,101648.00,0.1,1.15
01/06/22,94684.00,95750.00,96399.00,94265.00,1.08,-7.91
02/06/22,95959.00,94035.00,96210.00,91797.00,1.69,1.35
03/06/22,96670.00,96022.00,97674.00,94746.00,1.26,0.74
06/06/22,96796.00,96524.00,97465.00,96315.00,0.63,0.13
07/06/22,94725.00,96315.00,96524.00,94119.00,0.62,-2.14
08/06/22,95750.00,95499.00,95918.00,94642.00,0.57,1.08
09/06/22,96963.00,96294.00,97110.00,95687.00,0.64,1.27
10/06/22,98239.00,97842.00,99097.00,96880.00,1.16,1.32
13/06/22,97465.00,97277.00,97800.00,96838.00,0.41,-0.79
14/06/22,98114.00,97423.00,98553.00,97423.00,0.36,0.67
15/06/22,97925.00,97884.00,98344.00,97465.00,0.4,-0.19
16/06/22,98762.00,98302.00,99494.00,98072.00,0.53,0.85
17/06/22,98846.00,98511.00,99306.00,97967.00,0.43,0.08
20/06/22,98155.00,97277.00,98511.00,96524.00,0.63,-0.70
21/06/22,97758.00,97465.00,98302.00,97465.00,0.71,-0.40
22/06/22,95018.00,97256.00,97403.00,94830.00,1.06,-2.80
23/06/22,92425.00,94014.00,94955.00,91609.00,0.84,-2.73
24/06/22,92655.00,89852.00,95123.00,89852.00,0.57,0.25
27/06/22,97591.00,92027.00,98197.00,92027.00,0.04,5.33
28/06/22,103426.00,101335.00,103426.00,100393.00,0.19,5.98
29/06/22,107756.00,107484.00,109617.00,105727.00,0.12,4.19
30/06/22,106480.00,106668.00,108760.00,103573.00,0.11,-1.18
01/07/22,86694.00,88534.00,89455.00,86004.00,0.71,-18.58
04/07/22,85502.00,86798.00,86798.00,85000.00,0.56,-1.38
05/07/22,85293.00,84310.00,86987.00,84310.00,0.63,-0.24
06/07/22,85418.00,84749.00,86464.00,84728.00,0.38,0.15
07/07/22,87280.00,85439.00,87970.00,85439.00,0.72,2.18
08/07/22,89120.00,86945.00,89413.00,86464.00,0.62,2.11
11/07/22,91128.00,88890.00,92676.00,88493.00,0.79,2.25
12/07/22,88681.00,92027.00,92550.00,88472.00,0.67,-2.69
13/07/22,88137.00,88534.00,88785.00,86589.00,0.65,-0.61
14/07/22,86485.00,87719.00,88367.00,86192.00,0.39,-1.87
15/07/22,88765.00,87112.00,89727.00,86589.00,0.39,2.64
18/07/22,90019.00,89727.00,90647.00,89308.00,0.4,1.41
19/07/22,90249.00,88995.00,90438.00,88618.00,0.24,0.26
20/07/22,90563.00,90668.00,90772.00,89517.00,0.31,0.35
21/07/22,91944.00,90982.00,92236.00,90145.00,0.34,1.52
22/07/22,93450.00,91483.00,94495.00,91483.00,0.45,1.64
25/07/22,90982.00,93199.00,94328.00,89936.00,0.51,-2.64
26/07/22,89999.00,92467.00,92864.00,89936.00,0.08,-1.08
27/07/22,92487.00,93261.00,94537.00,91818.00,0.15,2.77
28/07/22,93638.00,94119.00,95165.00,93031.00,0.15,1.24
29/07/22,91881.00,94098.00,94433.00,91400.00,0.11,-1.88
01/08/22,93680.00,93429.00,94014.00,92027.00,0.23,1.96
02/08/22,96901.00,93805.00,97423.00,93512.00,0.48,3.44
03/08/22,100101.00,97779.00,100498.00,97172.00,0.46,3.30
04/08/22,97925.00,99975.00,103008.00,96545.00,0.57,-2.17
05/08/22,98950.00,98992.00,99452.00,97779.00,0.31,1.05
08/08/22,100017.00,100101.00,100247.00,98804.00,0.11,1.08
09/08/22,101084.00,100603.00,102004.00,99850.00,0.08,1.07
10/08/22,102276.00,100958.00,102485.00,100958.00,0.17,1.18
11/08/22,102610.00,102485.00,102924.00,101460.00,0.14,0.33
12/08/22,101627.00,102171.00,103008.00,100812.00,0.17,-0.96
16/08/22,103656.00,103656.00,103656.00,103656.00,0.03,2.00
17/08/22,104367.00,105727.00,105727.00,103782.00,0.16,0.69
18/08/22,105706.00,105099.00,106438.00,105099.00,0.12,1.28
19/08/22,105078.00,105622.00,105831.00,104263.00,0.08,-0.59
22/08/22,103740.00,106668.00,106856.00,103175.00,0.31,-1.27
23/08/22,103761.00,104576.00,104576.00,102276.00,0.16,0.02
24/08/22,103238.00,105058.00,105831.00,103217.00,0.17,-0.50
25/08/22,102527.00,104367.00,104367.00,102485.00,0.08,-0.69
26/08/22,102318.00,102590.00,102694.00,102129.00,0.1,-0.20
29/08/22,102422.00,102067.00,104346.00,101230.00,0.07,0.10
30/08/22,102590.00,103531.00,103531.00,101648.00,0.16,0.16
31/08/22,80294.00,78955.00,80712.00,78955.00,0.08,-21.73
01/09/22,79520.00,79813.00,80085.00,79332.00,0.13,-0.96
02/09/22,78809.00,78851.00,79374.00,78662.00,0.14,-0.89
05/09/22,76278.00,78432.00,78432.00,75672.00,0.3,-3.21
06/09/22,76278.00,76341.00,76592.00,75818.00,0.09,0.00
07/09/22,76236.00,76299.00,77177.00,75839.00,0.2,-0.05
08/09/22,77366.00,75881.00,77596.00,75881.00,0.15,1.48
09/09/22,77052.00,77596.00,78014.00,76947.00,0.16,-0.41
12/09/22,76445.00,76655.00,77366.00,75943.00,0.21,-0.79
13/09/22,74040.00,75964.00,76320.00,73956.00,0.24,-3.15
14/09/22,72618.00,73977.00,73977.00,72409.00,0.28,-1.92
15/09/22,72806.00,72367.00,73287.00,72158.00,0.16,0.26
16/09/22,69899.00,71844.00,72221.00,69899.00,0.38,-3.99
19/09/22,67870.00,69230.00,69439.00,67745.00,0.56,-2.90
20/09/22,68435.00,67891.00,69836.00,67849.00,0.28,0.83
21/09/22,69543.00,68017.00,70024.00,67556.00,0.29,1.62
22/09/22,68623.00,69334.00,69941.00,68602.00,0.32,-1.32
23/09/22,67745.00,68560.00,69041.00,67515.00,0.34,-1.28
26/09/22,67766.00,67577.00,68456.00,67305.00,0.26,0.03
27/09/22,66448.00,67682.00,67682.00,66155.00,0.41,-1.94
28/09/22,65339.00,65674.00,66071.00,64043.00,0.57,-1.67
29/09/22,64398.00,65339.00,65339.00,63854.00,0.39,-1.44
30/09/22,64942.00,64001.00,65779.00,63980.00,0.26,0.84
03/10/22,65883.00,64524.00,66406.00,64524.00,0.37,1.45
04/10/22,68519.00,67556.00,68519.00,65904.00,0.4,4.00
05/10/22,67034.00,67159.00,68602.00,66783.00,0.13,-2.17
06/10/22,68435.00,67577.00,69711.00,67577.00,0.36,2.09
07/10/22,69732.00,68916.00,70485.00,68916.00,0.32,1.89
10/10/22,72492.00,71907.00,72513.00,70192.00,0.32,3.96
11/10/22,71593.00,73831.00,73831.00,71049.00,0.37,-1.24
12/10/22,68811.00,73162.00,73162.00,68749.00,0.29,-3.89
13/10/22,66783.00,67954.00,68330.00,66406.00,0.49,-2.95
14/10/22,68079.00,67933.00,68184.00,66929.00,0.24,1.94
17/10/22,69669.00,68393.00,70610.00,66950.00,0.19,2.33
18/10/22,69815.00,69041.00,70589.00,69020.00,0.11,0.21
19/10/22,69292.00,71112.00,71112.00,69230.00,0.1,-0.75
20/10/22,69104.00,68686.00,69857.00,68247.00,0.1,-0.27
21/10/22,69669.00,68832.00,69857.00,68121.00,0.28,0.82
24/10/22,68686.00,67807.00,69000.00,67807.00,0.03,-1.41
25/10/22,69920.00,68393.00,70066.00,68393.00,0.16,1.80
26/10/22,69962.00,69962.00,70275.00,69857.00,0.02,0.06
27/10/22,68372.00,70694.00,70736.00,67807.00,0.14,-2.27
28/10/22,67034.00,67975.00,67975.00,66720.00,0.09,-1.96
31/10/22,64356.00,66929.00,67347.00,64356.00,0.04,-3.99
01/11/22,62202.00,59609.00,62202.00,59609.00,0.64,-3.35
02/11/22,64670.00,64084.00,64670.00,63332.00,1.07,3.97
03/11/22,64816.00,64210.00,65423.00,62976.00,0.78,0.23
04/11/22,67034.00,64335.00,67264.00,64335.00,0.92,3.42
07/11/22,66678.00,66092.00,67766.00,66092.00,0.59,-0.53
08/11/22,67452.00,66845.00,67724.00,66720.00,0.34,1.16
09/11/22,68707.00,66929.00,68979.00,66803.00,0.72,1.86
10/11/22,68456.00,68288.00,69020.00,67347.00,0.85,-0.37
11/11/22,69481.00,68498.00,69543.00,68247.00,0.73,1.50
14/11/22,68226.00,69711.00,70045.00,68100.00,0.85,-1.81
15/11/22,68644.00,68519.00,68769.00,67640.00,0.32,0.61
16/11/22,69669.00,68916.00,70422.00,68602.00,0.65,1.49
17/11/22,68539.00,68916.00,69648.00,67766.00,0.47,-1.62
18/11/22,67431.00,68581.00,68602.00,67347.00,0.31,-1.62
21/11/22,65486.00,66239.00,66385.00,65256.00,0.35,-2.88
22/11/22,66552.00,65883.00,66615.00,65674.00,0.32,1.63
23/11/22,66741.00,66615.00,67096.00,65339.00,0.54,0.28
24/11/22,69376.00,66824.00,69397.00,66824.00,0.37,3.95
25/11/22,68309.00,69648.00,70798.00,67975.00,0.18,-1.54
28/11/22,68581.00,67138.00,69020.00,66929.00,0.09,0.40
29/11/22,69209.00,69020.00,69857.00,68602.00,0.16,0.91
30/11/22,69920.00,69230.00,70171.00,69020.00,0.1,1.03
01/12/22,67724.00,66636.00,68121.00,66239.00,1.2,-3.14
02/12/22,66720.00,66720.00,68121.00,66343.00,0.77,-1.48
05/12/22,66448.00,66762.00,67138.00,65946.00,0.74,-0.41
06/12/22,66281.00,66322.00,66511.00,66134.00,0.32,-0.25
07/12/22,66176.00,66009.00,66490.00,65800.00,0.34,-0.16
08/12/22,65277.00,65904.00,66197.00,65172.00,0.55,-1.36
09/12/22,65883.00,65423.00,66092.00,65298.00,0.39,0.93
12/12/22,65507.00,65256.00,66552.00,65256.00,0.59,-0.57
13/12/22,66239.00,65193.00,66511.00,65005.00,0.62,1.12
14/12/22,65528.00,66197.00,66301.00,65256.00,0.44,-1.07
15/12/22,65151.00,65381.00,65779.00,65047.00,0.47,-0.57
16/12/22,63875.00,65256.00,65674.00,63478.00,0.64,-1.96
19/12/22,62411.00,64503.00,64503.00,61763.00,0.89,-2.29
20/12/22,63101.00,62641.00,63311.00,62453.00,0.76,1.11
21/12/22,63352.00,63373.00,64210.00,62453.00,0.85,0.40
22/12/22,61721.00,63143.00,63373.00,61512.00,0.73,-2.58
23/12/22,60738.00,61491.00,61888.00,60675.00,0.41,-1.59
26/12/22,57099.00,61282.00,61345.00,57099.00,0.43,-5.99
27/12/22,58709.00,54819.00,60382.00,54819.00,0.14,2.82
28/12/22,59232.00,58709.00,59399.00,58709.00,0.03,0.89
29/12/22,59107.00,58563.00,59295.00,58563.00,0.02,-0.21
30/12/22,59985.00,59190.00,60236.00,59190.00,0.08,1.49
13/02/23,63900.00,63000.00,64580.00,62920.00,0.1,90.75
14/02/23,64020.00,63820.00,64240.00,63800.00,0.07,0.19
15/02/23,64200.00,63900.00,64380.00,63900.00,0.03,0.28
16/02/23,63760.00,63900.00,64000.00,63700.00,0.04,-0.69
17/02/23,63220.00,63900.00,65420.00,63120.00,0.05,-0.85
20/02/23,62840.00,63000.00,63380.00,62800.00,0.06,-0.60
21/02/23,63260.00,62900.00,63380.00,62800.00,0.07,0.67
22/02/23,63200.00,63180.00,63260.00,62980.00,0.04,-0.09
23/02/23,63640.00,63200.00,63700.00,63200.00,0.04,0.70
24/02/23,63740.00,63460.00,63900.00,63400.00,0.05,0.16
27/02/23,63320.00,63360.00,63540.00,63220.00,0.05,-0.66
28/02/23,63260.00,63280.00,63360.00,63080.00,0.03,-0.09
01/03/23,63520.00,63220.00,63600.00,63220.00,0.02,0.41
02/03/23,63460.00,63700.00,63780.00,63400.00,0.05,-0.09
03/03/23,63500.00,63460.00,63580.00,63460.00,0.01,0.06
06/03/23,63260.00,63340.00,63460.00,63200.00,0.02,-0.38
07/03/23,63260.00,63580.00,63600.00,63200.00,0.02,0.00
08/03/23,63040.00,63180.00,63200.00,62920.00,0.04,-0.35
09/03/23,62900.00,63040.00,63040.00,62800.00,0.03,-0.22
10/03/23,61900.00,62700.00,62700.00,61700.00,0.09,-1.59
13/03/23,61680.00,62000.00,62000.00,61560.00,0.03,-0.36
14/03/23,61680.00,60500.00,61900.00,60420.00,0.04,0.00
15/03/23,61560.00,61700.00,62100.00,61480.00,0.04,-0.19
16/03/23,61400.00,61200.00,61660.00,61200.00,0.03,-0.26
17/03/23,61440.00,61760.00,61900.00,61380.00,0.02,0.07
20/03/23,61200.00,61400.00,61500.00,61120.00,0.03,-0.39
21/03/23,61280.00,61120.00,61380.00,61100.00,0.03,0.13
22/03/23,61340.00,61220.00,61460.00,61100.00,0.04,0.10
23/03/23,61360.00,61240.00,61400.00,61180.00,0.02,0.03
24/03/23,60940.00,61040.00,61100.00,60840.00,0.04,-0.68
27/03/23,60520.00,60620.00,60800.00,60360.00,0.09,-0.69
28/03/23,61220.00,60820.00,61500.00,60400.00,0.04,1.16
29/03/23,61720.00,61320.00,61940.00,61200.00,0.06,0.82
30/03/23,62160.00,62080.00,62400.00,61900.00,0.02,0.71
31/03/23,62180.00,61900.00,62340.00,61720.00,0.02,0.03
03/04/23,62220.00,62500.00,62500.00,62020.00,0.05,0.06
04/04/23,62620.00,62500.00,62900.00,62480.00,0.06,0.64
05/04/23,63020.00,62700.00,63100.00,62460.00,0.04,0.64
06/04/23,63400.00,63200.00,63520.00,63140.00,0.08,0.60
10/04/23,63320.00,63900.00,63900.00,63160.00,0.08,-0.13
11/04/23,62820.00,62920.00,63120.00,62760.00,0.04,-0.79
12/04/23,62620.00,62640.00,62780.00,62500.00,0.04,-0.32
13/04/23,62980.00,62700.00,63000.00,62600.00,0.05,0.57
14/04/23,63220.00,62940.00,63380.00,62940.00,0,0.38
17/04/23,62860.00,63200.00,63380.00,62800.00,0.06,-0.57
18/04/23,62920.00,62920.00,62980.00,62580.00,0.04,0.10
19/04/23,63020.00,63000.00,63200.00,62900.00,0.07,0.16
20/04/23,62340.00,62900.00,62900.00,62220.00,0.05,-1.08
21/04/23,62120.00,62600.00,62600.00,61800.00,0.06,-0.35
24/04/23,61860.00,62240.00,62400.00,61600.00,0.14,-0.42
25/04/23,61460.00,61520.00,61520.00,61200.00,0.01,-0.65
26/04/23,61240.00,61200.00,61280.00,61200.00,0.01,-0.36
27/04/23,61200.00,61200.00,61220.00,61200.00,0.01,-0.07
28/04/23,61020.00,61340.00,61340.00,60980.00,0.02,-0.29
01/05/23,62880.00,62880.00,63000.00,62760.00,0,3.05
02/05/23,63040.00,62900.00,63120.00,62900.00,0.04,0.25
03/05/23,62780.00,62940.00,62940.00,62700.00,0.02,-0.41
04/05/23,63080.00,62980.00,63160.00,62820.00,0.03,0.48
05/05/23,63300.00,63140.00,63400.00,63140.00,0.02,0.35
08/05/23,63020.00,62840.00,63100.00,62840.00,0.02,-0.44
09/05/23,62260.00,62740.00,62740.00,62200.00,0.05,-1.21
10/05/23,62240.00,62300.00,62500.00,62160.00,0.05,-0.03
11/05/23,61860.00,62020.00,62020.00,61720.00,0.03,-0.61
12/05/23,61680.00,61800.00,61840.00,61500.00,0.02,-0.29
15/05/23,61500.00,61600.00,61600.00,61200.00,0.04,-0.29
16/05/23,61300.00,61600.00,61600.00,61040.00,0.04,-0.33
17/05/23,61100.00,61220.00,61340.00,60940.00,0.06,-0.33
18/05/23,61100.00,61440.00,61720.00,61040.00,0.05,0.00
19/05/23,60960.00,61220.00,61280.00,60640.00,0.05,-0.23
22/05/23,58580.00,60300.00,60300.00,58460.00,0.13,-3.90
23/05/23,58300.00,57880.00,58500.00,57860.00,0.09,-0.48
24/05/23,57840.00,58000.00,58360.00,57780.00,0.08,-0.79
25/05/23,57500.00,57020.00,57780.00,57020.00,0.08,-0.59
26/05/23,58120.00,57340.00,58300.00,57340.00,0.04,1.08
29/05/23,58880.00,58440.00,59300.00,58440.00,0.05,1.31
30/05/23,58980.00,59000.00,59380.00,58720.00,0.06,0.17
31/05/23,58560.00,58800.00,58800.00,58500.00,0.06,-0.71
01/06/23,59540.00,58800.00,59660.00,58760.00,0.07,1.67
02/06/23,60180.00,59540.00,60300.00,59400.00,0.06,1.07
05/06/23,60280.00,60200.00,60400.00,60060.00,0.05,0.17
06/06/23,59840.00,60100.00,60100.00,59580.00,0.04,-0.73
07/06/23,59480.00,59600.00,59680.00,58920.00,0.06,-0.60
08/06/23,59240.00,59280.00,59900.00,59120.00,0.05,-0.40
09/06/23,58740.00,59040.00,59200.00,58680.00,0.03,-0.84
12/06/23,58580.00,58700.00,58700.00,58360.00,0.02,-0.27
13/06/23,58200.00,58400.00,58400.00,58040.00,0.03,-0.65
14/06/23,57260.00,57860.00,58000.00,57220.00,0.07,-1.62
15/06/23,57380.00,57000.00,57560.00,56940.00,0.02,0.21
16/06/23,57140.00,57340.00,57340.00,57000.00,0.02,-0.42
19/06/23,56980.00,56160.00,57480.00,56160.00,0.06,-0.28
20/06/23,56540.00,56800.00,56860.00,56500.00,0.05,-0.77
21/06/23,56680.00,56500.00,56800.00,56320.00,0.13,0.25
22/06/23,55960.00,56500.00,56600.00,55840.00,0.08,-1.27
23/06/23,55320.00,55480.00,56200.00,55280.00,0.07,-1.14
26/06/23,54460.00,54800.00,54980.00,54300.00,0.1,-1.55
27/06/23,54540.00,54400.00,54680.00,54300.00,0.01,0.15
28/06/23,54320.00,54760.00,54760.00,53860.00,0.01,-0.40
29/06/23,54320.00,54320.00,54320.00,54320.00,0,0.00
30/06/23,55340.00,55560.00,55560.00,55000.00,0.01,1.88
03/07/23,57980.00,57220.00,58180.00,57200.00,0.05,4.77
04/07/23,57640.00,58140.00,58140.00,57500.00,0.02,-0.59
05/07/23,57180.00,57200.00,57500.00,56880.00,0.02,-0.80
06/07/23,56840.00,56820.00,57000.00,56500.00,0.04,-0.59
07/07/23,56700.00,56800.00,56800.00,56300.00,0.02,-0.25
10/07/23,56200.00,56800.00,56800.00,56080.00,0.02,-0.88
11/07/23,56960.00,56100.00,57000.00,56100.00,0.04,1.35
12/07/23,56880.00,57000.00,57100.00,56500.00,0.04,-0.14
13/07/23,56540.00,56700.00,56800.00,56400.00,0.02,-0.60
14/07/23,56740.00,56440.00,57100.00,56440.00,0.02,0.35
17/07/23,56940.00,56820.00,57080.00,56740.00,0.01,0.35
18/07/23,57020.00,56700.00,57200.00,56700.00,0.01,0.14
19/07/23,57640.00,56960.00,57700.00,56960.00,0.04,1.09
20/07/23,58420.00,57800.00,58640.00,57800.00,0.07,1.35
21/07/23,58640.00,58320.00,59000.00,58280.00,0.03,0.38
24/07/23,59000.00,58800.00,59100.00,58800.00,0.02,0.61
25/07/23,59480.00,59100.00,59700.00,59100.00,0.03,0.81
26/07/23,59960.00,59500.00,60000.00,59140.00,0.03,0.81
27/07/23,58860.00,59580.00,59800.00,58840.00,0.04,-1.83
28/07/23,58540.00,58800.00,58940.00,58480.00,0.03,-0.54
31/07/23,58380.00,59040.00,59400.00,58300.00,0.05,-0.27
01/08/23,58820.00,58960.00,58960.00,58620.00,0.02,0.75
02/08/23,59260.00,59100.00,59400.00,58700.00,0.02,0.75
03/08/23,58920.00,59200.00,59200.00,58800.00,0.03,-0.57
04/08/23,59500.00,59100.00,59600.00,59100.00,0.02,0.98
07/08/23,59860.00,59700.00,60040.00,59620.00,0.03,0.61
08/08/23,59760.00,59800.00,59900.00,59600.00,0.01,-0.17
09/08/23,59800.00,59620.00,59960.00,59500.00,0.01,0.07
10/08/23,60220.00,59120.00,60320.00,59120.00,0.03,0.70
11/08/23,60500.00,60000.00,60500.00,60000.00,0.02,0.46
14/08/23,60760.00,60400.00,60900.00,60100.00,0.05,0.43
16/08/23,60800.00,60500.00,60900.00,60400.00,0.04,0.07
17/08/23,59920.00,60640.00,60640.00,59800.00,0.07,-1.45
18/08/23,59980.00,59940.00,60340.00,59900.00,0.05,0.10
21/08/23,59840.00,60000.00,60000.00,59740.00,0.03,-0.23
22/08/23,59700.00,59800.00,59900.00,59620.00,0.04,-0.23
23/08/23,59380.00,59880.00,59880.00,59220.00,0.04,-0.54
24/08/23,59020.00,59600.00,59700.00,58920.00,0.05,-0.61
25/08/23,59140.00,59000.00,59300.00,58700.00,0.09,0.20
28/08/23,59480.00,60000.00,60000.00,59300.00,0.01,0.57
29/08/23,60000.00,59800.00,60300.00,59600.00,0.03,0.87
30/08/23,60280.00,59800.00,60300.00,59800.00,0.02,0.47
31/08/23,60220.00,60000.00,60360.00,60000.00,0.01,-0.10
01/09/23,61400.00,60220.00,61900.00,60220.00,0.03,1.96
04/09/23,61500.00,61900.00,62000.00,61320.00,0.02,0.16
05/09/23,60940.00,60900.00,61020.00,60540.00,0.02,-0.91
06/09/23,60980.00,61000.00,61000.00,60900.00,0.01,0.07
07/09/23,60640.00,60640.00,60760.00,60500.00,0.01,-0.56
08/09/23,60380.00,60300.00,60500.00,60300.00,0.01,-0.43
11/09/23,61060.00,60880.00,61400.00,60880.00,0.01,1.13
12/09/23,61400.00,61300.00,61500.00,61120.00,0.01,0.56
13/09/23,60900.00,59360.00,61220.00,59360.00,0.01,-0.81
14/09/23,60980.00,61100.00,61100.00,60800.00,0.01,0.13
15/09/23,60840.00,60660.00,61000.00,60660.00,0,-0.23
18/09/23,61160.00,61000.00,61300.00,61000.00,0.01,0.53
20/09/23,61060.00,61200.00,61200.00,61000.00,0.01,-0.16
21/09/23,60540.00,60700.00,60780.00,60320.00,0.01,-0.85
22/09/23,60700.00,60980.00,60980.00,60400.00,0.01,0.26
25/09/23,60520.00,60700.00,60700.00,60300.00,0.01,-0.30
26/09/23,60520.00,60500.00,60780.00,60260.00,0.01,0.00
27/09/23,60900.00,60960.00,61000.00,60700.00,0.02,0.63
28/09/23,61080.00,61000.00,61200.00,60980.00,0.02,0.30
29/09/23,60780.00,61000.00,61000.00,60420.00,0.01,-0.49
03/10/23,60400.00,60360.00,60600.00,60260.00,0.01,-0.63
04/10/23,60100.00,60300.00,60360.00,60000.00,0.01,-0.50
05/10/23,60000.00,60100.00,60100.00,59900.00,0.01,-0.17
06/10/23,59840.00,59800.00,59900.00,59800.00,0,-0.27
09/10/23,59980.00,60000.00,60100.00,59900.00,0.01,0.23
10/10/23,59540.00,59500.00,59800.00,59420.00,0.01,-0.73
11/10/23,58960.00,59400.00,59400.00,58220.00,0.01,-0.97
12/10/23,58660.00,58500.00,58800.00,58100.00,0.02,-0.51
13/10/23,59100.00,58900.00,59300.00,58900.00,0.01,0.75
16/10/23,60300.00,58560.00,60300.00,58560.00,0.01,2.03
17/10/23,58880.00,58820.00,59200.00,58600.00,0.01,-2.35
18/10/23,58380.00,58500.00,58500.00,58280.00,140,-0.85
19/10/23,58620.00,58980.00,58980.00,58420.00,0,0.41
20/10/23,58180.00,58700.00,58700.00,58000.00,0.02,-0.75
23/10/23,57960.00,57820.00,58200.00,57820.00,0.01,-0.38
24/10/23,57820.00,57820.00,57820.00,57820.00,0,-0.24
25/10/23,58200.00,58200.00,58200.00,58200.00,10,0.66
26/10/23,58820.00,58660.00,59000.00,58420.00,0.02,1.07
27/10/23,59020.00,59000.00,59100.00,59000.00,0,0.34
30/10/23,58700.00,58780.00,58820.00,58600.00,110,-0.54
31/10/23,58320.00,58220.00,58400.00,58220.00,0,-0.65
01/11/23,58340.00,58260.00,58600.00,58060.00,0.02,0.03
02/11/23,58620.00,58000.00,59000.00,58000.00,0.03,0.48
03/11/23,58460.00,58360.00,58600.00,58360.00,0.03,-0.27
06/11/23,58040.00,58260.00,58460.00,58000.00,0.02,-0.72
07/11/23,57960.00,57960.00,58100.00,57620.00,0.03,-0.14
08/11/23,57300.00,57620.00,57620.00,57120.00,0.02,-1.14
09/11/23,56840.00,57200.00,57220.00,56240.00,0.02,-0.80
10/11/23,56800.00,56900.00,57000.00,56800.00,0,-0.07