Date,US_Cotton_FT_Price,US_Cotton_FT_Open,US_Cotton_FT_High,US_Cotton_FT_Low,US_Cotton_FT_Volume,US_Cotton_FT_Chg
12/10/18,5768.82,5659.14,5806.36,5659.14,18.05,2.03
15/10/18,5807.17,5805.70,5839.63,5742.99,15.16,0.45
16/10/18,5754.51,5798.59,5803.74,5748.64,13.54,-0.50
17/10/18,5734.91,5773.92,5784.96,5715.78,11.79,-0.52
18/10/18,5739.02,5729.46,5764.75,5686.07,14.28,0.17
19/10/18,5717.38,5734.26,5734.26,5688.03,11.71,-0.17
22/10/18,5886.27,5726.65,5895.10,5720.03,23.66,2.70
23/10/18,5809.71,5884.00,5884.00,5750.14,22.82,-1.29
24/10/18,5643.84,5787.37,5821.79,5638.71,22.83,-2.43
25/10/18,5688.51,5643.84,5693.63,5575.73,21.72,0.79
26/10/18,5768.81,5721.80,5783.51,5664.50,15.19,1.09
29/10/18,5664.28,5786.12,5842.64,5656.20,12.94,-1.73
30/10/18,5665.99,5681.46,5710.20,5640.20,10.68,-0.35
31/10/18,5684.57,5677.91,5697.88,5657.20,13.11,-0.05
01/11/18,5805.15,5661.18,5847.02,5621.51,35.13,2.82
02/11/18,5707.55,5724.93,5779.26,5672.05,16.01,-0.30
05/11/18,5763.82,5765.28,5802.55,5721.43,17.76,0.10
06/11/18,5648.91,5759.80,5775.85,5605.13,31.38,-1.83
07/11/18,5720.65,5604.73,5779.34,5593.14,30.68,1.98
08/11/18,5718.74,5723.09,5826.59,5696.31,29.32,0.06
09/11/18,5659.96,5726.64,5739.69,5595.46,36.79,-1.16
12/11/18,5565.05,5689.64,5691.09,5562.13,24.51,-2.19
13/11/18,5508.57,5546.33,5578.28,5491.15,21.32,-0.68
14/11/18,5523.76,5501.34,5552.68,5485.44,18.35,0.70
15/11/18,5483.52,5497.90,5528.11,5454.75,14.33,-0.18
16/11/18,5479.12,5488.48,5560.46,5470.48,12.13,-0.17
19/11/18,5433.77,5472.44,5505.38,5412.28,10.48,-0.32
20/11/18,5376.54,5413.68,5442.25,5372.96,10.58,-0.80
21/11/18,5455.55,5369.27,5504.75,5355.72,10.51,1.65
23/11/18,5293.47,5398.04,5398.04,5289.23,3.7,-2.08
26/11/18,5481.47,5327.08,5478.64,5324.96,0.34,3.31
27/11/18,5434.16,5456.82,5459.65,5415.05,0.21,-0.81
28/11/18,5492.97,5464.71,5499.32,5462.59,0.22,1.29
29/11/18,5347.94,5450.52,5450.52,5334.68,0.09,-1.44
30/11/18,5374.19,5428.52,5428.52,5418.07,0.07,0.68
03/12/18,5558.42,5635.20,5635.20,5628.16,0.02,2.27
04/12/18,5555.65,5587.39,5589.50,5533.08,0.02,-0.18
05/12/18,5652.56,5637.74,5736.53,5622.22,0,1.70
06/12/18,5527.72,5691.38,5719.72,5570.23,0.01,-2.61
07/12/18,5685.10,5590.85,5734.70,5583.77,19.46,2.83
10/12/18,5792.90,5826.98,5845.11,5754.46,11.46,-0.44
11/12/18,5784.73,5774.61,5830.99,5718.94,14.25,0.18
12/12/18,5745.04,5757.26,5768.75,5716.31,9.78,-0.06
13/12/18,5680.20,5718.11,5720.25,5647.29,13.16,-0.70
14/12/18,5724.83,5710.45,5749.28,5654.35,10.3,0.24
17/12/18,5624.25,5672.23,5714.48,5578.42,15.08,-1.33
18/12/18,5497.77,5536.61,5554.26,5491.41,14.42,-0.88
19/12/18,5391.10,5464.90,5483.87,5385.48,18.12,-1.46
20/12/18,5252.70,5365.37,5419.25,5249.90,24.81,-2.15
21/12/18,5132.85,5264.71,5302.58,5125.13,24.74,-2.50
24/12/18,5086.12,5173.75,5187.77,5075.60,13.41,-0.86
26/12/18,5150.15,5094.09,5152.95,5055.55,10.45,1.31
27/12/18,5070.21,5192.64,5219.38,5056.85,16.93,-1.96
28/12/18,5048.46,5038.67,5096.02,5038.67,11.41,0.18
31/12/18,5022.95,5026.43,5068.87,5016.00,9.1,0.01
02/01/19,4958.80,5061.00,5081.30,4953.20,18.92,-1.88
03/01/19,4965.89,4965.89,5047.92,4953.27,14.61,-0.01
04/01/19,5043.77,4938.05,5102.88,4933.18,19.77,2.39
07/01/19,5078.17,5062.11,5159.84,5059.32,14.29,0.32
08/01/19,5026.93,5106.89,5179.84,5017.82,17.14,-1.48
09/01/19,5160.05,5054.92,5196.04,5054.92,16.73,2.04
10/01/19,5130.10,5154.74,5198.40,5101.22,14.45,-0.38
11/01/19,5103.22,5125.05,5156.73,5092.66,12.85,-0.49
14/01/19,5164.77,5137.18,5206.52,5125.15,11.23,0.69
15/01/19,5144.80,5191.72,5223.01,5136.98,12.6,-0.86
16/01/19,5200.70,5131.85,5221.29,5125.47,14.34,1.26
17/01/19,5283.99,5201.57,5300.33,5201.57,13.74,1.50
18/01/19,5261.71,5295.89,5316.54,5252.45,12.29,-0.65
21/01/19,5247.27,5247.27,5247.27,5247.27,0,-0.24
22/01/19,5211.24,5273.24,5293.91,5184.17,16.73,-0.79
23/01/19,5233.89,5206.12,5287.99,5195.45,12.43,0.53
24/01/19,5192.94,5219.21,5247.61,5185.13,10.13,-0.52
25/01/19,5255.82,5193.43,5263.62,5193.43,13.85,1.35
28/01/19,5248.52,5259.18,5268.42,5198.77,11.81,-0.38
29/01/19,5293.57,5258.59,5314.99,5247.17,15.27,0.41
30/01/19,5297.03,5281.36,5310.57,5254.29,16.9,0.28
31/01/19,5279.42,5262.39,5311.36,5251.04,26.34,0.05
01/02/19,5260.47,5318.34,5338.34,5254.76,15.86,-1.02
04/02/19,5217.62,5288.61,5297.22,5210.45,22.45,-1.19
05/02/19,5250.30,5205.95,5274.62,5196.65,16.33,0.88
06/02/19,5270.37,5251.77,5302.57,5230.31,20.6,0.35
07/02/19,5191.35,5247.68,5266.22,5167.82,25.56,-1.15
08/02/19,5163.75,5171.58,5196.49,5156.63,22.14,-0.36
11/02/19,5018.93,5156.94,5172.59,5001.14,33.76,-2.76
12/02/19,4921.93,4981.18,5003.05,4917.70,22.37,-1.09
13/02/19,4951.33,4950.62,5005.19,4936.44,20.33,0.11
14/02/19,4980.63,4968.56,4999.10,4938.02,15.19,0.39
15/02/19,5008.79,5013.07,5028.77,4972.41,9.79,0.13
18/02/19,5132.01,5132.01,5132.01,5132.01,0,2.38
19/02/19,5020.23,5006.69,5068.72,5005.26,12.35,-2.06
20/02/19,4990.58,4992.00,5031.06,4984.90,8.62,-0.18
21/02/19,5137.40,5007.88,5145.23,4985.11,5.41,2.72
22/02/19,5103.15,5144.35,5184.84,5043.49,0.14,-0.48
25/02/19,5095.09,5114.21,5138.30,5104.30,0.06,0.13
26/02/19,5027.52,5128.28,5128.28,5049.51,0.03,-1.50
27/02/19,5068.73,5073.00,5074.42,5073.00,0.01,0.48
28/02/19,5082.06,5086.31,5086.31,5086.31,0.01,0.77
01/03/19,5163.83,5136.14,5136.14,5069.40,0.01,1.38
04/03/19,5103.39,5174.30,5175.01,5139.56,0.01,-1.04
05/03/19,5177.49,5126.74,5126.74,5118.98,0,2.06
06/03/19,5119.34,5222.36,5248.29,5189.42,0,-0.54
07/03/19,5041.34,5057.47,5057.47,5057.47,0,-1.57
08/03/19,5145.18,5120.68,5164.79,5076.57,14.48,2.21
11/03/19,5113.02,5124.89,5158.42,5102.54,11.34,-0.39
12/03/19,5211.43,5089.59,5221.88,5089.59,22.55,2.25
13/03/19,5264.74,5210.50,5282.81,5195.21,22.68,1.16
14/03/19,5153.82,5250.93,5263.42,5134.40,19.15,-1.88
15/03/19,5206.71,5123.95,5229.46,5122.57,14.1,1.62
18/03/19,5165.40,5174.33,5209.32,5139.33,12.74,-0.30
19/03/19,5220.98,5191.31,5269.30,5190.62,17.29,0.50
20/03/19,5193.65,5195.71,5219.79,5169.57,11.18,-0.20
21/03/19,5310.76,5208.23,5354.79,5186.21,24.84,2.23
22/03/19,5297.04,5326.09,5366.90,5260.38,18.92,-0.78
25/03/19,5354.82,5283.86,5357.58,5247.35,18.75,1.50
26/03/19,5374.10,5356.16,5380.31,5341.67,14.68,0.21
27/03/19,5317.25,5372.53,5373.91,5292.37,16.69,-1.21
28/03/19,5249.45,5324.17,5338.01,5225.23,16.64,-1.40
29/03/19,5369.45,5251.14,5382.59,5238.69,20.34,2.29
01/04/19,5353.70,5379.30,5389.69,5341.24,17.58,-0.32
02/04/19,5325.45,5325.45,5332.34,5270.31,15.14,-0.12
03/04/19,5274.07,5289.13,5334.31,5264.49,15.41,-0.28
04/04/19,5333.53,5301.11,5366.64,5301.11,14.26,0.35
05/04/19,5412.55,5348.22,5428.46,5329.55,22.97,1.20
08/04/19,5489.28,5452.42,5500.41,5414.86,28.06,0.86
09/04/19,5410.08,5464.81,5494.60,5374.05,31.73,-1.05
10/04/19,5367.42,5406.15,5417.90,5346.68,22.49,-0.60
11/04/19,5313.16,5367.69,5379.42,5304.88,26.66,-0.82
12/04/19,5404.43,5326.25,5441.79,5319.33,21.72,1.47
15/04/19,5308.02,5422.53,5442.65,5253.20,14.48,-2.07
16/04/19,5419.17,5318.35,5438.64,5318.35,8.92,1.90
17/04/19,5423.26,5411.45,5446.17,5380.90,6.65,0.22
18/04/19,5364.93,5435.02,5435.02,5345.50,4.34,-1.02
22/04/19,5380.14,5412.21,5426.84,5366.90,4.32,-0.16
23/04/19,5342.29,5379.27,5379.27,5310.19,2.7,-0.80
24/04/19,5300.87,5344.94,5344.94,5306.47,0.04,-1.04
25/04/19,5400.98,5353.97,5368.01,5353.97,0.02,1.58
26/04/19,5360.99,5349.11,5349.11,5346.32,0,-0.29
29/04/19,5315.17,5310.98,5316.56,5310.98,0.03,-0.81
30/04/19,5291.78,5354.46,5385.11,5332.17,0,-0.20
01/05/19,5279.16,5247.87,5247.87,5247.87,0,-0.09
02/05/19,5181.46,5250.87,5250.87,5204.36,0,-1.66
03/05/19,5166.92,5213.22,5272.64,5212.53,0,0.17
06/05/19,5040.46,5078.62,5078.62,5023.11,0,-2.85
07/05/19,5033.94,5077.12,5077.12,5033.24,0,-0.51
08/05/19,4981.49,5019.84,5019.84,5019.84,0.02,-1.15
09/05/19,4930.15,5068.44,5078.27,4888.73,34.57,-1.71
10/05/19,4792.53,4922.75,5007.47,4785.53,26.95,-2.53
13/05/19,4618.81,4834.05,4840.40,4618.81,32.76,-4.38
14/05/19,4695.36,4631.36,4722.79,4536.41,28.63,2.00
15/05/19,4661.02,4692.63,4725.65,4621.68,18.43,-0.61
16/05/19,4684.68,4651.72,4710.63,4651.72,13.73,0.68
17/05/19,4637.78,4684.86,4694.70,4626.53,12.24,-1.21
20/05/19,4727.15,4604.64,4732.72,4583.75,17.06,2.91
21/05/19,4688.50,4735.86,4752.57,4666.91,14.22,-0.87
22/05/19,4649.14,4689.53,4697.89,4605.26,11,-0.85
23/05/19,4700.99,4650.14,4752.55,4633.42,14.73,1.09
24/05/19,4744.90,4672.74,4758.77,4672.74,13.42,1.35
28/05/19,4835.81,4765.50,4837.90,4765.50,17.32,1.58
29/05/19,4823.50,4865.40,4875.88,4792.07,14.39,-0.59
30/05/19,4841.67,4804.66,4852.84,4760.67,12.08,0.41
31/05/19,4737.01,4834.42,4849.03,4731.44,13.82,-1.82
03/06/19,4801.85,4717.46,4810.15,4627.54,29.98,1.97
04/06/19,4779.00,4844.13,4844.13,4745.05,24.46,-0.65
05/06/19,4769.52,4808.38,4830.58,4747.32,16.64,-0.33
06/06/19,4744.03,4747.49,4753.02,4667.25,16.51,-0.22
07/06/19,4548.99,4757.06,4766.08,4548.99,31.25,-4.37
10/06/19,4588.61,4564.97,4624.08,4509.34,32.59,0.61
11/06/19,4555.13,4589.12,4604.39,4530.15,21.37,-0.52
12/06/19,4618.29,4555.16,4644.66,4539.21,24.62,1.40
13/06/19,4646.69,4628.61,4694.67,4591.76,19.73,0.39
14/06/19,4604.79,4667.64,4676.02,4601.99,13.8,-1.33
17/06/19,4584.26,4612.20,4645.03,4562.60,12.3,-0.47
18/06/19,4546.93,4568.50,4663.17,4522.56,9.67,-0.47
19/06/19,4553.72,4561.38,4617.80,4549.54,6.7,0.09
20/06/19,4394.36,4541.05,4574.42,4336.66,7.57,-3.32
21/06/19,4259.74,4410.11,4455.36,4195.70,2.66,-3.20
24/06/19,4315.71,4277.61,4349.65,4277.61,0.15,1.81
25/06/19,4312.57,4328.52,4336.84,4284.84,0.11,-0.16
26/06/19,4396.37,4463.53,4463.53,4463.53,0.02,2.07
27/06/19,4351.85,4309.71,4441.67,4283.46,0.02,-0.79
28/06/19,4354.19,4385.22,4385.22,4385.22,0,0.25
01/07/19,4351.47,4562.25,4562.25,4562.25,0,0.03
02/07/19,4393.12,4533.65,4607.36,4497.14,0,0.95
03/07/19,4386.00,4567.63,4620.61,4560.06,0,-0.03
05/07/19,4342.47,4488.27,4488.27,4307.56,0,-0.49
08/07/19,4273.72,4543.87,4558.27,4467.76,0,-1.75
09/07/19,4129.67,4440.27,4458.10,4303.14,0,-3.37
10/07/19,4347.34,4301.50,4365.13,4301.50,0.04,5.50
11/07/19,4302.30,4352.93,4361.14,4280.41,0.03,-1.02
12/07/19,4275.40,4334.36,4334.36,4275.40,0.03,-0.84
15/07/19,4366.32,4294.34,4364.95,4258.02,0.04,2.15
16/07/19,4278.95,4341.43,4351.04,4273.46,0.03,-2.15
17/07/19,4260.88,4285.66,4298.74,4236.78,0.01,-0.71
18/07/19,4185.01,4241.47,4241.47,4185.01,0.03,-1.79
19/07/19,4286.54,4197.71,4291.36,4197.71,0.03,2.42
22/07/19,4328.11,4321.91,4391.53,4317.78,0.07,0.87
23/07/19,4369.10,4334.58,4366.34,4315.94,0.01,0.80
24/07/19,4407.13,4382.30,4426.45,4382.30,0.02,0.95
25/07/19,4405.51,4417.24,4439.34,4391.01,0.02,-0.13
26/07/19,4424.85,4395.92,4395.92,4370.44,0.01,0.67
29/07/19,4384.51,4368.01,4376.94,4318.50,0.02,-0.73
30/07/19,4329.35,4396.15,4396.15,4338.31,0.01,-1.41
31/07/19,4354.28,4309.51,4362.54,4309.51,0.01,0.56
01/08/19,4268.01,4418.47,4418.47,4252.14,0.03,-2.18
02/08/19,4108.12,4286.55,4286.55,4101.15,0.04,-4.69
05/08/19,4101.24,4179.15,4179.15,4000.68,0.06,-1.75
06/08/19,4139.50,4116.77,4136.66,4114.64,0.01,0.62
07/08/19,4167.67,4125.70,4155.58,4072.34,0.03,0.53
08/08/19,4192.81,4139.29,4192.10,4127.32,0.05,1.64
09/08/19,4188.06,4184.52,4209.34,4167.49,0.02,-0.82
12/08/19,4136.55,4199.99,4199.99,4117.31,0.05,-1.73
13/08/19,4237.94,4152.24,4278.65,4120.82,0.02,2.26
14/08/19,4248.70,4232.31,4253.69,4215.92,0.01,0.46
15/08/19,4284.18,4301.42,4317.22,4274.13,0.01,0.08
16/08/19,4274.99,4269.30,4269.30,4265.74,0,0.70
19/08/19,4228.47,4264.20,4289.20,4229.90,0.01,-1.50
20/08/19,4233.55,4263.60,4275.77,4263.60,0.02,-0.02
21/08/19,4277.11,4214.96,4262.11,4189.96,0.03,1.18
22/08/19,4234.52,4317.96,4320.84,4257.54,0.01,-1.67
23/08/19,4145.61,4178.50,4200.67,4152.76,0.01,-1.53
26/08/19,4152.96,4147.20,4148.64,4047.08,0.03,-0.53
27/08/19,4116.58,4095.84,4193.14,4095.12,0.04,-0.21
28/08/19,4191.22,4168.24,4168.24,4168.24,0,1.41
29/08/19,4221.11,4183.83,4206.77,4137.95,0.04,0.91
30/08/19,4219.30,4197.15,4221.44,4196.43,0.02,0.29
03/09/19,4208.23,4273.19,4273.19,4185.86,0.04,-1.25
04/09/19,4230.79,4234.39,4277.59,4217.84,0.04,0.79
05/09/19,4255.26,4228.65,4275.40,4228.65,0.02,0.66
06/09/19,4207.71,4262.16,4262.16,4194.81,0.04,-0.73
09/09/19,4243.52,4216.96,4249.26,4214.09,0.02,0.66
10/09/19,4276.56,4255.00,4295.25,4255.00,0.02,0.64
11/09/19,4249.53,4257.40,4257.40,4248.09,0.01,-0.22
12/09/19,4417.70,4215.44,4417.70,4215.44,0.14,4.85
13/09/19,4374.81,4420.24,4458.57,4371.26,0.07,-1.00
16/09/19,4408.61,4387.85,4410.76,4387.85,0.06,-0.06
17/09/19,4297.98,4403.07,4403.07,4287.26,0.04,-2.39
18/09/19,4223.17,4251.63,4251.63,4215.34,0.04,-1.26
19/09/19,4210.41,4218.26,4238.25,4218.26,0.03,-0.62
20/09/19,4202.66,4218.30,4223.99,4194.85,0.06,0.24
23/09/19,4235.90,4164.40,4265.64,4154.49,0.07,1.18
24/09/19,4210.00,4282.39,4282.39,4173.09,0.01,-0.85
25/09/19,4214.56,4304.71,4305.42,4233.72,0,0.08
26/09/19,4201.07,4299.00,4324.55,4252.87,0,-0.29
27/09/19,4217.85,4233.36,4301.05,4201.63,0,1.05
30/09/19,4221.04,4300.87,4318.53,4245.06,0,-0.12
01/10/19,4259.49,4329.89,4346.95,4280.82,0,0.25
02/10/19,4286.79,4319.52,4319.52,4319.52,0,0.58
03/10/19,4298.74,4351.30,4468.50,4344.19,0,0.45
04/10/19,4291.29,4371.32,4400.36,4336.61,0,0.12
07/10/19,4311.73,4391.93,4419.61,4357.87,0,0.26
08/10/19,4290.29,4387.86,4400.68,4330.18,0,-0.84
09/10/19,4339.03,4356.81,4436.47,4338.32,0,1.28
10/10/19,4360.21,4401.38,4434.75,4355.95,12.57,0.67
11/10/19,4530.63,4384.52,4539.14,4360.41,39.03,4.01
14/10/19,4432.37,4573.42,4690.96,4430.23,33.25,-2.60
15/10/19,4542.40,4443.73,4553.12,4412.98,22.28,2.11
16/10/19,4605.83,4531.61,4608.69,4498.79,21.14,1.59
17/10/19,4622.74,4587.89,4633.41,4565.83,17.55,0.70
18/10/19,4632.22,4635.07,4648.58,4620.85,16.48,0.26
21/10/19,4578.92,4623.60,4644.17,4570.41,18.87,-0.92
22/10/19,4579.28,4563.00,4616.81,4529.01,17.91,0.17
23/10/19,4593.59,4558.23,4609.86,4554.69,12.48,0.43
24/10/19,4587.89,4612.73,4651.76,4584.34,12.27,-0.46
25/10/19,4596.22,4582.05,4652.87,4573.56,16.45,0.39
28/10/19,4583.57,4606.21,4619.65,4561.64,14.9,-0.17
29/10/19,4588.00,4601.47,4641.88,4586.58,13.55,-0.11
30/10/19,4661.55,4587.05,4682.12,4586.34,22.71,1.51
31/10/19,4573.95,4656.29,4681.84,4544.14,35.38,-1.92
01/11/19,4544.91,4561.19,4593.03,4515.20,24.41,-0.33
04/11/19,4506.43,4582.17,4599.87,4497.93,24.14,-0.89
05/11/19,4516.15,4506.24,4544.46,4497.75,24.08,0.24
06/11/19,4522.63,4531.15,4552.45,4505.58,23.27,-0.19
07/11/19,4571.87,4520.72,4607.40,4508.64,29.24,1.04
08/11/19,4618.42,4592.02,4642.68,4539.21,35.66,0.57
11/11/19,4601.24,4621.27,4641.31,4561.16,33.88,-0.66
12/11/19,4647.68,4601.74,4654.15,4595.28,25.69,0.70
13/11/19,4633.47,4675.32,4678.93,4626.98,18.79,-0.80
14/11/19,4625.25,4618.78,4672.03,4595.03,10.32,0.08
15/11/19,4647.22,4604.23,4657.25,4602.80,11.34,0.92
18/11/19,4619.59,4669.23,4669.23,4569.23,8.77,-1.00
19/11/19,4556.90,4586.35,4614.36,4546.84,8.82,-1.20
20/11/19,4465.47,4545.11,4577.39,4459.01,13.23,-1.89
21/11/19,4437.02,4455.68,4502.31,4429.13,7.34,-0.64
22/11/19,4553.05,4548.02,4567.41,4470.49,0.24,2.55
25/11/19,4637.56,4588.10,4641.86,4552.25,0.05,2.00
26/11/19,4639.05,4625.47,4625.47,4621.90,0.01,0.32
27/11/19,4625.49,4621.21,4621.92,4608.38,0.59,0.02
29/11/19,4620.64,4641.44,4641.44,4547.45,0.04,-0.79
02/12/19,4573.83,4638.30,4638.30,4621.83,0.01,-0.85
03/12/19,4526.79,4641.58,4657.36,4593.51,0,-1.17
04/12/19,4515.01,4541.46,4610.07,4517.16,0.22,0.11
05/12/19,4525.21,4610.00,4610.72,4610.00,0,0.54
06/12/19,4633.40,4566.39,4566.39,4566.39,0.07,2.35
09/12/19,4640.02,4684.73,4701.76,4599.57,19.31,0.58
10/12/19,4668.50,4655.05,4689.75,4594.15,16.23,0.84
11/12/19,4658.37,4661.91,4680.29,4620.19,12.65,-0.08
12/12/19,4740.19,4640.68,4755.01,4627.27,31.7,1.96
13/12/19,4729.31,4778.16,4800.10,4703.11,31,-0.55
16/12/19,4749.18,4737.12,4781.80,4710.88,19.35,0.25
17/12/19,4719.57,4741.59,4764.32,4709.62,15.4,-0.79
18/12/19,4738.54,4717.95,4769.78,4703.75,13.87,0.45
19/12/19,4810.34,4750.55,4831.70,4746.99,16.1,1.26
20/12/19,4829.24,4802.23,4854.11,4769.55,18.09,0.56
23/12/19,4886.40,4840.82,4896.38,4812.34,16.4,0.96
24/12/19,4896.94,4882.68,4899.07,4862.72,9.4,0.13
25/12/19,4898.36,4898.36,4898.36,4898.36,0,0.03
26/12/19,4898.31,4898.31,4943.94,4881.20,13.71,-0.03
27/12/19,4924.68,4912.53,4953.98,4894.67,13.71,0.32
30/12/19,4961.02,4916.80,4970.29,4916.80,17.63,0.93
31/12/19,4927.06,4963.45,4974.87,4909.22,14.44,-0.73
02/01/20,4942.41,4931.71,4975.95,4926.00,21.48,0.32
03/01/20,4966.48,4952.85,4995.91,4916.25,19.51,-0.10
06/01/20,5033.56,4979.66,5037.88,4979.66,21.68,1.21
07/01/20,5016.94,5034.18,5047.11,4990.35,14.19,-0.30
08/01/20,5002.84,4983.53,5008.56,4937.77,18.8,0.19
09/01/20,5033.83,4981.85,5045.23,4953.37,22.49,1.04
10/01/20,5060.16,5002.68,5065.83,4992.04,25.52,0.88
13/01/20,5057.89,5042.33,5088.29,5033.14,19.67,0.31
14/01/20,5057.27,5065.78,5083.49,5023.27,19.65,-0.21
15/01/20,4973.03,5047.99,5047.99,4957.47,19.48,-1.49
16/01/20,4984.08,4986.20,4995.43,4949.30,15.94,-0.14
17/01/20,5064.38,4975.53,5072.91,4971.98,19.67,1.47
21/01/20,4927.81,5070.86,5070.86,4919.27,31.9,-2.82
22/01/20,5055.92,4905.94,5068.00,4883.91,32.18,2.73
23/01/20,5000.14,5069.40,5069.40,4983.72,19.12,-1.55
24/01/20,4950.30,4991.67,5010.93,4946.74,16.51,-0.90
27/01/20,4966.49,4947.91,4987.92,4858.60,29.86,0.16
28/01/20,5009.63,4914.94,5026.72,4914.22,18.26,1.22
29/01/20,4995.98,5020.22,5057.31,4982.43,13.51,-0.43
30/01/20,4940.53,5012.79,5012.79,4904.04,16.5,-1.44
31/01/20,4829.96,4934.43,4962.34,4822.81,27.61,-2.24
03/02/20,4767.30,4799.39,4854.31,4760.88,29.33,-0.98
04/02/20,4789.60,4754.04,4852.18,4754.04,36.87,0.76
05/02/20,4806.04,4812.44,4870.82,4792.51,24.83,0.24
06/02/20,4836.89,4809.82,4857.55,4808.40,25.01,0.59
07/02/20,4845.14,4852.29,4863.02,4798.66,27.94,-0.24
10/02/20,4861.27,4820.63,4873.38,4820.63,30.32,0.65
11/02/20,4863.78,4847.38,4886.59,4839.54,24.29,0.06
12/02/20,4890.17,4866.63,4905.14,4832.41,22.53,0.51
13/02/20,4832.61,4891.10,4891.10,4830.47,18.21,-1.21
14/02/20,4821.77,4846.81,4858.96,4807.46,11.55,-0.50
18/02/20,4858.47,4863.48,4932.92,4855.61,10.51,0.68
19/02/20,4903.17,4864.50,4942.55,4864.50,9.24,0.90
20/02/20,4928.00,4902.91,4931.58,4854.89,7.82,0.39
21/02/20,4954.69,4941.75,4959.00,4887.84,3.75,0.26
24/02/20,4857.77,4886.54,4886.54,4740.52,0.11,-2.03
25/02/20,4763.82,4815.53,4815.53,4815.53,0,-1.78
26/02/20,4692.07,4701.37,4704.95,4699.94,0.03,-1.18
27/02/20,4485.60,4613.15,4613.15,4613.15,0.01,-4.50
28/02/20,4467.68,4493.79,4493.79,4403.12,0,-1.61
02/03/20,4626.55,4590.11,4590.11,4590.11,0,3.07
03/03/20,4583.89,4659.86,4751.90,4575.85,0,-1.15
04/03/20,4630.08,4630.81,4712.44,4626.40,0,0.33
05/03/20,4669.84,4681.60,4681.60,4681.60,0,0.91
06/03/20,4660.03,4667.43,4682.23,4614.89,0,-0.88
09/03/20,4554.89,4594.22,4635.02,4488.86,0,-2.51
10/03/20,4553.55,4615.84,4664.78,4523.89,19.93,0.03
11/03/20,4535.13,4524.81,4563.86,4517.44,14.48,0.23
12/03/20,4452.19,4593.88,4593.88,4426.09,34.72,-3.01
13/03/20,4466.58,4382.40,4571.43,4324.81,31.03,1.32
16/03/20,4351.38,4395.78,4419.46,4299.57,25.83,-2.79
17/03/20,4289.67,4351.88,4419.28,4285.23,19.13,-1.50
18/03/20,4222.51,4320.92,4367.88,4148.71,28.01,-2.21
19/03/20,4107.99,4210.45,4259.06,4011.52,27.43,-3.02
20/03/20,4047.42,4171.07,4248.73,4011.23,22.81,-2.28
23/03/20,3980.87,4028.20,4038.12,3868.66,30.38,-2.85
24/03/20,4039.69,3974.76,4190.92,3907.55,23.56,1.42
25/03/20,4081.48,4062.39,4145.64,3988.30,15.52,1.04
26/03/20,3952.64,4002.07,4044.75,3931.67,11.74,-1.24
27/03/20,3873.98,3983.41,4024.17,3860.39,14.03,-2.75
30/03/20,3823.29,3849.68,3855.71,3680.01,18.72,-1.23
31/03/20,3852.29,3804.82,3897.49,3726.46,15.78,0.85
01/04/20,3698.72,3895.08,3915.71,3694.13,19.09,-5.32
02/04/20,3819.24,3739.78,3933.07,3711.51,20.78,3.26
03/04/20,3886.72,3809.71,3898.91,3786.84,13.73,1.98
06/04/20,4030.47,3865.61,4092.01,3746.33,34.09,4.06
07/04/20,4001.62,4040.96,4053.06,3960.77,24.01,-0.28
08/04/20,4088.88,4003.06,4110.90,3963.57,23.95,1.78
09/04/20,4148.43,4091.97,4158.35,4049.24,19.16,0.98
13/04/20,4022.90,4142.61,4159.38,3991.64,16.62,-2.96
14/04/20,3991.55,4010.55,4034.12,3979.39,12.62,-0.47
15/04/20,4038.75,4030.33,4072.44,3974.44,14.1,0.46
16/04/20,4054.54,4048.39,4099.85,4001.54,4.45,0.08
17/04/20,4039.54,4095.43,4115.33,4030.36,3.08,-0.04
20/04/20,4137.35,4040.86,4155.73,4020.95,4.55,2.39
21/04/20,4103.54,4164.35,4164.35,4002.70,3.47,-1.33
22/04/20,4300.35,4029.10,4302.65,3996.24,3.18,5.57
23/04/20,4316.91,4291.10,4398.12,4250.88,2.37,1.07
24/04/20,4189.51,4290.19,4316.88,4166.63,0.06,-3.43
27/04/20,4111.03,4237.57,4304.65,4162.87,0,-1.82
28/04/20,4273.33,4394.28,4394.28,4394.28,0,4.17
29/04/20,4377.90,4363.56,4363.56,4363.56,0,3.28
30/04/20,4359.14,4292.32,4351.64,4248.03,0,0.07
01/05/20,4284.36,4346.48,4351.78,4191.19,0,-2.58
04/05/20,4160.20,4215.42,4215.42,4073.97,0,-2.76
05/05/20,4081.53,4092.88,4092.88,3948.28,0,-1.98
06/05/20,4172.84,4082.27,4188.06,4051.07,0,1.71
07/05/20,4198.23,4138.35,4278.57,4124.71,14.44,1.02
08/05/20,4250.35,4183.88,4309.27,4183.88,12.67,1.59
11/05/20,4297.54,4230.76,4337.00,4230.76,10.21,0.64
12/05/20,4379.12,4245.51,4397.88,4203.47,19.22,3.02
13/05/20,4330.47,4393.78,4403.58,4292.79,18.96,-1.51
14/05/20,4367.39,4353.80,4396.07,4288.12,9.92,0.68
15/05/20,4417.10,4386.77,4463.35,4348.85,12.55,0.69
18/05/20,4375.46,4420.88,4463.27,4345.18,11.95,-0.77
19/05/20,4478.18,4386.65,4500.12,4381.36,14.71,2.42
20/05/20,4398.06,4487.21,4521.97,4389.75,14.29,-1.67
21/05/20,4390.50,4397.30,4438.89,4334.54,15.73,-0.26
22/05/20,4375.48,4410.42,4421.05,4333.71,9.72,-0.78
26/05/20,4393.98,4361.53,4486.04,4350.97,11.82,1.08
27/05/20,4429.17,4438.28,4448.91,4374.51,9.82,0.19
28/05/20,4355.75,4425.35,4429.14,4352.72,8.64,-1.32
29/05/20,4354.09,4347.29,4364.68,4276.22,16.75,0.03
01/06/20,4534.83,4348.33,4559.75,4323.42,32.11,4.29
02/06/20,4533.79,4528.53,4592.37,4506.00,20.39,0.52
03/06/20,4555.66,4547.37,4574.49,4507.45,10.64,0.18
04/06/20,4527.54,4540.37,4559.99,4501.88,13.45,-0.79
05/06/20,4668.85,4525.29,4708.90,4514.71,26.74,2.98
08/06/20,4585.07,4686.86,4686.86,4567.73,15.19,-1.59
09/06/20,4569.56,4595.23,4630.72,4546.16,14.91,-0.48
10/06/20,4576.67,4583.48,4591.04,4523.73,13.81,-0.02
11/06/20,4559.78,4573.45,4597.01,4508.88,21.25,-0.81
12/06/20,4550.83,4564.52,4591.90,4523.45,10,-0.30
15/06/20,4483.52,4543.54,4543.54,4459.21,9.62,-1.39
16/06/20,4580.34,4529.25,4603.98,4510.19,5.74,1.80
17/06/20,4679.63,4581.98,4681.15,4570.53,4.8,2.11
18/06/20,4673.39,4689.43,4716.17,4648.94,4.45,-0.28
19/06/20,4694.57,4654.15,4728.12,4654.15,2.86,0.64
22/06/20,4738.39,4661.09,4763.40,4634.56,3.6,1.56
23/06/20,4759.71,4720.45,4767.26,4662.31,5.03,0.83
24/06/20,4665.50,4769.92,4769.92,4676.10,0.19,-2.19
25/06/20,4672.03,4648.60,4671.28,4648.60,0.25,0.24
26/06/20,4578.79,4650.63,4650.63,4544.76,0.13,-2.04
29/06/20,4501.91,4538.15,4538.15,4464.91,0.08,-1.54
30/06/20,4606.73,4505.50,4606.73,4482.84,0,2.28
01/07/20,4724.16,4601.12,4740.02,4599.61,0,2.62
02/07/20,4712.99,4676.36,4707.01,4656.93,0,0.75
06/07/20,4707.23,4706.48,4754.25,4660.21,0,0.03
07/07/20,4730.98,4717.52,4742.95,4680.11,0,0.27
08/07/20,4845.94,4861.68,4862.43,4861.68,0.04,2.25
09/07/20,4760.32,4810.67,4810.67,4667.13,0.04,-2.04
10/07/20,4865.87,4883.16,4883.16,4844.06,0.02,2.16
13/07/20,4794.77,4810.56,4830.11,4758.66,0,-1.48
14/07/20,4727.20,4755.10,4755.10,4736.25,0.01,-1.66
15/07/20,4702.07,4749.40,4756.16,4702.83,0.01,-0.16
16/07/20,4727.32,4683.71,4725.81,4683.71,0.01,0.46
17/07/20,4644.42,4715.58,4715.58,4649.67,0.01,-1.38
20/07/20,4708.50,4678.60,4713.74,4678.60,0.01,1.58
21/07/20,4689.31,4704.22,4716.15,4687.82,0.02,-0.13
22/07/20,4681.03,4672.08,4697.45,4672.08,0.01,-0.27
23/07/20,4614.59,4708.11,4708.86,4614.59,0.04,-1.69
24/07/20,4482.61,4640.35,4644.84,4451.96,0.09,-2.79
27/07/20,4539.61,4451.35,4597.21,4416.94,0.15,1.22
28/07/20,4538.74,4534.99,4565.70,4503.53,0.08,-0.16
29/07/20,4574.08,4586.82,4586.82,4571.83,0.01,0.73
30/07/20,4703.71,4571.93,4692.48,4532.24,0.01,2.93
31/07/20,4667.39,4691.37,4692.11,4641.92,0.01,-0.83
03/08/20,4776.50,4714.10,4789.28,4684.03,0.08,1.97
04/08/20,4798.65,4788.89,4799.40,4747.61,0.01,0.63
05/08/20,4814.00,4779.59,4797.54,4748.93,0.01,0.67
06/08/20,4824.31,4837.04,4837.04,4806.33,0.02,0.08
07/08/20,4642.55,4857.12,4857.12,4635.04,0.03,-3.93
10/08/20,4667.71,4672.20,4700.65,4672.20,0.01,0.74
11/08/20,4703.30,4683.90,4683.90,4660.02,0.01,1.11
12/08/20,4625.32,4635.79,4635.79,4635.79,0,-1.89
13/08/20,4670.51,4666.02,4687.72,4655.55,0.01,0.95
14/08/20,4665.71,4703.16,4703.16,4685.93,0.01,-0.22
17/08/20,4680.47,4699.90,4699.90,4698.41,0,0.53
18/08/20,4652.73,4714.63,4755.65,4673.62,0,-0.37
19/08/20,4731.08,4662.22,4689.16,4662.22,0,1.31
20/08/20,4794.83,4702.56,4819.59,4702.56,0.05,1.12
21/08/20,4774.78,4777.78,4777.78,4762.79,0,-0.30
24/08/20,4832.85,4756.46,4842.49,4753.49,0.03,2.24
25/08/20,4823.01,4839.34,4883.13,4836.37,0.01,-0.28
26/08/20,4822.95,4865.99,4909.79,4831.11,0,0.00
27/08/20,4786.02,4766.07,4800.06,4766.07,0,-0.34
28/08/20,4706.41,4702.76,4702.76,4697.64,0,-0.60
31/08/20,4718.48,4732.40,4732.40,4732.40,0,0.06
01/09/20,4720.44,4740.88,4789.79,4736.50,0.02,0.39
02/09/20,4702.40,4744.17,4744.17,4700.21,0.03,-0.74
03/09/20,4664.73,4681.61,4681.61,4662.53,0.02,-0.97
04/09/20,4699.42,4648.85,4652.51,4648.85,0,0.88
08/09/20,4660.26,4744.34,4751.71,4646.99,0.01,-1.45
09/09/20,4644.19,4622.20,4642.72,4622.20,0.02,0.25
10/09/20,4697.22,4727.33,4733.21,4727.33,0.01,0.96
11/09/20,4704.57,4752.30,4753.04,4752.30,0,0.16
14/09/20,4803.78,4746.54,4831.67,4746.54,0.04,2.19
15/09/20,4813.36,4821.46,4821.46,4738.28,0.02,-0.11
16/09/20,4778.22,4812.05,4812.05,4795.87,0.01,-0.64
17/09/20,4736.80,4782.44,4782.44,4742.69,0.05,-0.95
18/09/20,4718.33,4719.80,4719.80,4719.80,0.01,-0.30
21/09/20,4689.99,4786.38,4840.83,4706.18,0.01,-0.65
22/09/20,4693.52,4699.40,4728.07,4672.93,0.01,0.16
23/09/20,4691.46,4663.50,4678.95,4663.50,0,-0.13
24/09/20,4728.02,4813.76,4841.84,4779.02,0,0.33
25/09/20,4764.47,4819.74,4876.47,4803.53,0,1.08
28/09/20,4750.47,4863.33,4912.75,4809.48,0,-0.40
29/09/20,4720.64,4841.61,4843.82,4772.27,0,-0.62
30/09/20,4744.53,4798.97,4872.54,4790.14,0,0.77
01/10/20,4730.61,4825.80,4843.37,4795.78,0,0.19
02/10/20,4728.99,4822.81,4838.20,4754.65,0,-0.14
05/10/20,4732.86,4805.25,4907.61,4800.86,0,0.33
06/10/20,4814.79,4828.75,4916.87,4824.34,0,1.28
07/10/20,4861.38,4885.58,4974.31,4872.38,0,1.11
08/10/20,4851.73,4966.81,5005.66,4919.90,0,-0.15
09/10/20,4939.07,4947.11,5015.01,4931.77,20.72,2.19
12/10/20,5015.90,4990.22,5096.60,4990.22,21.41,1.08
13/10/20,5052.81,5041.06,5083.64,5010.97,14.28,0.67
14/10/20,5049.47,5041.41,5083.16,5021.63,13.71,0.15
15/10/20,5083.17,5074.36,5086.84,5023.69,13.65,0.42
16/10/20,5135.20,5068.37,5144.02,5067.64,19.95,1.01
19/10/20,5220.30,5135.20,5224.70,5135.20,22.48,1.77
20/10/20,5216.42,5212.75,5262.69,5163.54,18.38,-0.20
21/10/20,5228.54,5211.62,5308.77,5193.95,19.94,0.03
22/10/20,5299.82,5230.57,5311.61,5217.31,16.51,1.27
23/10/20,5264.20,5294.47,5309.98,5250.17,15.32,-0.90
26/10/20,5333.98,5277.76,5353.95,5268.14,16.21,1.15
27/10/20,5303.14,5300.93,5339.95,5283.26,17.29,-0.11
28/10/20,5205.91,5341.68,5386.19,5197.01,26.62,-2.58
29/10/20,5193.21,5217.76,5240.81,5175.36,22.64,-0.50
30/10/20,5139.16,5209.25,5223.42,5098.15,24.44,-1.29
02/11/20,5121.07,5122.56,5147.90,5071.15,17.86,-0.28
03/11/20,5241.66,5129.72,5248.38,5128.98,18.58,2.20
04/11/20,5222.86,5202.04,5259.30,5178.24,17.07,-0.01
05/11/20,5179.92,5196.19,5244.24,5164.40,17.45,-0.23
06/11/20,5076.23,5178.32,5198.29,5071.05,28.45,-2.07
09/11/20,5182.45,5083.24,5215.03,5080.28,30.76,2.01
10/11/20,5189.16,5200.30,5212.19,5134.18,32.46,-0.21
11/11/20,5158.73,5207.87,5240.64,5156.49,22.32,-0.82
12/11/20,5114.43,5180.15,5184.63,5106.21,25.22,-1.15
13/11/20,5105.88,5105.14,5129.00,5087.98,17.21,-0.03
16/11/20,5174.62,5087.59,5206.60,5087.59,14.21,1.62
17/11/20,5147.31,5181.57,5204.66,5127.95,9.65,-0.66
18/11/20,5164.68,5111.32,5170.61,5108.35,6.42,0.82
19/11/20,5137.31,5150.65,5180.29,5124.71,5.28,-0.52
20/11/20,5253.63,5138.00,5281.05,5138.00,3.15,2.25
23/11/20,5357.86,5327.41,5398.70,5310.33,0.13,1.79
24/11/20,5298.87,5333.69,5333.69,5249.98,0.09,-0.86
25/11/20,5224.26,5240.49,5240.49,5231.64,0.07,-1.02
27/11/20,5299.66,5288.57,5288.57,5288.57,0.01,1.24
30/11/20,5223.66,5235.50,5235.50,5147.44,0.01,-1.52
01/12/20,5188.37,5232.47,5233.94,5143.53,0.01,0.00
02/12/20,5163.16,5175.70,5175.70,5138.08,0.07,-0.85
03/12/20,5128.06,5159.82,5159.82,5115.50,0,-0.81
04/12/20,5153.99,5123.74,5131.12,5123.74,0.01,0.63
07/12/20,5211.01,5292.17,5350.45,5266.35,0,1.10
08/12/20,5174.02,5334.74,5343.59,5286.82,0,-0.64
09/12/20,5385.98,5308.56,5398.51,5298.24,14.7,4.09
10/12/20,5476.30,5387.07,5501.38,5363.47,23.7,1.66
11/12/20,5462.51,5475.05,5511.92,5456.61,14.1,-0.24
14/12/20,5498.70,5464.09,5537.73,5464.09,14.72,0.80
15/12/20,5560.25,5492.58,5566.87,5483.75,15.18,1.23
16/12/20,5570.87,5562.03,5601.79,5548.04,12.25,0.08
17/12/20,5675.39,5562.17,5691.57,5551.87,19.06,2.04
18/12/20,5677.05,5679.25,5695.44,5654.24,14.19,-0.04
21/12/20,5534.33,5715.70,5722.36,5522.49,24.71,-3.11
22/12/20,5525.76,5521.33,5555.30,5485.88,14.58,0.08
23/12/20,5617.61,5518.74,5636.79,5489.23,12.87,1.76
24/12/20,5604.89,5593.86,5633.58,5583.56,5.14,0.08
25/12/20,5602.91,5602.91,5602.91,5602.91,0,-0.04
27/12/20,#N/A,#N/A,#N/A,#N/A,0,0.00
28/12/20,5615.39,5619.07,5638.93,5600.68,5.77,0.24
29/12/20,5652.92,5630.16,5670.54,5605.21,9.51,0.86
30/12/20,5703.04,5632.09,5709.62,5624.77,13.03,1.25
31/12/20,5706.98,5696.02,5726.70,5660.22,8.62,0.19
04/01/21,5771.13,5718.51,5839.09,5718.51,22.29,1.09
05/01/21,5876.00,5775.08,5903.05,5775.08,20.74,1.75
06/01/21,5855.27,5880.87,5918.90,5845.03,17.48,-0.36
07/01/21,5856.78,5873.67,5925.80,5848.70,14.66,-0.37
08/01/21,5850.33,5849.60,5895.80,5834.20,12.25,0.01
11/01/21,5909.51,5877.92,5914.66,5778.73,20.16,0.83
12/01/21,5982.48,5890.95,5987.61,5847.75,22.76,1.58
13/01/21,5920.92,5977.99,6005.79,5909.21,18.71,-0.95
14/01/21,5930.44,5913.63,5957.48,5864.67,12.64,0.28
15/01/21,5901.59,5932.31,5954.98,5894.28,12.91,-0.55
19/01/21,5939.53,5919.77,5990.77,5910.25,16.48,0.56
20/01/21,5949.13,5906.12,5960.80,5876.95,15.92,0.54
21/01/21,6025.13,5953.62,6060.89,5939.76,17.54,1.20
22/01/21,5952.66,6022.72,6025.64,5948.28,22.43,-1.22
25/01/21,6007.62,5951.43,6017.84,5947.06,14.81,0.94
26/01/21,5957.88,6000.90,6002.36,5914.14,22.58,-0.75
27/01/21,5906.98,5971.28,6023.16,5895.29,17.43,-1.06
28/01/21,5830.41,5897.52,5937.64,5824.58,20.64,-1.13
29/01/21,5879.14,5831.02,5894.45,5814.25,14.62,0.89
01/02/21,5851.79,5899.32,5966.59,5835.71,20.15,-0.76
02/02/21,5883.67,5850.86,5907.01,5818.78,17.99,0.82
03/02/21,5897.29,5875.44,5908.21,5857.97,16.39,0.37
04/02/21,6148.65,5909.36,6188.04,5897.68,38.43,4.06
05/02/21,6024.71,6134.66,6181.27,6013.79,33.61,-1.83
08/02/21,6146.96,6053.61,6181.97,6033.91,25.26,1.86
09/02/21,6333.37,6149.05,6347.94,6149.05,27.85,3.14
10/02/21,6163.55,6296.77,6314.97,6144.63,27.05,-2.60
11/02/21,6282.87,6144.00,6309.05,6144.00,17.96,2.06
12/02/21,6335.37,6254.79,6339.72,6195.98,11.91,1.00
16/02/21,6421.30,6361.55,6478.14,6361.55,8.35,0.97
17/02/21,6435.70,6410.21,6445.17,6378.89,6.12,0.27
18/02/21,6440.47,6413.61,6476.76,6387.48,5.4,0.42
19/02/21,6454.21,6439.70,6483.96,6390.36,2.67,0.25
22/02/21,6586.43,6448.05,6576.29,6448.05,0.17,2.20
23/02/21,6613.54,6614.27,6621.51,6550.57,0.02,0.51
24/02/21,6683.77,6702.59,6815.52,6670.01,0,1.05
25/02/21,6419.02,6684.54,6761.65,6506.31,0.1,-4.43
26/02/21,6493.15,6497.58,6497.58,6492.41,0.01,-0.48
01/03/21,6625.54,6494.87,6494.87,6494.87,0.01,2.78
02/03/21,6552.37,6571.42,6571.42,6571.42,0,-0.91
03/03/21,6338.49,6639.00,6646.29,6431.85,0,-2.84
04/03/21,6225.73,6455.59,6501.41,6303.56,0,-1.51
05/03/21,6309.71,6349.23,6431.94,6270.19,0,0.72
08/03/21,6365.45,6528.31,6549.58,6399.93,0,0.65
09/03/21,6023.67,6398.47,6417.39,6136.47,0,-4.61
10/03/21,6198.05,6132.59,6297.69,6027.14,23.35,2.96
11/03/21,6423.05,6195.49,6438.31,6180.23,17.09,3.67
12/03/21,6364.74,6422.16,6432.34,6247.71,13.02,-0.89
15/03/21,6290.24,6373.65,6373.65,6207.55,11.77,-0.96
16/03/21,6303.00,6283.42,6347.24,6244.99,9.44,0.23
17/03/21,6278.03,6307.78,6352.78,6256.99,7.62,-0.47
18/03/21,6212.22,6297.27,6352.53,6204.95,10.12,-1.23
19/03/21,6131.93,6208.69,6211.59,6057.35,14.63,-0.90
22/03/21,6124.80,6148.68,6163.88,6092.22,7.59,-0.07
23/03/21,6060.52,6137.43,6157.74,6047.46,10.23,-1.29
24/03/21,5984.73,6063.86,6076.93,5946.26,15.54,-1.30
25/03/21,5699.84,5987.60,6017.39,5699.84,30.35,-4.85
26/03/21,5836.79,5681.40,5891.25,5600.07,22.03,2.47
29/03/21,5856.05,5874.24,5882.24,5815.31,11.47,0.14
30/03/21,5922.60,5910.85,5963.73,5862.38,10.76,0.19
31/03/21,5916.21,5903.04,5954.25,5749.43,20.61,0.30
01/04/21,5716.23,5921.56,5978.02,5701.56,22.21,-3.62
05/04/21,5710.08,5773.87,5836.19,5693.22,10.99,-0.09
06/04/21,5821.88,5710.17,5943.87,5710.17,21.9,1.72
07/04/21,5912.26,5891.43,5997.04,5863.17,18.19,0.35
08/04/21,6071.31,5951.24,6110.84,5936.33,20.68,2.40
09/04/21,6158.08,6078.12,6235.06,6073.63,20.74,1.22
12/04/21,6009.70,6179.18,6193.42,6000.70,22.02,-2.74
13/04/21,6158.59,6032.14,6169.88,6009.56,23.1,2.10
14/04/21,6320.05,6132.40,6329.81,6109.13,16.85,2.91
15/04/21,6353.54,6290.02,6369.24,6239.21,16.04,0.97
16/04/21,6239.74,6319.50,6343.35,6230.80,8.03,-1.54
19/04/21,6232.84,6274.02,6366.09,6222.36,8.36,-0.54
20/04/21,6315.84,6294.73,6378.42,6294.73,5.17,0.61
21/04/21,6399.49,6333.10,6401.75,6299.16,2.64,1.27
22/04/21,6358.16,6385.20,6444.54,6331.11,3.16,-0.22
23/04/21,6557.12,6339.08,6573.61,6339.08,1.7,3.39
26/04/21,6568.15,6608.52,6608.52,6533.01,0.01,0.40
27/04/21,6718.32,6537.07,6631.05,6537.07,0.01,2.52
28/04/21,6610.51,6785.57,6787.80,6604.55,0,-1.48
29/04/21,6364.45,6539.33,6539.33,6488.20,0,-3.21
30/04/21,6474.63,6486.48,6486.48,6480.55,0,1.79
03/05/21,6437.84,6544.88,6581.79,6460.73,0,-0.25
04/05/21,6356.76,6373.73,6373.73,6373.73,0,-1.19
05/05/21,6364.64,6295.25,6383.83,6295.25,0,0.07
06/05/21,6586.18,6452.21,6688.49,6441.17,0,3.77
07/05/21,6567.95,6651.46,6666.11,6484.44,15.72,0.20
10/05/21,6499.01,6567.32,6587.16,6396.16,15.08,-1.33
11/05/21,6438.66,6470.21,6519.37,6409.31,12.05,-0.81
12/05/21,6488.26,6448.55,6599.30,6430.16,15.26,0.55
13/05/21,6244.33,6486.08,6486.08,6227.43,23.55,-3.68
14/05/21,6042.12,6229.03,6322.13,6017.93,22.93,-3.00
17/05/21,6036.94,6064.80,6128.61,6013.47,16.94,-0.13
18/05/21,6137.35,6013.89,6158.54,6013.89,14.84,2.05
19/05/21,6071.40,6164.39,6169.52,6015.76,15.98,-1.30
20/05/21,5952.91,6077.04,6117.93,5950.72,21.35,-1.68
21/05/21,6031.53,5937.59,6115.28,5937.59,15.5,1.58
24/05/21,6032.19,6023.45,6040.21,5981.21,9.2,0.00
25/05/21,6020.87,6012.87,6080.57,5998.31,13.43,-0.13
26/05/21,5995.45,6014.36,6045.63,5952.54,10.34,-0.33
27/05/21,6006.57,5995.67,6018.93,5936.77,11.4,0.21
28/05/21,5946.31,5981.79,6003.51,5932.55,11.37,-0.59
01/06/21,6138.88,6003.35,6182.60,5996.79,18.12,2.59
02/06/21,6111.86,6133.75,6169.50,6077.57,14.99,-0.57
03/06/21,6151.12,6131.40,6181.07,6102.91,13.16,0.53
04/06/21,6252.25,6136.38,6291.60,6090.47,19.09,1.89
07/06/21,6142.34,6249.37,6298.15,6123.41,15.77,-1.68
08/06/21,6211.39,6164.70,6266.83,6147.19,15.85,0.92
09/06/21,6321.96,6266.49,6332.91,6219.78,13.24,1.74
10/06/21,6384.27,6325.07,6390.85,6269.53,17.67,0.85
11/06/21,6372.32,6386.96,6426.52,6343.75,17.98,-0.41
14/06/21,6217.07,6367.10,6367.10,6081.67,16.25,-2.36
15/06/21,6256.14,6228.26,6279.62,6172.51,8.54,0.39
16/06/21,6252.56,6261.35,6297.99,6196.13,5.8,0.06
17/06/21,6244.24,6316.94,6341.42,6205.66,6.06,-1.36
18/06/21,6257.21,6236.46,6315.02,6234.23,3.97,0.30
21/06/21,6234.43,6253.71,6264.83,6198.10,3.67,-0.39
22/06/21,6260.91,6236.38,6307.75,6214.82,2.8,0.15
23/06/21,6411.01,6265.68,6425.84,6243.43,2.44,2.66
24/06/21,6382.57,6326.92,6400.37,6326.92,0.1,-0.50
25/06/21,6414.83,6448.98,6497.22,6434.13,0,0.46
28/06/21,6436.67,6326.00,6326.00,6326.00,0,0.27
29/06/21,6426.21,6556.98,6563.66,6468.56,0,-0.20
30/06/21,6248.89,6335.90,6335.90,6335.90,0,-2.84
01/07/21,6338.77,6352.19,6472.99,6332.81,0,1.17
02/07/21,6410.78,6417.49,6494.24,6400.35,0,1.20
06/07/21,6443.17,6548.34,6629.65,6421.54,0,0.41
07/07/21,6479.92,6528.54,6577.91,6478.43,0,0.29
08/07/21,6418.67,6548.72,6553.20,6450.81,0,-0.87
09/07/21,6554.11,6479.62,6554.86,6479.62,0.01,2.46
12/07/21,6595.00,6567.41,6590.52,6559.96,0.01,0.55
13/07/21,6622.24,6614.78,6614.78,6614.78,0.01,0.34
14/07/21,6744.75,6665.07,6726.88,6665.07,0.07,2.03
15/07/21,6697.57,6741.56,6763.92,6713.23,0.04,-0.81
16/07/21,6767.13,6688.79,6765.63,6688.79,0.01,0.96
19/07/21,6520.88,6778.39,6778.39,6508.15,0.21,-3.96
20/07/21,6623.93,6550.14,6659.70,6527.03,0.02,2.02
21/07/21,6636.76,6590.57,6624.10,6590.57,0.01,0.25
22/07/21,6721.05,6649.58,6747.86,6649.58,0.02,1.32
23/07/21,6722.25,6744.57,6745.32,6678.33,0.02,0.06
26/07/21,6712.16,6658.63,6718.85,6590.24,0.02,-0.03
27/07/21,6760.49,6757.51,6779.86,6738.89,0.04,0.50
28/07/21,6772.80,6779.50,6817.50,6763.86,0.04,0.19
29/07/21,6738.75,6778.84,6788.49,6712.76,0.03,-0.17
30/07/21,6678.32,6722.93,6722.93,6635.95,0.05,-1.02
02/08/21,6697.24,6698.73,6743.35,6673.45,0.01,0.27
03/08/21,6704.87,6670.71,6697.44,6655.86,0.02,0.26
04/08/21,6729.16,6726.93,6751.41,6708.39,0.04,0.47
05/08/21,6755.70,6697.16,6773.48,6697.16,0.04,0.50
06/08/21,6861.45,6766.42,6862.93,6766.42,0.05,1.37
09/08/21,6800.75,6863.32,6863.32,6756.06,0.05,-1.21
10/08/21,6903.10,6836.85,6912.03,6834.62,0.01,1.58
11/08/21,6805.46,6878.98,6883.44,6867.84,0.01,-1.19
12/08/21,6968.52,6821.37,6993.04,6804.28,0.03,2.32
13/08/21,7068.58,6919.35,7090.11,6919.35,0.04,1.54
16/08/21,7035.02,7044.67,7046.15,7015.00,0.01,-0.38
17/08/21,7117.69,7125.87,7238.92,7079.01,0.04,0.90
18/08/21,7096.18,7090.24,7155.61,7012.23,0.04,-0.19
19/08/21,6952.30,7083.95,7102.55,6937.42,0.02,-2.15
20/08/21,6981.65,6898.38,7029.24,6898.38,0.01,0.46
23/08/21,7008.72,7033.19,7044.31,6996.12,0.02,0.68
24/08/21,7099.26,6997.70,7108.16,6901.32,0.01,1.29
25/08/21,7111.81,7105.88,7131.09,7089.58,0.01,0.20
26/08/21,7071.42,7093.67,7093.67,7068.45,0.01,-0.61
27/08/21,7073.44,6994.09,7076.38,6991.15,0.01,0.95
30/08/21,7008.12,7037.44,7042.57,7002.25,0.01,-0.69
31/08/21,6850.83,6949.31,6949.31,6890.95,0.01,-1.78
01/09/21,6872.48,6868.83,6952.77,6853.50,0.04,0.26
02/09/21,6945.79,6736.26,6844.31,6732.61,0,1.05
03/09/21,6979.97,6971.21,6971.21,6962.45,0.01,0.50
07/09/21,7007.10,7043.09,7043.09,7041.62,0.01,-0.22
08/09/21,7025.38,7072.61,7093.27,7072.61,0,-0.22
09/09/21,6954.51,7030.26,7030.26,6953.77,0.01,-0.67
10/09/21,7001.69,6967.13,7007.57,6874.49,0.03,0.71
13/09/21,6945.27,6928.35,6928.35,6928.35,0,-0.86
14/09/21,6993.52,6960.38,7003.83,6902.20,0.06,0.58
15/09/21,6953.04,6960.38,6960.38,6950.83,0.01,-0.31
16/09/21,6872.64,7029.36,7029.36,6871.91,0.05,-1.33
17/09/21,6872.55,6857.82,6869.61,6857.09,0.02,-0.10
20/09/21,6620.67,6803.33,6838.68,6667.81,0.06,-3.68
21/09/21,6724.07,6621.56,6775.69,6621.56,0.05,1.44
22/09/21,6779.35,6794.85,6800.02,6775.66,0.05,0.71
23/09/21,6887.21,6800.85,6800.85,6800.85,0,1.61
24/09/21,7149.56,6836.56,7097.89,6800.39,0,3.79
27/09/21,7302.03,7089.41,7371.43,7089.41,0,2.13
28/09/21,7487.52,7267.89,7531.30,7246.37,0,2.02
29/09/21,7722.53,7571.71,7571.71,7571.71,0,3.00
30/09/21,7995.53,7569.79,7856.09,7565.34,0,3.71
01/10/21,7899.20,7845.07,7954.81,7737.55,0,-1.18
04/10/21,7975.69,7796.68,7968.24,7731.05,0,0.38
05/10/21,8271.50,7838.27,8122.37,7836.04,0,3.74
06/10/21,8457.39,8258.48,8519.46,8168.00,0,1.96
07/10/21,8503.86,8322.04,8512.09,8129.74,0,0.49
08/10/21,8309.49,8385.37,8751.26,8289.20,32.34,-2.68
11/10/21,8278.50,8294.33,8364.45,8094.51,22.84,-0.73
12/10/21,8030.41,8259.90,8521.84,8007.01,24.52,-3.11
13/10/21,7821.28,8011.05,8012.56,7794.17,25.1,-2.37
14/10/21,8031.96,7799.48,8088.96,7792.73,20.79,3.12
15/10/21,8052.97,8061.97,8335.83,7986.94,27.34,0.21
18/10/21,8050.48,8065.52,8249.78,7927.89,15.93,-0.27
19/10/21,8100.19,8047.61,8140.75,7906.38,14.64,0.74
20/10/21,8283.71,8030.85,8303.91,7967.27,16.19,2.69
21/10/21,7948.72,8269.24,8338.89,7929.25,20.95,-4.15
22/10/21,8119.39,7971.64,8178.64,7967.89,13.64,2.00
25/10/21,8142.89,8090.37,8262.92,8079.87,11.65,0.26
26/10/21,8146.94,8133.46,8209.90,8119.22,11.8,0.16
27/10/21,8296.63,8168.26,8328.91,8081.93,16.86,1.66
28/10/21,8505.64,8268.56,8540.79,8189.29,21.37,2.90
29/10/21,8606.28,8523.86,8628.77,8403.96,22.84,0.98
01/11/21,8968.47,8616.73,8969.21,8611.49,38.04,4.34
02/11/21,8757.99,8990.29,9088.14,8715.41,26.53,-2.16
03/11/21,8846.39,8748.11,8894.78,8617.82,23.91,1.34
04/11/21,8681.86,8840.65,8840.65,8661.73,20.16,-1.99
05/11/21,8670.70,8658.09,8722.64,8589.09,21.72,0.35
08/11/21,8615.49,8663.54,8750.77,8598.49,19.42,-0.27
09/11/21,8855.01,8645.10,8938.09,8619.14,22.19,2.43
10/11/21,8831.57,8843.48,8985.61,8814.46,20.21,-0.59
11/11/21,8808.94,8829.75,8858.73,8734.63,18.16,-0.12
12/11/21,8749.90,8821.27,8840.60,8663.66,23.52,-0.72
15/11/21,8751.40,8753.63,8793.81,8668.07,9.02,-0.06
16/11/21,8784.44,8774.76,8816.45,8716.68,11.99,0.31
17/11/21,8888.32,8755.41,9031.64,8733.13,8.45,1.46
18/11/21,8721.06,8877.55,8936.14,8684.72,6.54,-1.76
19/11/21,8864.01,8745.05,8943.56,8714.56,4.63,1.39
22/11/21,8762.92,8853.74,8893.20,8747.29,2.85,-1.27
23/11/21,8960.44,8758.69,8980.54,8695.41,0.21,2.25
24/11/21,8983.00,8941.95,9012.85,8916.58,0.09,0.02
26/11/21,8752.58,8820.14,8895.20,8630.22,0.1,-3.14
29/11/21,8754.58,8858.15,8870.91,8706.55,0.03,0.04
30/11/21,8384.92,8741.64,8741.64,8373.65,0.05,-4.29
01/12/21,8206.55,8325.08,8496.13,8283.07,0.01,-2.02
02/12/21,8166.30,8252.54,8252.54,8207.55,0,-0.45
03/12/21,8223.84,8193.74,8320.90,8193.74,0.02,0.37
06/12/21,8444.99,8334.92,8334.92,8334.92,0,2.48
07/12/21,8390.76,8440.53,8457.12,8399.81,0.01,-0.66
08/12/21,8409.09,8010.30,8053.27,7931.90,0,0.25
09/12/21,8058.10,8035.42,8089.09,7938.65,10.13,-4.45
10/12/21,8043.52,8048.07,8110.15,8004.91,9.02,-0.34
13/12/21,8092.99,8049.05,8169.52,8032.38,9.15,0.55
14/12/21,8053.17,8115.52,8139.86,8033.39,8.78,-0.85
15/12/21,8077.60,8085.99,8141.73,8051.63,9.66,-0.10
16/12/21,8355.86,8066.36,8364.24,8066.36,17.27,3.68
17/12/21,8156.19,8302.14,8315.82,8128.83,12.21,-2.17
20/12/21,7992.54,8155.36,8155.36,7896.37,14.24,-1.64
21/12/21,8120.88,8008.07,8202.64,8003.53,9.67,1.64
22/12/21,8212.31,8076.48,8251.55,8041.77,9.28,1.45
23/12/21,8187.82,8152.55,8212.58,8119.54,5.72,0.27
27/12/21,8418.75,8166.07,8449.50,8136.08,11.08,2.90
28/12/21,8222.39,8377.05,8418.14,8199.97,9.56,-1.99
29/12/21,8425.66,8206.43,8498.00,8202.70,12.2,2.67
30/12/21,8508.61,8408.15,8582.28,8334.48,10.99,1.19
31/12/21,8387.12,8491.40,8527.90,8369.25,7.8,-1.52
02/01/22,#N/A,#N/A,#N/A,#N/A,0,0.91
03/01/22,8424.31,8389.34,8526.98,8389.34,8.19,-0.35
04/01/22,8674.55,8453.94,8770.69,8449.47,17.43,2.79
05/01/22,8637.86,8636.37,8740.37,8580.66,12.21,-0.09
06/01/22,8533.45,8610.06,8638.33,8524.52,12.44,-1.34
07/01/22,8550.88,8539.00,8680.13,8527.11,12.58,0.35
10/01/22,8529.16,8522.50,8615.03,8499.55,13.65,0.09
11/01/22,8564.25,8494.86,8605.59,8488.96,10.67,0.69
12/01/22,8681.48,8553.07,8781.11,8538.31,18.91,1.40
13/01/22,8642.89,8702.81,8761.98,8613.30,14.04,-0.68
14/01/22,8876.47,8672.54,8891.30,8621.38,12.65,2.45
18/01/22,9028.33,8930.65,9049.95,8876.96,15.84,1.15
19/01/22,9228.70,9015.76,9290.49,9002.35,17.24,2.37
20/01/22,9149.88,9232.54,9292.12,9093.29,13.29,-0.87
21/01/22,8984.89,9067.48,9143.38,8978.93,15.82,-1.73
24/01/22,8985.40,9046.61,9143.65,8897.33,17.64,-0.31
25/01/22,9043.24,9004.35,9082.13,8978.18,13.36,0.45
26/01/22,9162.88,9058.02,9189.85,9046.04,12.47,1.17
27/01/22,9147.67,9169.48,9186.03,9089.01,10.74,-0.57
28/01/22,9287.69,9140.60,9425.78,9006.27,22.8,1.75
31/01/22,9511.11,9227.05,9521.55,9189.03,19.57,3.08
01/02/22,9518.04,9527.01,9670.54,9313.97,25.49,-0.19
02/02/22,9452.39,9536.94,9611.01,9417.97,15.46,-0.79
03/02/22,9526.07,9420.07,9532.04,9350.65,18.19,1.02
04/02/22,9460.51,9532.17,9616.52,9382.88,21.68,-0.69
07/02/22,9374.43,9463.27,9476.71,9358.00,24.55,-0.92
08/02/22,9500.52,9382.46,9513.22,9343.61,23.18,1.26
09/02/22,9457.98,9505.85,9528.29,9413.09,22.2,-0.57
10/02/22,9437.32,9496.65,9557.48,9425.30,21.94,-0.61
11/02/22,9439.60,9463.71,9524.74,9412.47,22.28,-0.30
14/02/22,9304.08,9481.94,9496.32,9204.93,16.36,-1.88
15/02/22,9249.78,9261.05,9280.60,9209.18,9.77,0.09
16/02/22,9149.35,9234.15,9252.16,9123.08,10,-0.92
17/02/22,9157.55,9182.34,9216.89,9120.00,6.76,0.02
18/02/22,9185.75,9106.59,9275.38,9106.59,6.2,0.87
22/02/22,9038.44,9077.25,9082.47,8933.21,0.28,-1.53
23/02/22,9135.94,9094.88,9143.40,9000.09,0.05,1.07
24/02/22,9269.64,9334.67,9476.83,9277.96,0.02,0.16
25/02/22,9168.16,9009.00,9174.92,9009.00,0.01,-0.38
28/02/22,9256.49,9297.27,9298.02,9297.27,0.02,0.37
01/03/22,9575.06,9216.61,9700.10,9216.61,0.02,3.08
02/03/22,9230.86,9422.23,9475.93,9200.61,0.03,-3.41
03/03/22,9386.22,9378.62,9407.49,9378.62,0.01,1.24
04/03/22,9186.29,9457.59,9457.59,9201.57,0.01,-2.71
07/03/22,9287.80,9183.12,9297.81,9183.12,0.05,0.38
08/03/22,9395.48,9323.96,9382.41,9323.96,0,1.25
09/03/22,9293.40,9072.65,9100.15,8948.92,0,-0.41
10/03/22,8917.59,8964.14,9040.45,8903.09,9.16,-3.95
11/03/22,9260.13,8959.44,9313.68,8945.67,18.29,3.57
14/03/22,9079.97,9252.74,9270.33,8994.34,13.73,-1.87
15/03/22,9063.41,9076.40,9152.06,8944.96,14.65,-0.14
16/03/22,9128.76,9029.70,9257.54,9003.79,10.03,1.01
17/03/22,9253.68,9097.25,9315.19,9084.34,11.66,1.72
18/03/22,9649.61,9269.28,9649.61,9267.76,18.97,4.10
21/03/22,9917.81,9714.13,10047.50,9695.82,22.8,2.48
22/03/22,9903.72,9920.47,9934.94,9757.49,11.12,0.02
23/03/22,9951.20,9964.21,10175.43,9938.19,12.69,-0.01
24/03/22,9988.32,9922.70,10042.50,9870.81,13.52,0.67
25/03/22,10367.13,9985.71,10367.13,9985.71,15.24,3.82
28/03/22,10581.84,10325.41,10789.56,10199.86,27.2,2.33
29/03/22,10351.87,10561.46,10713.55,10342.03,17.77,-1.63
30/03/22,10603.09,10390.78,10630.38,10339.22,13.5,2.21
31/03/22,10302.67,10617.77,10680.79,10277.61,18.81,-2.97
01/04/22,10225.13,10335.32,10448.55,10192.45,15.92,-0.84
04/04/22,10407.71,10155.70,10457.51,10155.70,12.88,2.52
05/04/22,10378.70,10408.89,10599.06,10328.14,16.02,-0.30
06/04/22,10305.25,10456.38,10514.10,10263.48,22.04,-1.34
07/04/22,10111.61,10312.78,10359.09,10086.56,26.17,-1.84
08/04/22,10057.86,10133.06,10223.46,10049.51,25.58,-0.59
11/04/22,10259.85,10045.24,10334.17,9978.50,22.6,2.18
12/04/22,10538.12,10289.33,10594.42,10284.76,20.85,2.38
13/04/22,10867.94,10568.02,10914.37,10466.01,18.91,3.08
14/04/22,10831.94,10903.65,11149.31,10736.57,12.77,-0.55
18/04/22,11041.35,10832.33,11087.12,10832.33,5.54,1.94
19/04/22,10677.84,11069.24,11131.16,10627.38,12.02,-3.50
20/04/22,10707.40,10662.41,10864.52,10630.37,5.18,0.51
21/04/22,10569.15,10705.66,10741.50,10566.10,3.26,-1.28
22/04/22,10665.20,10599.44,10815.86,10431.19,1.58,0.63
25/04/22,10852.93,10615.78,10667.97,10615.78,0.03,1.40
26/04/22,10929.20,10883.19,10913.86,10825.68,0.01,0.79
27/04/22,11194.40,10980.60,10982.13,10956.08,0.02,2.49
28/04/22,11736.64,10923.17,11322.63,10794.37,0,4.79
29/04/22,11658.58,11862.93,11874.41,11844.56,0,-0.49
02/05/22,12020.38,11855.18,11980.61,11855.18,0.01,3.17
03/05/22,11725.15,11576.03,11692.26,11341.27,0,-2.44
04/05/22,12054.08,11447.64,11894.65,11376.70,0,3.06
05/05/22,11631.66,11804.58,11871.15,11382.22,0,-3.80
06/05/22,11305.91,11401.36,11444.47,11038.02,0,-3.39
09/05/22,11057.78,11100.33,11463.17,11033.02,17.05,-2.68
10/05/22,11038.54,11009.97,11214.61,10973.67,10.85,0.01
11/05/22,11118.23,11085.71,11223.53,11022.22,12.97,0.46
12/05/22,11269.12,11118.12,11456.51,11077.85,14.08,1.34
13/05/22,11250.10,11275.66,11360.12,11122.25,11.41,-0.23
16/05/22,11725.54,11337.15,11750.45,11337.15,15.68,3.75
17/05/22,11502.09,11661.69,11772.48,11485.82,14.82,-1.45
18/05/22,11241.21,11589.02,11606.92,11139.28,16.38,-2.69
19/05/22,11434.20,11182.60,11524.00,10924.80,19.7,2.24
20/05/22,11077.85,11473.41,11524.02,11045.93,13.62,-3.68
23/05/22,11069.55,11058.69,11240.15,10920.66,12.4,0.34
24/05/22,10965.81,11059.56,11064.98,10899.18,13.33,-0.85
25/05/22,11254.40,10962.88,11407.91,10912.49,19.08,2.56
26/05/22,10916.40,11223.84,11285.95,10896.99,20.4,-3.13
27/05/22,10822.34,10921.70,11021.83,10793.62,11.38,-0.85
31/05/22,10784.57,10818.71,11018.92,10758.96,12.5,-0.32
01/06/22,10552.81,10796.35,10839.01,10516.36,20.9,-2.10
02/06/22,10766.97,10534.00,10885.40,10380.75,15.86,2.24
03/06/22,10724.84,10799.35,10920.43,10560.30,11.95,-0.67
06/06/22,10718.10,10853.50,11017.68,10657.41,15.55,-0.32
07/06/22,10636.08,10697.44,10754.13,10570.07,18.34,-0.57
08/06/22,10927.44,10682.66,11026.91,10651.57,16.02,2.68
09/06/22,11400.68,10917.44,11409.24,10860.64,16.93,4.19
10/06/22,11335.57,11480.92,11541.87,11291.81,25.75,-0.99
13/06/22,11376.63,11348.51,11446.14,11231.36,12.17,0.41
14/06/22,11194.60,11363.90,11384.97,11185.23,7.98,-1.50
15/06/22,11192.52,11228.48,11369.97,11139.37,8.17,-0.21
16/06/22,11192.04,11190.48,11501.61,11185.80,6.84,0.24
17/06/22,11182.21,11191.57,11371.64,11161.17,5.11,-0.06
21/06/22,11212.87,11212.09,11407.42,11204.27,8.44,0.04
22/06/22,11204.76,11225.08,11336.10,11179.74,6.3,-0.13
23/06/22,10652.73,11213.81,11231.78,10652.73,5.81,-4.88
24/06/22,8119.74,10349.22,10349.22,7825.50,0.17,-23.88
27/06/22,7871.45,8000.88,8000.88,8000.88,0.01,-3.29
28/06/22,7908.98,8136.49,8136.49,8136.49,0.01,-0.23
29/06/22,8232.38,8131.34,8289.23,8131.34,0,4.16
30/06/22,8207.62,8212.36,8291.33,8212.36,0.03,-0.33
01/07/22,8186.16,8606.20,8606.20,8606.20,0,-0.25
05/07/22,7904.42,7723.63,7729.18,7412.78,19.6,-3.86
06/07/22,7484.96,7386.94,7440.69,6995.66,31.59,-5.01
07/07/22,7768.65,7015.70,7315.77,6975.32,18.43,3.62
08/07/22,8135.95,7956.75,8149.43,7830.68,0.09,4.58
11/07/22,8137.32,8261.24,8268.39,8038.82,0.01,-0.17
12/07/22,7822.53,8042.65,8042.65,7837.63,0.01,-3.90
13/07/22,7602.27,7808.64,7808.64,7510.64,0.04,-3.08
14/07/22,7305.03,7607.11,7607.91,7305.03,0.06,-4.19
15/07/22,7692.07,7248.47,7692.07,7248.47,0.02,5.47
18/07/22,8035.11,7767.06,8067.11,7767.06,0.01,4.16
19/07/22,8002.47,8032.02,8048.79,7782.05,0.02,-0.22
20/07/22,8030.90,7992.50,8091.71,7991.70,0.02,0.18
21/07/22,7955.55,8030.63,8223.13,7866.09,0.08,-0.78
22/07/22,7938.99,7999.67,8010.85,7924.62,0.01,-0.17
25/07/22,7774.20,7887.40,7891.38,7758.25,0.08,-1.92
26/07/22,7961.44,7787.34,7973.42,7588.49,0.08,2.23
27/07/22,7972.42,7973.22,8105.79,7902.15,0.04,0.14
28/07/22,8152.54,8014.77,8190.77,8014.77,0.04,2.54
29/07/22,8183.47,8177.12,8257.27,8177.12,0.01,0.74
01/08/22,7920.00,8085.05,8085.05,7828.40,0.03,-2.75
02/08/22,7928.89,7845.57,8046.79,7703.29,0.01,0.58
03/08/22,7940.28,7979.84,7979.84,7949.78,0.01,-0.51
04/08/22,7926.00,7939.46,7939.46,7899.08,0.01,-0.24
05/08/22,8069.83,8070.63,8073.80,7960.31,0.01,1.56
08/08/22,8084.85,8076.89,8148.53,8069.73,0.01,-0.10
09/08/22,8318.56,8063.13,8333.68,8055.97,0.03,2.91
10/08/22,8443.39,8236.95,8574.69,8207.69,0.07,2.11
11/08/22,8789.37,8510.82,8786.18,8508.43,0.02,3.46
12/08/22,9115.26,8793.47,9115.26,8666.03,0.02,3.62
15/08/22,9500.97,9232.11,9500.97,9232.11,0.02,4.37
16/08/22,9689.05,9527.36,9907.00,9527.36,0.07,2.35
17/08/22,9389.88,9693.82,9693.82,9305.75,0.03,-3.21
18/08/22,9341.49,9470.70,9471.50,9470.70,0.01,-1.01
19/08/22,9571.02,9256.11,9479.11,9222.55,0.01,2.25
22/08/22,9414.11,9665.65,9696.79,9665.65,0,-1.55
23/08/22,9284.17,9263.41,9318.51,9263.41,0.01,-1.38
24/08/22,9381.73,9341.04,9410.46,9314.70,0.01,1.13
25/08/22,9360.34,9106.32,9374.72,9051.20,12.92,-0.33
26/08/22,9766.06,9542.94,9770.86,9542.14,0.05,4.22
29/08/22,9758.06,9710.88,9725.27,9663.70,0.01,-0.08
30/08/22,9360.36,9519.73,9519.73,9333.27,0.04,-3.73
31/08/22,9405.36,9470.56,9470.56,9311.53,0.01,0.70
01/09/22,9029.33,9378.42,9400.73,9030.12,0.03,-4.23
02/09/22,8641.07,9030.11,9071.57,8713.61,0.05,-4.33
06/09/22,8651.83,8856.36,8856.36,8661.42,0.01,-0.09
07/09/22,8450.87,8646.80,8684.24,8466.00,0.02,-2.02
08/09/22,8632.02,8495.75,8646.37,8495.75,0.01,2.09
09/09/22,8723.82,8284.12,8429.89,8280.93,12.06,1.11
12/09/22,8745.71,8332.28,8578.28,8095.80,15.39,0.63
13/09/22,8463.28,8624.08,8624.08,8476.82,0.01,-3.53
14/09/22,8509.26,8421.06,8421.06,8421.06,0,0.72
15/09/22,8403.31,8224.45,8317.87,8143.00,11.19,-1.73
16/09/22,8068.63,8165.06,8165.06,8165.06,0.01,-3.80
19/09/22,7775.21,7899.56,7950.57,7520.92,25.7,-3.65
20/09/22,7461.59,7609.16,7609.16,7499.08,0.01,-4.10
21/09/22,7773.78,7538.76,7796.96,7538.76,0.04,3.97
22/09/22,7849.23,7899.49,8000.82,7827.35,0.05,-0.43
23/09/22,7677.78,7984.12,7984.12,7653.41,0,-2.42
26/09/22,7372.37,7550.31,7651.53,7202.59,24.26,-4.41
27/09/22,7358.70,7253.27,7506.62,7155.20,19.31,-0.31
28/09/22,7364.62,7223.74,7275.05,6978.64,20.18,0.44
29/09/22,7098.51,7211.78,7246.82,6926.57,20.65,-3.68
30/09/22,7599.48,7581.55,7581.55,7581.55,0,7.01
03/10/22,7510.24,6960.05,7024.45,6740.79,20.23,-1.16
04/10/22,7833.29,6874.30,7186.36,6869.41,20.44,4.34
05/10/22,7448.75,7206.25,7390.78,6793.11,25.91,-5.11
06/10/22,7461.80,6862.56,7000.46,6739.42,18.13,-0.36
07/10/22,7639.60,6875.88,7023.33,6754.95,17.28,1.46
10/10/22,7268.83,6982.13,7268.83,6883.27,16.06,-4.34
11/10/22,7310.78,7292.68,7386.47,7161.86,19.68,0.71
12/10/22,6978.47,7271.84,7294.03,6973.54,21.06,-4.43
13/10/22,6969.06,6979.74,7033.99,6739.74,21.95,-0.15
14/10/22,6848.82,6983.90,7072.03,6836.46,12.79,-1.93
17/10/22,6829.08,6824.97,6959.76,6821.69,13.04,-0.07
18/10/22,6772.30,6838.14,6892.46,6730.33,15.75,-0.96
19/10/22,6499.64,6855.79,6947.94,6499.64,25.44,-4.86
20/10/22,6410.66,6476.92,6597.84,6389.12,21.49,-1.14
21/10/22,6531.47,6396.93,6597.50,6256.61,25.08,2.24
24/10/22,6300.59,6571.22,6687.09,6300.59,17.88,-3.79
25/10/22,6475.58,6282.48,6526.74,6275.87,17.09,3.07
26/10/22,6375.64,6428.89,6524.75,6363.35,12.7,-0.83
27/10/22,6188.54,6411.00,6434.89,6164.64,18.1,-3.48
28/10/22,5932.35,6148.71,6200.54,5932.35,16.49,-3.99
31/10/22,5960.16,5969.27,6061.15,5811.98,22.71,-0.15
01/11/22,6199.50,5963.92,6199.50,5951.52,13.67,4.17
02/11/22,6536.38,6486.74,6536.38,6331.19,31.1,5.33
03/11/22,6867.25,6610.77,6867.25,6427.92,35.91,5.06
04/11/22,7126.70,6841.40,7203.76,6661.04,36.85,4.73
07/11/22,7159.48,7056.37,7221.67,6943.45,33.51,0.64
08/11/22,7135.40,7117.49,7268.05,7019.03,21.39,0.22
09/11/22,7037.21,7133.21,7220.26,6849.28,24.71,-1.35
10/11/22,6965.68,6974.55,7051.16,6848.76,18.53,-0.14
11/11/22,7100.54,6965.29,7144.82,6954.02,19.79,2.11
14/11/22,6907.00,7143.49,7159.69,6894.04,15.44,-3.31
15/11/22,7196.02,6921.12,7239.80,6911.39,14.47,4.06
16/11/22,7207.42,7236.76,7485.32,7156.08,9.02,-0.34
17/11/22,7097.24,7181.23,7242.38,6983.09,6.72,-1.58
18/11/22,6952.80,7106.29,7113.64,6872.79,8.74,-2.16
21/11/22,6633.04,6946.06,6946.06,6633.04,7.98,-4.70
22/11/22,6800.66,6619.24,6859.49,6540.79,2.71,2.54
23/11/22,6852.27,6822.07,6858.80,6693.91,0.48,0.87
25/11/22,6646.54,6831.21,6831.21,6820.58,0,-3.10
28/11/22,6548.33,6683.87,6683.87,6531.18,0.13,-1.40
29/11/22,6660.68,6595.38,6595.38,6595.38,0,1.75
30/11/22,7002.23,6770.32,6957.48,6770.32,0.04,5.45
01/12/22,6971.50,7119.16,7119.97,6975.56,0.04,-0.14
02/12/22,6863.59,6910.83,6987.38,6710.49,11.25,-1.92
05/12/22,6956.59,6945.12,6990.17,6938.57,0.01,0.78
06/12/22,7043.82,7034.75,7099.09,7034.75,0,0.53
07/12/22,6791.86,6954.65,6994.94,6673.47,17.23,-3.26
08/12/22,6653.15,6760.12,6920.59,6645.74,13.72,-2.13
09/12/22,6671.90,6667.78,6902.68,6601.84,18.9,0.12
12/12/22,6561.35,6690.27,6767.14,6531.59,14.22,-1.93
13/12/22,6726.56,6533.73,6789.18,6493.36,18.27,2.82
14/12/22,6712.62,6720.87,6809.96,6651.57,10.98,-0.32
15/12/22,6714.31,6742.48,6792.20,6662.93,11.58,-0.42
16/12/22,6777.49,6703.85,6808.93,6602.09,13.49,1.10
19/12/22,6951.48,6772.90,7089.55,6724.12,16.98,2.64
20/12/22,7256.46,6945.85,7276.29,6908.67,16.36,4.47
21/12/22,7318.75,7277.30,7430.64,7240.83,15.6,0.52
22/12/22,6995.64,7327.58,7352.47,6995.64,13.09,-4.53
23/12/22,7054.54,6979.20,7102.55,6955.19,9.3,1.08
27/12/22,6978.02,7060.03,7093.99,6959.80,7.36,-1.14
28/12/22,6890.85,6959.54,7041.48,6816.36,10.37,-1.16
29/12/22,6841.52,6892.02,6945.00,6831.58,7.1,-0.74
30/12/22,6898.45,6838.05,7003.54,6830.60,7.53,0.88
03/01/23,6882.25,6901.29,7106.58,6854.10,13.02,-0.28
04/01/23,6649.73,6875.41,6964.69,6643.95,18.86,-3.25
05/01/23,6820.78,6649.80,6915.76,6648.98,16.64,2.66
06/01/23,7049.32,6794.27,7083.88,6755.60,16.47,3.75
09/01/23,7085.56,7040.36,7229.37,6950.78,21.88,0.63
10/01/23,6918.96,7020.18,7032.42,6881.41,14.17,-1.69
11/01/23,6879.15,6907.73,7008.15,6808.94,14.88,-0.59
12/01/23,6654.26,6845.68,6883.81,6638.85,19.97,-2.63
13/01/23,6688.94,6665.37,6779.17,6636.92,18.13,0.30
17/01/23,6761.01,6726.72,6793.66,6691.62,14.29,0.64
18/01/23,6907.35,6748.53,7028.70,6748.53,21.39,2.40
19/01/23,6775.02,6889.58,6957.82,6762.02,18.15,-1.67
20/01/23,7021.31,6768.64,7028.60,6767.83,19.41,3.97
23/01/23,7120.80,7064.58,7225.91,6991.24,22.81,0.80
24/01/23,7037.10,7125.22,7125.22,6987.32,13.36,-1.32
25/01/23,7064.44,7023.68,7132.91,6938.90,12.76,0.49
26/01/23,7126.44,7069.43,7238.83,7055.58,17.02,0.97
27/01/23,7082.84,7120.34,7137.45,7019.26,10.05,-0.70
30/01/23,6937.78,7113.06,7125.29,6888.86,18.48,-2.06
31/01/23,7050.12,6974.90,7101.64,6951.18,22.41,1.32
01/02/23,6999.22,7031.92,7112.86,6973.87,17.24,-0.71
02/02/23,7087.78,7039.38,7161.62,7009.02,16.55,0.91
03/02/23,7025.17,7084.37,7109.04,6993.92,17.02,-1.11
06/02/23,6890.59,7044.51,7083.40,6874.04,22.34,-2.53
07/02/23,7096.16,6900.58,7208.86,6900.58,32.55,2.83
08/02/23,7056.26,7076.09,7099.24,6954.59,23.42,-0.30
09/02/23,7057.17,7042.31,7123.20,7024.15,27.19,0.15
10/02/23,7036.48,7038.96,7067.84,6953.14,17.7,-0.27
13/02/23,7073.61,7033.13,7163.64,6981.92,16.69,0.43
14/02/23,7080.94,7089.23,7122.40,6998.03,9.37,-0.28
15/02/23,6832.25,7055.72,7076.41,6789.21,14.28,-3.34
16/02/23,6720.59,6823.99,6930.69,6699.92,7.68,-1.57
17/02/23,6641.89,6724.66,6766.04,6621.20,6.55,-1.23
21/02/23,6704.14,6657.75,6917.89,6611.35,4.28,0.83
22/02/23,6813.18,6781.70,6857.08,6781.70,0.09,1.64
23/02/23,6808.55,6862.25,6862.25,6774.68,0.02,0.19
24/02/23,7059.41,6799.85,6849.61,6799.85,0.01,3.30
27/02/23,7025.42,7017.15,7025.42,6884.91,13.87,-0.15
28/02/23,6957.88,7004.16,7004.16,6921.52,0,-0.95
01/03/23,6971.53,6927.01,7096.00,6908.05,17.27,0.45
02/03/23,6823.11,7041.35,7103.12,6844.52,20.41,-2.03
03/03/23,6893.87,6888.15,6888.15,6888.15,0,1.83
06/03/23,6942.82,6887.19,6985.36,6813.55,13.59,0.58
07/03/23,6799.05,6817.92,6817.92,6817.92,0,-2.32
08/03/23,6780.96,6795.71,6841.60,6733.42,15.01,-0.18
09/03/23,6750.66,6776.91,6867.13,6710.47,15.57,-0.53
10/03/23,6408.02,6737.52,6741.62,6408.02,37.57,-5.01
13/03/23,6678.11,6473.28,6678.11,6412.40,34.65,3.84
14/03/23,6693.50,6630.16,6785.63,6605.48,20.01,0.23
15/03/23,6558.77,6740.34,6775.99,6484.99,21.83,-2.78
16/03/23,6540.60,6548.03,6599.26,6407.57,20.98,0.06
17/03/23,6424.09,6528.91,6547.07,6344.02,17.53,-1.68
20/03/23,6372.97,6404.33,6560.31,6328.40,17.45,-0.78
21/03/23,6438.51,6393.02,6546.85,6386.40,14.04,0.82
22/03/23,6460.06,6437.78,6585.50,6418.79,13.92,0.55
23/03/23,6382.12,6433.12,6537.60,6346.74,13.79,-0.89
24/03/23,6302.23,6384.57,6410.91,6233.06,17.86,-1.34
27/03/23,6536.54,6316.25,6538.19,6292.41,18.67,3.89
28/03/23,6783.14,6548.05,6783.14,6548.05,21.28,3.77
29/03/23,6803.37,6783.64,6857.62,6684.17,22.29,0.29
30/03/23,6855.35,6788.03,6892.30,6736.31,16.77,0.89
31/03/23,6803.27,6873.95,6878.06,6760.54,16.29,-0.86
03/04/23,6772.05,6854.25,6875.63,6730.95,15.89,-0.48
04/04/23,6655.02,6764.22,6815.13,6586.86,17.75,-1.61
05/04/23,6643.28,6637.55,6717.03,6597.39,13.54,0.02
06/04/23,6809.09,6665.87,6827.91,6645.41,25.57,2.63
10/04/23,6759.66,6804.76,6856.41,6749.83,19.61,-0.90
11/04/23,6791.29,6756.82,6817.55,6721.53,20.09,0.36
12/04/23,6757.60,6777.27,6816.61,6724.00,23.94,-0.36
13/04/23,6807.61,6738.19,6845.18,6717.77,23.17,1.09
14/04/23,6781.68,6819.33,6856.16,6773.49,18.25,-0.59
17/04/23,6831.02,6797.39,6885.14,6777.71,12.61,0.53
18/04/23,6941.98,6839.35,6973.18,6831.14,10.08,1.50
19/04/23,6848.99,6952.66,6988.04,6837.47,5.73,-1.55
20/04/23,6508.77,6827.48,6838.16,6508.77,5.55,-4.81
21/04/23,6433.93,6497.94,6561.94,6434.75,1.59,-1.05
24/04/23,6473.20,6635.48,6675.64,6528.11,0.31,0.73
25/04/23,6313.23,6249.28,6249.28,6249.28,0.01,-2.51
26/04/23,6255.46,6426.34,6530.99,6384.64,16.06,-0.64
27/04/23,6425.25,6435.06,6627.09,6383.58,19.24,2.77
28/04/23,6460.31,6606.63,6606.63,6606.63,0,0.51
01/05/23,6505.58,6588.18,6672.43,6535.84,11.48,0.65
02/05/23,6427.12,6648.72,6732.12,6554.68,14.05,-1.18
03/05/23,6296.24,6601.28,6607.01,6424.64,16.39,-2.05
04/05/23,6537.18,6456.28,6681.84,6450.55,23.68,3.90
05/05/23,6712.07,6824.04,6824.04,6824.04,0.04,2.68
08/05/23,6667.52,6861.34,6940.67,6791.83,16.34,-0.73
09/05/23,6651.30,6831.16,6831.16,6602.85,21.7,-0.66
10/05/23,6616.26,6632.65,6685.08,6570.39,14.46,-0.28
11/05/23,6536.80,6627.93,6669.80,6528.59,17.79,-1.41
12/05/23,6619.65,6543.20,6720.75,6543.20,16.11,1.14
15/05/23,6776.33,6625.78,6847.91,6624.96,17.25,2.28
16/05/23,6861.42,6776.66,6909.98,6706.72,20.9,1.23
17/05/23,7164.29,6856.10,7169.24,6826.43,41.23,4.27
18/05/23,7168.95,7155.71,7210.31,7082.91,32.32,-0.32
19/05/23,7189.52,7154.70,7293.98,7140.61,23.93,0.07
22/05/23,7068.34,7184.32,7228.23,7009.52,20.54,-1.61
23/05/23,6987.13,7067.48,7095.65,6946.54,15.48,-1.14
24/05/23,6756.20,6973.64,6977.77,6729.75,22.72,-3.12
25/05/23,6629.29,6760.85,6849.38,6607.78,25.93,-1.96
26/05/23,6882.63,6615.08,6914.83,6615.08,29.56,4.03
30/05/23,6945.30,6916.36,7156.17,6843.59,26.84,0.77
31/05/23,6902.96,6986.48,6986.48,6826.89,19.75,-0.61
01/06/23,7110.38,6892.34,7149.05,6874.24,26.19,3.52
02/06/23,7090.78,7121.27,7182.25,7045.46,16.76,-0.43
05/06/23,6997.29,7096.32,7134.29,6963.46,20.75,-1.46
06/06/23,7041.83,6988.20,7072.36,6970.87,17.01,0.65
07/06/23,7014.18,7040.58,7054.61,6935.79,20.25,-0.39
08/06/23,6956.92,7013.86,7175.59,6940.42,27.98,-0.82
09/06/23,6928.68,6950.94,6977.32,6906.42,20.29,-0.32
12/06/23,6880.83,6931.10,6931.10,6847.04,14.45,-0.65
13/06/23,6802.89,6869.51,6930.36,6793.02,11.12,-0.92
14/06/23,6703.51,6779.73,6794.48,6696.13,7.33,-1.12
15/06/23,6706.38,6719.49,6719.49,6667.07,0.02,0.11
16/06/23,6721.13,6665.42,6721.13,6665.42,0.01,0.21
20/06/23,6785.09,6740.81,6813.80,6739.99,0.02,0.84
21/06/23,6728.09,6696.96,6735.47,6696.96,0.01,-0.76
22/06/23,6703.51,6675.64,6724.82,6607.62,0.03,-0.39
23/06/23,6544.86,6683.42,6683.42,6508.79,0.05,-2.40
26/06/23,6325.19,6504.72,6585.87,6298.14,0.13,-3.34
27/06/23,6274.66,6359.13,6359.13,6255.80,0.02,-0.84
28/06/23,6404.90,6249.87,6416.39,6249.87,0.09,2.05
29/06/23,6503.54,6412.40,6576.61,6345.90,0.02,1.45
30/06/23,6697.39,6551.26,6749.11,6551.26,0.05,2.99
03/07/23,6765.38,6731.78,6801.44,6719.49,0.02,1.20
05/07/23,6722.44,6773.53,6803.19,6692.77,0.04,-1.19
06/07/23,6880.34,6689.98,6952.34,6689.98,0.06,1.90
07/07/23,6717.43,6865.31,6949.57,6707.51,0.1,-2.19
10/07/23,6540.11,6684.53,6704.33,6517.00,19.26,-2.53
11/07/23,6766.28,6548.75,6776.99,6531.45,34.19,3.62
12/07/23,6694.08,6732.61,6812.95,6668.66,31.39,-0.57
13/07/23,6701.84,6710.05,6734.66,6658.36,15.18,0.04
14/07/23,6666.29,6704.05,6780.38,6627.72,17.86,-0.56
17/07/23,6738.77,6664.10,6773.23,6646.87,14,1.12
18/07/23,6749.85,6730.15,6811.40,6703.07,20.08,0.15
19/07/23,6872.11,6728.51,6892.62,6724.41,25.97,1.82
20/07/23,6920.16,6874.20,6968.59,6855.32,22.75,0.67
21/07/23,6926.52,6926.52,7034.74,6824.03,26.69,0.20
24/07/23,6965.66,6910.04,6993.47,6871.60,17.12,0.80
25/07/23,7127.11,6961.77,7136.94,6948.67,32.06,2.24
26/07/23,7206.30,7091.57,7212.04,7031.74,34.1,0.99
27/07/23,6932.24,7211.57,7261.68,6923.20,30.05,-4.04
28/07/23,6930.64,6956.96,7047.44,6920.77,18.67,-0.14
31/07/23,6967.80,6909.40,7098.57,6888.02,20.16,0.55
01/08/23,7099.79,6996.03,7104.73,6967.21,20.01,1.77
02/08/23,6998.55,7124.31,7133.41,6952.22,20.84,-1.89
03/08/23,7009.35,6995.28,7060.66,6889.35,19.23,0.13
04/08/23,6970.45,7016.76,7040.74,6930.75,12.84,-0.48
07/08/23,7064.27,6981.50,7110.63,6975.70,17.08,1.25
08/08/23,7061.38,7080.44,7082.10,6995.07,17.61,-0.16
09/08/23,7073.04,7061.44,7089.61,7015.03,11.38,0.18
10/08/23,7119.78,7042.92,7161.93,7031.35,17.63,0.94
11/08/23,7285.91,7141.66,7363.83,7046.33,34.59,2.02
14/08/23,7192.57,7294.05,7303.20,7084.44,26.2,-1.62
15/08/23,7083.64,7214.32,7223.48,7076.15,14.36,-1.58
16/08/23,7050.57,7076.37,7115.48,7024.77,15.19,-0.45
17/08/23,6951.34,7041.96,7050.27,6933.88,20.17,-1.31
18/08/23,6952.17,6977.94,7021.17,6944.68,14.18,0.01
21/08/23,6955.46,6962.94,7075.94,6947.99,14.21,0.11
22/08/23,7005.25,6968.72,7050.93,6942.14,11.08,0.78
23/08/23,7080.84,6971.10,7095.69,6955.42,15.28,1.73
24/08/23,7109.31,7096.93,7150.60,7063.07,14.55,0.31
25/08/23,7215.04,7105.13,7229.91,7084.47,23.91,1.42
28/08/23,7175.46,7196.11,7255.58,7112.69,14.84,-0.50
29/08/23,7174.85,7172.38,7224.40,7126.96,12.42,0.02
30/08/23,7259.50,7175.24,7284.29,7175.24,16.66,1.14
31/08/23,7262.89,7261.24,7314.99,7228.98,19.17,-0.07
01/09/23,7437.88,7263.40,7442.01,7239.42,35.99,2.43
05/09/23,7370.01,7394.92,7409.86,7237.99,33.59,-1.32
06/09/23,7238.14,7390.39,7406.20,7210.68,25.44,-1.98
07/09/23,7099.35,7242.37,7279.78,7081.05,28.85,-1.86
08/09/23,7130.87,7096.84,7191.47,7073.60,14.87,0.62
11/09/23,7276.96,7124.43,7331.68,7120.28,20.19,2.18
12/09/23,7315.66,7268.43,7341.34,7227.01,18.52,0.59
13/09/23,7206.14,7301.51,7317.27,7181.26,18.41,-1.60
14/09/23,7288.28,7212.74,7296.58,7191.99,11.8,1.05
15/09/23,7180.48,7295.12,7334.99,7173.84,17.03,-1.55
18/09/23,7244.49,7207.02,7298.62,7199.52,12.82,0.65
19/09/23,7291.29,7247.97,7366.27,7230.47,14.26,0.60
20/09/23,7202.43,7255.50,7268.77,7199.11,12.79,-0.75
21/09/23,7185.83,7212.42,7223.23,7136.80,16.31,-0.45
22/09/23,7127.95,7160.31,7250.75,7098.08,16.21,-0.65
25/09/23,7329.57,7141.70,7342.87,7132.55,22.9,2.63
26/09/23,7339.22,7324.24,7391.66,7257.66,22.83,0.01
27/09/23,7344.88,7319.93,7440.54,7299.96,22.88,0.14
28/09/23,7376.24,7370.42,7474.35,7355.45,21.19,0.46
29/09/23,7236.06,7375.55,7413.75,7225.27,18.4,-1.76
02/10/23,7298.52,7261.09,7315.99,7211.19,15.5,0.69
03/10/23,7275.40,7302.03,7309.52,7242.95,12.16,-0.36
04/10/23,7243.58,7304.36,7320.17,7212.78,12.11,-0.48
05/10/23,7200.13,7239.23,7326.59,7192.64,19.27,-0.54
06/10/23,7242.90,7198.02,7272.83,7193.86,12.96,0.69
09/10/23,7250.59,7277.23,7389.63,7226.45,0,-0.06
10/10/23,7256.72,7386.45,7395.60,7251.73,11.36,0.20
11/10/23,7072.76,7110.18,7164.23,7017.04,28.53,-2.53
12/10/23,7217.91,7223.74,7279.55,7154.61,9.53,1.89
13/10/23,7307.29,7229.03,7333.10,7203.22,8.57,1.28
16/10/23,7083.63,7170.98,7173.47,7036.21,23.44,-2.99
17/10/23,6928.07,7087.89,7087.89,6906.42,32.47,-2.25
18/10/23,7016.35,6938.89,7038.01,6830.61,35.02,1.21
19/10/23,7002.58,6995.11,7012.56,6848.02,20.51,0.04
20/10/23,6851.56,6993.75,6995.41,6777.56,31.37,-2.22
23/10/23,6955.53,6835.91,7052.73,6785.24,33.19,1.61
24/10/23,6884.02,6950.43,7009.36,6854.14,19.57,-0.96
25/10/23,6967.96,6882.33,6997.06,6878.17,14.63,1.06
26/10/23,7041.53,6972.43,7092.30,6951.62,19.47,0.93
27/10/23,7025.90,7059.21,7114.16,6980.10,17.15,-0.25
30/10/23,6902.26,7024.64,7097.06,6892.27,19.83,-1.74
31/10/23,6762.05,6906.09,6918.57,6756.22,26.78,-2.04
01/11/23,6612.35,6773.83,6773.83,6600.69,32.22,-2.19
02/11/23,6642.07,6621.26,6726.97,6615.44,24.08,0.45
03/11/23,6619.61,6634.57,6692.77,6584.69,16.75,-0.23
06/11/23,6491.00,6609.17,6654.94,6479.35,29.93,-2.03
07/11/23,6365.43,6487.78,6505.26,6346.29,36.28,-1.95
08/11/23,6231.82,6365.79,6400.74,6221.84,36.59,-2.08
09/11/23,6375.57,6248.93,6439.73,6240.59,35.68,2.18
10/11/23,6452.77,6348.61,6478.60,6292.78,0,1.20