Date,Year,Month,Day,Season,Output,AREA,YIELD,PROD,BSTK,IMPTS,CONS,EXPTS,ENDSTK,S/MU
9/1/2023,2023,9,1,2023,98.05,33069.74,757.94,25064.78,21116.19,8942.58,23212.94,8942.27,22979.88,0.99
8/31/2023,2023,8,31,2022,97.95,32209.2,764.43,24621.74,19407.14,8054.4,23451.16,8066.15,21116.19,0.9
8/30/2023,2023,8,30,2022,96.95,32209.2,764.43,24621.74,19407.14,8054.4,23451.16,8066.15,21116.19,0.9
8/29/2023,2023,8,29,2022,96.95,32209.2,764.43,24621.74,19407.14,8054.4,23451.16,8066.15,21116.19,0.9
8/25/2023,2023,8,25,2022,96.10,32209.2,764.43,24621.74,19407.14,8054.4,23451.16,8066.15,21116.19,0.9
8/24/2023,2023,8,24,2022,95.85,32209.2,764.43,24621.74,19407.14,8054.4,23451.16,8066.15,21116.19,0.9
8/23/2023,2023,8,23,2022,94.40,32209.2,764.43,24621.74,19407.14,8054.4,23451.16,8066.15,21116.19,0.9
8/22/2023,2023,8,22,2022,94.10,32209.2,764.43,24621.74,19407.14,8054.4,23451.16,8066.15,21116.19,0.9
8/21/2023,2023,8,21,2022,94.10,32209.2,764.43,24621.74,19407.14,8054.4,23451.16,8066.15,21116.19,0.9
8/18/2023,2023,8,18,2022,94.10,32209.2,764.43,24621.74,19407.14,8054.4,23451.16,8066.15,21116.19,0.9
8/17/2023,2023,8,17,2022,95.15,32209.2,764.43,24621.74,19407.14,8054.4,23451.16,8066.15,21116.19,0.9
8/16/2023,2023,8,16,2022,95.65,32209.2,764.43,24621.74,19407.14,8054.4,23451.16,8066.15,21116.19,0.9
8/15/2023,2023,8,15,2022,96.95,32209.2,764.43,24621.74,19407.14,8054.4,23451.16,8066.15,21116.19,0.9
8/14/2023,2023,8,14,2022,98.35,32209.2,764.43,24621.74,19407.14,8054.4,23451.16,8066.15,21116.19,0.9
8/11/2023,2023,8,11,2022,96.70,32209.2,764.43,24621.74,19407.14,8054.4,23451.16,8066.15,21116.19,0.9
8/10/2023,2023,8,10,2022,95.90,32209.2,764.43,24621.74,19407.14,8054.4,23451.16,8066.15,21116.19,0.9
8/9/2023,2023,8,9,2022,95.90,32209.2,764.43,24621.74,19407.14,8054.4,23451.16,8066.15,21116.19,0.9
8/8/2023,2023,8,8,2022,96.05,32209.2,764.43,24621.74,19407.14,8054.4,23451.16,8066.15,21116.19,0.9
8/7/2023,2023,8,7,2022,95.05,32209.2,764.43,24621.74,19407.14,8054.4,23451.16,8066.15,21116.19,0.9
8/4/2023,2023,8,4,2022,95.60,32209.2,764.43,24621.74,19407.14,8054.4,23451.16,8066.15,21116.19,0.9
8/3/2023,2023,8,3,2022,95.60,32209.2,764.43,24621.74,19407.14,8054.4,23451.16,8066.15,21116.19,0.9
8/2/2023,2023,8,2,2022,97.25,32209.2,764.43,24621.74,19407.14,8054.4,23451.16,8066.15,21116.19,0.9
8/1/2023,2023,8,1,2022,95.75,32209.2,764.43,24621.74,19407.14,8054.4,23451.16,8066.15,21116.19,0.9
7/31/2023,2023,7,31,2022,94.90,32209.2,764.43,24621.74,19407.14,8054.4,23451.16,8066.15,21116.19,0.9
7/28/2023,2023,7,28,2022,94.90,32209.2,764.43,24621.74,19407.14,8054.4,23451.16,8066.15,21116.19,0.9
7/27/2023,2023,7,27,2022,98.00,32209.2,764.43,24621.74,19407.14,8054.4,23451.16,8066.15,21116.19,0.9
7/26/2023,2023,7,26,2022,97.20,32209.2,764.43,24621.74,19407.14,8054.4,23451.16,8066.15,21116.19,0.9
7/25/2023,2023,7,25,2022,95.40,32209.2,764.43,24621.74,19407.14,8054.4,23451.16,8066.15,21116.19,0.9
7/24/2023,2023,7,24,2022,94.65,32209.2,764.43,24621.74,19407.14,8054.4,23451.16,8066.15,21116.19,0.9
7/21/2023,2023,7,21,2022,94.35,32209.2,764.43,24621.74,19407.14,8054.4,23451.16,8066.15,21116.19,0.9
7/20/2023,2023,7,20,2022,93.80,32209.2,764.43,24621.74,19407.14,8054.4,23451.16,8066.15,21116.19,0.9
7/19/2023,2023,7,19,2022,92.45,32209.2,764.43,24621.74,19407.14,8054.4,23451.16,8066.15,21116.19,0.9
7/18/2023,2023,7,18,2022,92.40,32209.2,764.43,24621.74,19407.14,8054.4,23451.16,8066.15,21116.19,0.9
7/17/2023,2023,7,17,2022,91.50,32209.2,764.43,24621.74,19407.14,8054.4,23451.16,8066.15,21116.19,0.9
7/14/2023,2023,7,14,2022,91.90,32209.2,764.43,24621.74,19407.14,8054.4,23451.16,8066.15,21116.19,0.9
7/13/2023,2023,7,13,2022,91.90,32209.2,764.43,24621.74,19407.14,8054.4,23451.16,8066.15,21116.19,0.9
7/12/2023,2023,7,12,2022,92.10,32209.2,764.43,24621.74,19407.14,8054.4,23451.16,8066.15,21116.19,0.9
7/11/2023,2023,7,11,2022,89.55,32209.2,764.43,24621.74,19407.14,8054.4,23451.16,8066.15,21116.19,0.9
7/10/2023,2023,7,10,2022,91.35,32209.2,764.43,24621.74,19407.14,8054.4,23451.16,8066.15,21116.19,0.9
7/7/2023,2023,7,7,2022,90.85,32209.2,764.43,24621.74,19407.14,8054.4,23451.16,8066.15,21116.19,0.9
7/6/2023,2023,7,6,2022,91.75,32209.2,764.43,24621.74,19407.14,8054.4,23451.16,8066.15,21116.19,0.9
7/5/2023,2023,7,5,2022,92.95,32209.2,764.43,24621.74,19407.14,8054.4,23451.16,8066.15,21116.19,0.9
7/4/2023,2023,7,4,2022,92.95,32209.2,764.43,24621.74,19407.14,8054.4,23451.16,8066.15,21116.19,0.9
7/3/2023,2023,7,3,2022,91.95,32209.2,764.43,24621.74,19407.14,8054.4,23451.16,8066.15,21116.19,0.9
6/30/2023,2023,6,30,2022,90.25,32209.2,764.43,24621.74,19407.14,8054.4,23451.16,8066.15,21116.19,0.9
6/29/2023,2023,6,29,2022,88.90,32209.2,764.43,24621.74,19407.14,8054.4,23451.16,8066.15,21116.19,0.9
6/28/2023,2023,6,28,2022,88.70,32209.2,764.43,24621.74,19407.14,8054.4,23451.16,8066.15,21116.19,0.9
6/27/2023,2023,6,27,2022,89.30,32209.2,764.43,24621.74,19407.14,8054.4,23451.16,8066.15,21116.19,0.9
6/26/2023,2023,6,26,2022,90.10,32209.2,764.43,24621.74,19407.14,8054.4,23451.16,8066.15,21116.19,0.9
6/23/2023,2023,6,23,2022,91.70,32209.2,764.43,24621.74,19407.14,8054.4,23451.16,8066.15,21116.19,0.9
6/22/2023,2023,6,22,2022,92.00,32209.2,764.43,24621.74,19407.14,8054.4,23451.16,8066.15,21116.19,0.9
6/21/2023,2023,6,21,2022,92.15,32209.2,764.43,24621.74,19407.14,8054.4,23451.16,8066.15,21116.19,0.9
6/20/2023,2023,6,20,2022,91.65,32209.2,764.43,24621.74,19407.14,8054.4,23451.16,8066.15,21116.19,0.9
6/19/2023,2023,6,19,2022,91.65,32209.2,764.43,24621.74,19407.14,8054.4,23451.16,8066.15,21116.19,0.9
6/1/2023,2023,6,1,2022,93.75,32209.2,764.43,24621.74,19407.14,8054.4,23451.16,8066.15,21116.19,0.9
5/31/2023,2023,5,31,2022,94.15,32209.2,764.43,24621.74,19407.14,8054.4,23451.16,8066.15,21116.19,0.9
5/30/2023,2023,5,30,2022,93.75,32209.2,764.43,24621.74,19407.14,8054.4,23451.16,8066.15,21116.19,0.9
5/26/2023,2023,5,26,2022,90.65,32209.2,764.43,24621.74,19407.14,8054.4,23451.16,8066.15,21116.19,0.9
5/25/2023,2023,5,25,2022,91.95,32209.2,764.43,24621.74,19407.14,8054.4,23451.16,8066.15,21116.19,0.9
5/24/2023,2023,5,24,2022,94.45,32209.2,764.43,24621.74,19407.14,8054.4,23451.16,8066.15,21116.19,0.9
5/23/2023,2023,5,23,2022,95.40,32209.2,764.43,24621.74,19407.14,8054.4,23451.16,8066.15,21116.19,0.9
5/22/2023,2023,5,22,2022,96.95,32209.2,764.43,24621.74,19407.14,8054.4,23451.16,8066.15,21116.19,0.9
5/19/2023,2023,5,19,2022,97.50,32209.2,764.43,24621.74,19407.14,8054.4,23451.16,8066.15,21116.19,0.9
5/18/2023,2023,5,18,2022,97.85,32209.2,764.43,24621.74,19407.14,8054.4,23451.16,8066.15,21116.19,0.9
5/17/2023,2023,5,17,2022,95.05,32209.2,764.43,24621.74,19407.14,8054.4,23451.16,8066.15,21116.19,0.9
5/16/2023,2023,5,16,2022,94.15,32209.2,764.43,24621.74,19407.14,8054.4,23451.16,8066.15,21116.19,0.9
5/15/2023,2023,5,15,2022,92.45,32209.2,764.43,24621.74,19407.14,8054.4,23451.16,8066.15,21116.19,0.9
5/12/2023,2023,5,12,2022,91.85,32209.2,764.43,24621.74,19407.14,8054.4,23451.16,8066.15,21116.19,0.9
5/11/2023,2023,5,11,2022,93.20,32209.2,764.43,24621.74,19407.14,8054.4,23451.16,8066.15,21116.19,0.9
5/10/2023,2023,5,10,2022,93.45,32209.2,764.43,24621.74,19407.14,8054.4,23451.16,8066.15,21116.19,0.9
5/9/2023,2023,5,9,2022,95.70,32209.2,764.43,24621.74,19407.14,8054.4,23451.16,8066.15,21116.19,0.9
5/5/2023,2023,5,5,2022,94.20,32209.2,764.43,24621.74,19407.14,8054.4,23451.16,8066.15,21116.19,0.9
5/4/2023,2023,5,4,2022,91.20,32209.2,764.43,24621.74,19407.14,8054.4,23451.16,8066.15,21116.19,0.9
5/3/2023,2023,5,3,2022,92.95,32209.2,764.43,24621.74,19407.14,8054.4,23451.16,8066.15,21116.19,0.9
5/2/2023,2023,5,2,2022,94.15,32209.2,764.43,24621.74,19407.14,8054.4,23451.16,8066.15,21116.19,0.9
4/28/2023,2023,4,28,2022,93.15,32209.2,764.43,24621.74,19407.14,8054.4,23451.16,8066.15,21116.19,0.9
4/27/2023,2023,4,27,2022,91.45,32209.2,764.43,24621.74,19407.14,8054.4,23451.16,8066.15,21116.19,0.9
4/26/2023,2023,4,26,2022,91.70,32209.2,764.43,24621.74,19407.14,8054.4,23451.16,8066.15,21116.19,0.9
4/25/2023,2023,4,25,2022,93.75,32209.2,764.43,24621.74,19407.14,8054.4,23451.16,8066.15,21116.19,0.9
4/24/2023,2023,4,24,2022,93.30,32209.2,764.43,24621.74,19407.14,8054.4,23451.16,8066.15,21116.19,0.9
4/21/2023,2023,4,21,2022,93.30,32209.2,764.43,24621.74,19407.14,8054.4,23451.16,8066.15,21116.19,0.9
4/20/2023,2023,4,20,2022,96.90,32209.2,764.43,24621.74,19407.14,8054.4,23451.16,8066.15,21116.19,0.9
4/19/2023,2023,4,19,2022,98.15,32209.2,764.43,24621.74,19407.14,8054.4,23451.16,8066.15,21116.19,0.9
4/18/2023,2023,4,18,2022,96.65,32209.2,764.43,24621.74,19407.14,8054.4,23451.16,8066.15,21116.19,0.9
4/17/2023,2023,4,17,2022,96.40,32209.2,764.43,24621.74,19407.14,8054.4,23451.16,8066.15,21116.19,0.9
4/14/2023,2023,4,14,2022,96.85,32209.2,764.43,24621.74,19407.14,8054.4,23451.16,8066.15,21116.19,0.9
4/13/2023,2023,4,13,2022,96.10,32209.2,764.43,24621.74,19407.14,8054.4,23451.16,8066.15,21116.19,0.9
4/12/2023,2023,4,12,2022,96.40,32209.2,764.43,24621.74,19407.14,8054.4,23451.16,8066.15,21116.19,0.9
4/11/2023,2023,4,11,2022,96.15,32209.2,764.43,24621.74,19407.14,8054.4,23451.16,8066.15,21116.19,0.9
4/6/2023,2023,4,6,2022,94.85,32209.2,764.43,24621.74,19407.14,8054.4,23451.16,8066.15,21116.19,0.9
4/5/2023,2023,4,5,2022,94.85,32209.2,764.43,24621.74,19407.14,8054.4,23451.16,8066.15,21116.19,0.9
4/4/2023,2023,4,4,2022,96.25,32209.2,764.43,24621.74,19407.14,8054.4,23451.16,8066.15,21116.19,0.9
4/3/2023,2023,4,3,2022,96.75,32209.2,764.43,24621.74,19407.14,8054.4,23451.16,8066.15,21116.19,0.9
3/31/2023,2023,3,31,2022,97.55,32209.2,764.43,24621.74,19407.14,8054.4,23451.16,8066.15,21116.19,0.9
3/30/2023,2023,3,30,2022,96.70,32209.2,764.43,24621.74,19407.14,8054.4,23451.16,8066.15,21116.19,0.9
3/29/2023,2023,3,29,2022,96.50,32209.2,764.43,24621.74,19407.14,8054.4,23451.16,8066.15,21116.19,0.9
3/28/2023,2023,3,28,2022,93.85,32209.2,764.43,24621.74,19407.14,8054.4,23451.16,8066.15,21116.19,0.9
3/27/2023,2023,3,27,2022,91.05,32209.2,764.43,24621.74,19407.14,8054.4,23451.16,8066.15,21116.19,0.9
3/24/2023,2023,3,24,2022,92.05,32209.2,764.43,24621.74,19407.14,8054.4,23451.16,8066.15,21116.19,0.9
3/23/2023,2023,3,23,2022,92.80,32209.2,764.43,24621.74,19407.14,8054.4,23451.16,8066.15,21116.19,0.9
3/22/2023,2023,3,22,2022,92.30,32209.2,764.43,24621.74,19407.14,8054.4,23451.16,8066.15,21116.19,0.9
3/21/2023,2023,3,21,2022,91.80,32209.2,764.43,24621.74,19407.14,8054.4,23451.16,8066.15,21116.19,0.9
3/20/2023,2023,3,20,2022,92.30,32209.2,764.43,24621.74,19407.14,8054.4,23451.16,8066.15,21116.19,0.9
3/17/2023,2023,3,17,2022,93.55,32209.2,764.43,24621.74,19407.14,8054.4,23451.16,8066.15,21116.19,0.9
3/16/2023,2023,3,16,2022,93.55,32209.2,764.43,24621.74,19407.14,8054.4,23451.16,8066.15,21116.19,0.9
3/15/2023,2023,3,15,2022,95.80,32209.2,764.43,24621.74,19407.14,8054.4,23451.16,8066.15,21116.19,0.9
3/14/2023,2023,3,14,2022,95.55,32209.2,764.43,24621.74,19407.14,8054.4,23451.16,8066.15,21116.19,0.9
3/13/2023,2023,3,13,2022,92.55,32209.2,764.43,24621.74,19407.14,8054.4,23451.16,8066.15,21116.19,0.9
3/10/2023,2023,3,10,2022,96.55,32209.2,764.43,24621.74,19407.14,8054.4,23451.16,8066.15,21116.19,0.9
3/9/2023,2023,3,9,2022,96.95,32209.2,764.43,24621.74,19407.14,8054.4,23451.16,8066.15,21116.19,0.9
3/8/2023,2023,3,8,2022,97.20,32209.2,764.43,24621.74,19407.14,8054.4,23451.16,8066.15,21116.19,0.9
3/7/2023,2023,3,7,2022,99.40,32209.2,764.43,24621.74,19407.14,8054.4,23451.16,8066.15,21116.19,0.9
3/6/2023,2023,3,6,2022,98.90,32209.2,764.43,24621.74,19407.14,8054.4,23451.16,8066.15,21116.19,0.9
3/3/2023,2023,3,3,2022,98.40,32209.2,764.43,24621.74,19407.14,8054.4,23451.16,8066.15,21116.19,0.9
3/2/2023,2023,3,2,2022,100.10,32209.2,764.43,24621.74,19407.14,8054.4,23451.16,8066.15,21116.19,0.9
3/1/2023,2023,3,1,2022,98.60,32209.2,764.43,24621.74,19407.14,8054.4,23451.16,8066.15,21116.19,0.9
2/28/2023,2023,2,28,2022,99.35,32209.2,764.43,24621.74,19407.14,8054.4,23451.16,8066.15,21116.19,0.9
2/27/2023,2023,2,27,2022,99.35,32209.2,764.43,24621.74,19407.14,8054.4,23451.16,8066.15,21116.19,0.9
2/24/2023,2023,2,24,2022,97.35,32209.2,764.43,24621.74,19407.14,8054.4,23451.16,8066.15,21116.19,0.9
2/23/2023,2023,2,23,2022,97.10,32209.2,764.43,24621.74,19407.14,8054.4,23451.16,8066.15,21116.19,0.9
2/22/2023,2023,2,22,2022,96.85,32209.2,764.43,24621.74,19407.14,8054.4,23451.16,8066.15,21116.19,0.9
2/21/2023,2023,2,21,2022,96.85,32209.2,764.43,24621.74,19407.14,8054.4,23451.16,8066.15,21116.19,0.9
2/20/2023,2023,2,20,2022,96.85,32209.2,764.43,24621.74,19407.14,8054.4,23451.16,8066.15,21116.19,0.9
2/17/2023,2023,2,17,2022,97.35,32209.2,764.43,24621.74,19407.14,8054.4,23451.16,8066.15,21116.19,0.9
2/16/2023,2023,2,16,2022,98.25,32209.2,764.43,24621.74,19407.14,8054.4,23451.16,8066.15,21116.19,0.9
2/15/2023,2023,2,15,2022,100.85,32209.2,764.43,24621.74,19407.14,8054.4,23451.16,8066.15,21116.19,0.9
2/14/2023,2023,2,14,2022,100.85,32209.2,764.43,24621.74,19407.14,8054.4,23451.16,8066.15,21116.19,0.9
2/13/2023,2023,2,13,2022,100.55,32209.2,764.43,24621.74,19407.14,8054.4,23451.16,8066.15,21116.19,0.9
2/10/2023,2023,2,10,2022,100.85,32209.2,764.43,24621.74,19407.14,8054.4,23451.16,8066.15,21116.19,0.9
2/9/2023,2023,2,9,2022,100.75,32209.2,764.43,24621.74,19407.14,8054.4,23451.16,8066.15,21116.19,0.9
2/8/2023,2023,2,8,2022,100.95,32209.2,764.43,24621.74,19407.14,8054.4,23451.16,8066.15,21116.19,0.9
2/7/2023,2023,2,7,2022,98.80,32209.2,764.43,24621.74,19407.14,8054.4,23451.16,8066.15,21116.19,0.9
2/6/2023,2023,2,6,2022,100.70,32209.2,764.43,24621.74,19407.14,8054.4,23451.16,8066.15,21116.19,0.9
2/3/2023,2023,2,3,2022,101.70,32209.2,764.43,24621.74,19407.14,8054.4,23451.16,8066.15,21116.19,0.9
2/2/2023,2023,2,2,2022,100.95,32209.2,764.43,24621.74,19407.14,8054.4,23451.16,8066.15,21116.19,0.9
2/1/2023,2023,2,1,2022,101.35,32209.2,764.43,24621.74,19407.14,8054.4,23451.16,8066.15,21116.19,0.9
1/31/2023,2023,1,31,2022,100.40,32209.2,764.43,24621.74,19407.14,8054.4,23451.16,8066.15,21116.19,0.9
1/30/2023,2023,1,30,2022,102.00,32209.2,764.43,24621.74,19407.14,8054.4,23451.16,8066.15,21116.19,0.9
1/27/2023,2023,1,27,2022,102.40,32209.2,764.43,24621.74,19407.14,8054.4,23451.16,8066.15,21116.19,0.9
1/26/2023,2023,1,26,2022,101.65,32209.2,764.43,24621.74,19407.14,8054.4,23451.16,8066.15,21116.19,0.9
1/25/2023,2023,1,25,2022,101.15,32209.2,764.43,24621.74,19407.14,8054.4,23451.16,8066.15,21116.19,0.9
1/24/2023,2023,1,24,2022,102.45,32209.2,764.43,24621.74,19407.14,8054.4,23451.16,8066.15,21116.19,0.9
1/23/2023,2023,1,23,2022,101.80,32209.2,764.43,24621.74,19407.14,8054.4,23451.16,8066.15,21116.19,0.9
1/20/2023,2023,1,20,2022,99.10,32209.2,764.43,24621.74,19407.14,8054.4,23451.16,8066.15,21116.19,0.9
1/19/2023,2023,1,19,2022,100.60,32209.2,764.43,24621.74,19407.14,8054.4,23451.16,8066.15,21116.19,0.9
1/18/2023,2023,1,18,2022,98.60,32209.2,764.43,24621.74,19407.14,8054.4,23451.16,8066.15,21116.19,0.9
1/17/2023,2023,1,17,2022,98.10,32209.2,764.43,24621.74,19407.14,8054.4,23451.16,8066.15,21116.19,0.9
1/16/2023,2023,1,16,2022,98.10,32209.2,764.43,24621.74,19407.14,8054.4,23451.16,8066.15,21116.19,0.9
1/13/2023,2023,1,13,2022,97.85,32209.2,764.43,24621.74,19407.14,8054.4,23451.16,8066.15,21116.19,0.9
1/12/2023,2023,1,12,2022,100.10,32209.2,764.43,24621.74,19407.14,8054.4,23451.16,8066.15,21116.19,0.9
1/11/2023,2023,1,11,2022,100.80,32209.2,764.43,24621.74,19407.14,8054.4,23451.16,8066.15,21116.19,0.9
1/10/2023,2023,1,10,2022,102.10,32209.2,764.43,24621.74,19407.14,8054.4,23451.16,8066.15,21116.19,0.9
1/9/2023,2023,1,9,2022,101.90,32209.2,764.43,24621.74,19407.14,8054.4,23451.16,8066.15,21116.19,0.9
1/6/2023,2023,1,6,2022,99.50,32209.2,764.43,24621.74,19407.14,8054.4,23451.16,8066.15,21116.19,0.9
1/5/2023,2023,1,5,2022,97.60,32209.2,764.43,24621.74,19407.14,8054.4,23451.16,8066.15,21116.19,0.9
1/4/2023,2023,1,4,2022,99.80,32209.2,764.43,24621.74,19407.14,8054.4,23451.16,8066.15,21116.19,0.9
1/3/2023,2023,1,3,2022,100.00,32209.2,764.43,24621.74,19407.14,8054.4,23451.16,8066.15,21116.19,0.9
12/30/2022,2022,12,30,2022,99.25,32209.2,764.43,24621.74,19407.14,8054.4,23451.16,8066.15,21116.19,0.9
12/29/2022,2022,12,29,2022,99.80,32209.2,764.43,24621.74,19407.14,8054.4,23451.16,8066.15,21116.19,0.9
12/28/2022,2022,12,28,2022,101.00,32209.2,764.43,24621.74,19407.14,8054.4,23451.16,8066.15,21116.19,0.9
12/23/2022,2022,12,23,2022,101.55,32209.2,764.43,24621.74,19407.14,8054.4,23451.16,8066.15,21116.19,0.9
12/22/2022,2022,12,22,2022,105.55,32209.2,764.43,24621.74,19407.14,8054.4,23451.16,8066.15,21116.19,0.9
12/21/2022,2022,12,21,2022,105.05,32209.2,764.43,24621.74,19407.14,8054.4,23451.16,8066.15,21116.19,0.9
12/20/2022,2022,12,20,2022,101.45,32209.2,764.43,24621.74,19407.14,8054.4,23451.16,8066.15,21116.19,0.9
12/19/2022,2022,12,19,2022,99.50,32209.2,764.43,24621.74,19407.14,8054.4,23451.16,8066.15,21116.19,0.9
12/16/2022,2022,12,16,2022,98.50,32209.2,764.43,24621.74,19407.14,8054.4,23451.16,8066.15,21116.19,0.9
12/15/2022,2022,12,15,2022,99.20,32209.2,764.43,24621.74,19407.14,8054.4,23451.16,8066.15,21116.19,0.9
12/14/2022,2022,12,14,2022,99.45,32209.2,764.43,24621.74,19407.14,8054.4,23451.16,8066.15,21116.19,0.9
12/13/2022,2022,12,13,2022,97.25,32209.2,764.43,24621.74,19407.14,8054.4,23451.16,8066.15,21116.19,0.9
12/12/2022,2022,12,12,2022,98.80,32209.2,764.43,24621.74,19407.14,8054.4,23451.16,8066.15,21116.19,0.9
12/9/2022,2022,12,9,2022,98.90,32209.2,764.43,24621.74,19407.14,8054.4,23451.16,8066.15,21116.19,0.9
12/8/2022,2022,12,8,2022,99.95,32209.2,764.43,24621.74,19407.14,8054.4,23451.16,8066.15,21116.19,0.9
12/7/2022,2022,12,7,2022,102.75,32209.2,764.43,24621.74,19407.14,8054.4,23451.16,8066.15,21116.19,0.9
12/6/2022,2022,12,6,2022,102.10,32209.2,764.43,24621.74,19407.14,8054.4,23451.16,8066.15,21116.19,0.9
12/5/2022,2022,12,5,2022,101.35,32209.2,764.43,24621.74,19407.14,8054.4,23451.16,8066.15,21116.19,0.9
12/2/2022,2022,12,2,2022,103.10,32209.2,764.43,24621.74,19407.14,8054.4,23451.16,8066.15,21116.19,0.9
12/1/2022,2022,12,1,2022,102.90,32209.2,764.43,24621.74,19407.14,8054.4,23451.16,8066.15,21116.19,0.9
11/30/2022,2022,11,30,2022,99.10,32209.2,764.43,24621.74,19407.14,8054.4,23451.16,8066.15,21116.19,0.9
11/29/2022,2022,11,29,2022,97.50,32209.2,764.43,24621.74,19407.14,8054.4,23451.16,8066.15,21116.19,0.9
11/28/2022,2022,11,28,2022,98.70,32209.2,764.43,24621.74,19407.14,8054.4,23451.16,8066.15,21116.19,0.9
11/25/2022,2022,11,25,2022,101.35,32209.2,764.43,24621.74,19407.14,8054.4,23451.16,8066.15,21116.19,0.9
11/24/2022,2022,11,24,2022,101.35,32209.2,764.43,24621.74,19407.14,8054.4,23451.16,8066.15,21116.19,0.9
11/23/2022,2022,11,23,2022,100.95,32209.2,764.43,24621.74,19407.14,8054.4,23451.16,8066.15,21116.19,0.9
11/22/2022,2022,11,22,2022,98.45,32209.2,764.43,24621.74,19407.14,8054.4,23451.16,8066.15,21116.19,0.9
11/21/2022,2022,11,21,2022,102.45,32209.2,764.43,24621.74,19407.14,8054.4,23451.16,8066.15,21116.19,0.9
11/18/2022,2022,11,18,2022,104.05,32209.2,764.43,24621.74,19407.14,8054.4,23451.16,8066.15,21116.19,0.9
11/17/2022,2022,11,17,2022,105.40,32209.2,764.43,24621.74,19407.14,8054.4,23451.16,8066.15,21116.19,0.9
11/16/2022,2022,11,16,2022,105.75,32209.2,764.43,24621.74,19407.14,8054.4,23451.16,8066.15,21116.19,0.9
11/15/2022,2022,11,15,2022,102.55,32209.2,764.43,24621.74,19407.14,8054.4,23451.16,8066.15,21116.19,0.9
11/14/2022,2022,11,14,2022,105.30,32209.2,764.43,24621.74,19407.14,8054.4,23451.16,8066.15,21116.19,0.9
11/11/2022,2022,11,11,2022,103.55,32209.2,764.43,24621.74,19407.14,8054.4,23451.16,8066.15,21116.19,0.9
11/10/2022,2022,11,10,2022,103.55,32209.2,764.43,24621.74,19407.14,8054.4,23451.16,8066.15,21116.19,0.9
11/9/2022,2022,11,9,2022,104.50,32209.2,764.43,24621.74,19407.14,8054.4,23451.16,8066.15,21116.19,0.9
11/8/2022,2022,11,8,2022,104.50,32209.2,764.43,24621.74,19407.14,8054.4,23451.16,8066.15,21116.19,0.9
11/7/2022,2022,11,7,2022,104.10,32209.2,764.43,24621.74,19407.14,8054.4,23451.16,8066.15,21116.19,0.9
11/4/2022,2022,11,4,2022,100.10,32209.2,764.43,24621.74,19407.14,8054.4,23451.16,8066.15,21116.19,0.9
11/3/2022,2022,11,3,2022,96.20,32209.2,764.43,24621.74,19407.14,8054.4,23451.16,8066.15,21116.19,0.9
11/2/2022,2022,11,2,2022,92.20,32209.2,764.43,24621.74,19407.14,8054.4,23451.16,8066.15,21116.19,0.9
11/1/2022,2022,11,1,2022,89.20,32209.2,764.43,24621.74,19407.14,8054.4,23451.16,8066.15,21116.19,0.9
10/31/2022,2022,10,31,2022,89.50,32209.2,764.43,24621.74,19407.14,8054.4,23451.16,8066.15,21116.19,0.9
10/28/2022,2022,10,28,2022,92.50,32209.2,764.43,24621.74,19407.14,8054.4,23451.16,8066.15,21116.19,0.9
10/27/2022,2022,10,27,2022,95.25,32209.2,764.43,24621.74,19407.14,8054.4,23451.16,8066.15,21116.19,0.9
10/26/2022,2022,10,26,2022,95.95,32209.2,764.43,24621.74,19407.14,8054.4,23451.16,8066.15,21116.19,0.9
10/25/2022,2022,10,25,2022,93.75,32209.2,764.43,24621.74,19407.14,8054.4,23451.16,8066.15,21116.19,0.9
10/24/2022,2022,10,24,2022,96.75,32209.2,764.43,24621.74,19407.14,8054.4,23451.16,8066.15,21116.19,0.9
10/20/2022,2022,10,20,2022,95.80,32209.2,764.43,24621.74,19407.14,8054.4,23451.16,8066.15,21116.19,0.9
10/19/2022,2022,10,19,2022,99.80,32209.2,764.43,24621.74,19407.14,8054.4,23451.16,8066.15,21116.19,0.9
10/18/2022,2022,10,18,2022,100.95,32209.2,764.43,24621.74,19407.14,8054.4,23451.16,8066.15,21116.19,0.9
10/17/2022,2022,10,17,2022,100.95,32209.2,764.43,24621.74,19407.14,8054.4,23451.16,8066.15,21116.19,0.9
10/13/2022,2022,10,13,2022,102.65,32209.2,764.43,24621.74,19407.14,8054.4,23451.16,8066.15,21116.19,0.9
10/12/2022,2022,10,12,2022,106.65,32209.2,764.43,24621.74,19407.14,8054.4,23451.16,8066.15,21116.19,0.9
10/11/2022,2022,10,11,2022,106.15,32209.2,764.43,24621.74,19407.14,8054.4,23451.16,8066.15,21116.19,0.9
10/10/2022,2022,10,10,2022,102.55,32209.2,764.43,24621.74,19407.14,8054.4,23451.16,8066.15,21116.19,0.9
10/7/2022,2022,10,7,2022,101.30,32209.2,764.43,24621.74,19407.14,8054.4,23451.16,8066.15,21116.19,0.9
10/6/2022,2022,10,6,2022,101.70,32209.2,764.43,24621.74,19407.14,8054.4,23451.16,8066.15,21116.19,0.9
10/5/2022,2022,10,5,2022,106.70,32209.2,764.43,24621.74,19407.14,8054.4,23451.16,8066.15,21116.19,0.9
10/3/2022,2022,10,3,2022,104.00,32209.2,764.43,24621.74,19407.14,8054.4,23451.16,8066.15,21116.19,0.9
10/3/2022,2022,10,3,2022,104.00,32209.2,764.43,24621.74,19407.14,8054.4,23451.16,8066.15,21116.19,0.9
10/3/2022,2022,10,3,2022,104.00,32209.2,764.43,24621.74,19407.14,8054.4,23451.16,8066.15,21116.19,0.9
10/3/2022,2022,10,3,2022,104.00,32209.2,764.43,24621.74,19407.14,8054.4,23451.16,8066.15,21116.19,0.9
9/30/2022,2022,9,30,2022,103.80,32209.2,764.43,24621.74,19407.14,8054.4,23451.16,8066.15,21116.19,0.9
9/29/2022,2022,9,29,2022,107.10,32209.2,764.43,24621.74,19407.14,8054.4,23451.16,8066.15,21116.19,0.9
9/28/2022,2022,9,28,2022,106.70,32209.2,764.43,24621.74,19407.14,8054.4,23451.16,8066.15,21116.19,0.9
9/27/2022,2022,9,27,2022,106.95,32209.2,764.43,24621.74,19407.14,8054.4,23451.16,8066.15,21116.19,0.9
9/26/2022,2022,9,26,2022,110.85,32209.2,764.43,24621.74,19407.14,8054.4,23451.16,8066.15,21116.19,0.9
9/23/2022,2022,9,23,2022,114.85,32209.2,764.43,24621.74,19407.14,8054.4,23451.16,8066.15,21116.19,0.9
9/22/2022,2022,9,22,2022,115.35,32209.2,764.43,24621.74,19407.14,8054.4,23451.16,8066.15,21116.19,0.9
9/21/2022,2022,9,21,2022,111.95,32209.2,764.43,24621.74,19407.14,8054.4,23451.16,8066.15,21116.19,0.9
9/20/2022,2022,9,20,2022,114.60,32209.2,764.43,24621.74,19407.14,8054.4,23451.16,8066.15,21116.19,0.9
9/16/2022,2022,9,16,2022,121.75,32209.2,764.43,24621.74,19407.14,8054.4,23451.16,8066.15,21116.19,0.9
9/15/2022,2022,9,15,2022,121.25,32209.2,764.43,24621.74,19407.14,8054.4,23451.16,8066.15,21116.19,0.9
9/14/2022,2022,9,14,2022,120.85,32209.2,764.43,24621.74,19407.14,8054.4,23451.16,8066.15,21116.19,0.9
9/13/2022,2022,9,13,2022,124.25,32209.2,764.43,24621.74,19407.14,8054.4,23451.16,8066.15,21116.19,0.9
9/12/2022,2022,9,12,2022,123.40,32209.2,764.43,24621.74,19407.14,8054.4,23451.16,8066.15,21116.19,0.9
9/9/2022,2022,9,9,2022,122.40,32209.2,764.43,24621.74,19407.14,8054.4,23451.16,8066.15,21116.19,0.9
9/8/2022,2022,9,8,2022,120.15,32209.2,764.43,24621.74,19407.14,8054.4,23451.16,8066.15,21116.19,0.9
9/7/2022,2022,9,7,2022,122.05,32209.2,764.43,24621.74,19407.14,8054.4,23451.16,8066.15,21116.19,0.9
9/6/2022,2022,9,6,2022,121.60,32209.2,764.43,24621.74,19407.14,8054.4,23451.16,8066.15,21116.19,0.9
9/5/2022,2022,9,5,2022,121.60,32209.2,764.43,24621.74,19407.14,8054.4,23451.16,8066.15,21116.19,0.9
9/2/2022,2022,9,2,2022,126.60,32209.2,764.43,24621.74,19407.14,8054.4,23451.16,8066.15,21116.19,0.9
9/1/2022,2022,9,1,2022,131.60,32209.2,764.43,24621.74,19407.14,8054.4,23451.16,8066.15,21116.19,0.9
8/31/2022,2022,8,31,2021,130.60,32714.66,769.56,25175.89,20192.17,9600.68,25831.23,9733.85,19407.13,0.75
8/30/2022,2022,8,30,2021,135.25,32714.66,769.56,25175.89,20192.17,9600.68,25831.23,9733.85,19407.13,0.75
8/26/2022,2022,8,26,2021,132.25,32714.66,769.56,25175.89,20192.17,9600.68,25831.23,9733.85,19407.13,0.75
8/25/2022,2022,8,25,2021,132.25,32714.66,769.56,25175.89,20192.17,9600.68,25831.23,9733.85,19407.13,0.75
8/24/2022,2022,8,24,2021,130.50,32714.66,769.56,25175.89,20192.17,9600.68,25831.23,9733.85,19407.13,0.75
8/23/2022,2022,8,23,2021,132.50,32714.66,769.56,25175.89,20192.17,9600.68,25831.23,9733.85,19407.13,0.75
8/22/2022,2022,8,22,2021,134.25,32714.66,769.56,25175.89,20192.17,9600.68,25831.23,9733.85,19407.13,0.75
8/19/2022,2022,8,19,2021,131.00,32714.66,769.56,25175.89,20192.17,9600.68,25831.23,9733.85,19407.13,0.75
8/18/2022,2022,8,18,2021,131.65,32714.66,769.56,25175.89,20192.17,9600.68,25831.23,9733.85,19407.13,0.75
8/17/2022,2022,8,17,2021,134.90,32714.66,769.56,25175.89,20192.17,9600.68,25831.23,9733.85,19407.13,0.75
8/16/2022,2022,8,16,2021,131.75,32714.66,769.56,25175.89,20192.17,9600.68,25831.23,9733.85,19407.13,0.75
8/15/2022,2022,8,15,2021,126.75,32714.66,769.56,25175.89,20192.17,9600.68,25831.23,9733.85,19407.13,0.75
8/12/2022,2022,8,12,2021,122.75,32714.66,769.56,25175.89,20192.17,9600.68,25831.23,9733.85,19407.13,0.75
8/11/2022,2022,8,11,2021,119.20,32714.66,769.56,25175.89,20192.17,9600.68,25831.23,9733.85,19407.13,0.75
8/10/2022,2022,8,10,2021,117.20,32714.66,769.56,25175.89,20192.17,9600.68,25831.23,9733.85,19407.13,0.75
8/9/2022,2022,8,9,2021,113.90,32714.66,769.56,25175.89,20192.17,9600.68,25831.23,9733.85,19407.13,0.75
8/8/2022,2022,8,8,2021,114.40,32714.66,769.56,25175.89,20192.17,9600.68,25831.23,9733.85,19407.13,0.75
8/5/2022,2022,8,5,2021,113.10,32714.66,769.56,25175.89,20192.17,9600.68,25831.23,9733.85,19407.13,0.75
8/4/2022,2022,8,4,2021,112.85,32714.66,769.56,25175.89,20192.17,9600.68,25831.23,9733.85,19407.13,0.75
8/3/2022,2022,8,3,2021,113.25,32714.66,769.56,25175.89,20192.17,9600.68,25831.23,9733.85,19407.13,0.75
8/2/2022,2022,8,2,2021,112.30,32714.66,769.56,25175.89,20192.17,9600.68,25831.23,9733.85,19407.13,0.75
8/1/2022,2022,8,1,2021,114.60,32714.66,769.56,25175.89,20192.17,9600.68,25831.23,9733.85,19407.13,0.75
7/29/2022,2022,7,29,2021,131.40,32714.66,769.56,25175.89,20192.17,9600.68,25831.23,9733.85,19407.13,0.75
7/28/2022,2022,7,28,2021,130.40,32714.66,769.56,25175.89,20192.17,9600.68,25831.23,9733.85,19407.13,0.75
7/27/2022,2022,7,27,2021,129.90,32714.66,769.56,25175.89,20192.17,9600.68,25831.23,9733.85,19407.13,0.75
7/26/2022,2022,7,26,2021,127.20,32714.66,769.56,25175.89,20192.17,9600.68,25831.23,9733.85,19407.13,0.75
7/25/2022,2022,7,25,2021,127.20,32714.66,769.56,25175.89,20192.17,9600.68,25831.23,9733.85,19407.13,0.75
7/22/2022,2022,7,22,2021,128.30,32714.66,769.56,25175.89,20192.17,9600.68,25831.23,9733.85,19407.13,0.75
7/21/2022,2022,7,21,2021,129.80,32714.66,769.56,25175.89,20192.17,9600.68,25831.23,9733.85,19407.13,0.75
7/20/2022,2022,7,20,2021,129.30,32714.66,769.56,25175.89,20192.17,9600.68,25831.23,9733.85,19407.13,0.75
7/19/2022,2022,7,19,2021,130.00,32714.66,769.56,25175.89,20192.17,9600.68,25831.23,9733.85,19407.13,0.75
7/18/2022,2022,7,18,2021,126.75,32714.66,769.56,25175.89,20192.17,9600.68,25831.23,9733.85,19407.13,0.75
7/15/2022,2022,7,15,2021,121.75,32714.66,769.56,25175.89,20192.17,9600.68,25831.23,9733.85,19407.13,0.75
7/14/2022,2022,7,14,2021,126.55,32714.66,769.56,25175.89,20192.17,9600.68,25831.23,9733.85,19407.13,0.75
7/13/2022,2022,7,13,2021,129.75,32714.66,769.56,25175.89,20192.17,9600.68,25831.23,9733.85,19407.13,0.75
7/12/2022,2022,7,12,2021,134.55,32714.66,769.56,25175.89,20192.17,9600.68,25831.23,9733.85,19407.13,0.75
7/11/2022,2022,7,11,2021,135.95,32714.66,769.56,25175.89,20192.17,9600.68,25831.23,9733.85,19407.13,0.75
7/8/2022,2022,7,8,2021,132.20,32714.66,769.56,25175.89,20192.17,9600.68,25831.23,9733.85,19407.13,0.75
7/7/2022,2022,7,7,2021,129.00,32714.66,769.56,25175.89,20192.17,9600.68,25831.23,9733.85,19407.13,0.75
7/6/2022,2022,7,6,2021,134.00,32714.66,769.56,25175.89,20192.17,9600.68,25831.23,9733.85,19407.13,0.75
7/5/2022,2022,7,5,2021,138.40,32714.66,769.56,25175.89,20192.17,9600.68,25831.23,9733.85,19407.13,0.75
7/4/2022,2022,7,4,2021,138.60,32714.66,769.56,25175.89,20192.17,9600.68,25831.23,9733.85,19407.13,0.75
7/1/2022,2022,7,1,2021,140.60,32714.66,769.56,25175.89,20192.17,9600.68,25831.23,9733.85,19407.13,0.75
6/30/2022,2022,6,30,2021,139.30,32714.66,769.56,25175.89,20192.17,9600.68,25831.23,9733.85,19407.13,0.75
6/29/2022,2022,6,29,2021,135.50,32714.66,769.56,25175.89,20192.17,9600.68,25831.23,9733.85,19407.13,0.75
6/28/2022,2022,6,28,2021,136.00,32714.66,769.56,25175.89,20192.17,9600.68,25831.23,9733.85,19407.13,0.75
6/27/2022,2022,6,27,2021,140.20,32714.66,769.56,25175.89,20192.17,9600.68,25831.23,9733.85,19407.13,0.75
6/24/2022,2022,6,24,2021,144.30,32714.66,769.56,25175.89,20192.17,9600.68,25831.23,9733.85,19407.13,0.75
6/23/2022,2022,6,23,2021,150.50,32714.66,769.56,25175.89,20192.17,9600.68,25831.23,9733.85,19407.13,0.75
6/22/2022,2022,6,22,2021,156.50,32714.66,769.56,25175.89,20192.17,9600.68,25831.23,9733.85,19407.13,0.75
6/21/2022,2022,6,21,2021,161.30,32714.66,769.56,25175.89,20192.17,9600.68,25831.23,9733.85,19407.13,0.75
6/20/2022,2022,6,20,2021,161.30,32714.66,769.56,25175.89,20192.17,9600.68,25831.23,9733.85,19407.13,0.75
6/17/2022,2022,6,17,2021,161.30,32714.66,769.56,25175.89,20192.17,9600.68,25831.23,9733.85,19407.13,0.75
6/16/2022,2022,6,16,2021,161.05,32714.66,769.56,25175.89,20192.17,9600.68,25831.23,9733.85,19407.13,0.75
6/15/2022,2022,6,15,2021,161.30,32714.66,769.56,25175.89,20192.17,9600.68,25831.23,9733.85,19407.13,0.75
6/14/2022,2022,6,14,2021,163.55,32714.66,769.56,25175.89,20192.17,9600.68,25831.23,9733.85,19407.13,0.75
6/13/2022,2022,6,13,2021,163.05,32714.66,769.56,25175.89,20192.17,9600.68,25831.23,9733.85,19407.13,0.75
6/10/2022,2022,6,10,2021,164.55,32714.66,769.56,25175.89,20192.17,9600.68,25831.23,9733.85,19407.13,0.75
6/9/2022,2022,6,9,2021,159.10,32714.66,769.56,25175.89,20192.17,9600.68,25831.23,9733.85,19407.13,0.75
6/8/2022,2022,6,8,2021,155.35,32714.66,769.56,25175.89,20192.17,9600.68,25831.23,9733.85,19407.13,0.75
6/7/2022,2022,6,7,2021,156.10,32714.66,769.56,25175.89,20192.17,9600.68,25831.23,9733.85,19407.13,0.75
6/6/2022,2022,6,6,2021,156.20,32714.66,769.56,25175.89,20192.17,9600.68,25831.23,9733.85,19407.13,0.75
6/1/2022,2022,6,1,2021,156.95,32714.66,769.56,25175.89,20192.17,9600.68,25831.23,9733.85,19407.13,0.75
5/31/2022,2022,5,31,2021,157.45,32714.66,769.56,25175.89,20192.17,9600.68,25831.23,9733.85,19407.13,0.75
5/30/2022,2022,5,30,2021,157.45,32714.66,769.56,25175.89,20192.17,9600.68,25831.23,9733.85,19407.13,0.75
5/27/2022,2022,5,27,2021,158.70,32714.66,769.56,25175.89,20192.17,9600.68,25831.23,9733.85,19407.13,0.75
5/26/2022,2022,5,26,2021,163.20,32714.66,769.56,25175.89,20192.17,9600.68,25831.23,9733.85,19407.13,0.75
5/25/2022,2022,5,25,2021,159.70,32714.66,769.56,25175.89,20192.17,9600.68,25831.23,9733.85,19407.13,0.75
5/24/2022,2022,5,24,2021,161.00,32714.66,769.56,25175.89,20192.17,9600.68,25831.23,9733.85,19407.13,0.75
5/23/2022,2022,5,23,2021,160.60,32714.66,769.56,25175.89,20192.17,9600.68,25831.23,9733.85,19407.13,0.75
5/20/2022,2022,5,20,2021,166.20,32714.66,769.56,25175.89,20192.17,9600.68,25831.23,9733.85,19407.13,0.75
5/19/2022,2022,5,19,2021,163.00,32714.66,769.56,25175.89,20192.17,9600.68,25831.23,9733.85,19407.13,0.75
5/18/2022,2022,5,18,2021,167.00,32714.66,769.56,25175.89,20192.17,9600.68,25831.23,9733.85,19407.13,0.75
5/17/2022,2022,5,17,2021,169.45,32714.66,769.56,25175.89,20192.17,9600.68,25831.23,9733.85,19407.13,0.75
5/16/2022,2022,5,16,2021,163.95,32714.66,769.56,25175.89,20192.17,9600.68,25831.23,9733.85,19407.13,0.75
5/13/2022,2022,5,13,2021,164.20,32714.66,769.56,25175.89,20192.17,9600.68,25831.23,9733.85,19407.13,0.75
5/12/2022,2022,5,12,2021,162.20,32714.66,769.56,25175.89,20192.17,9600.68,25831.23,9733.85,19407.13,0.75
5/11/2022,2022,5,11,2021,161.70,32714.66,769.56,25175.89,20192.17,9600.68,25831.23,9733.85,19407.13,0.75
5/10/2022,2022,5,10,2021,161.70,32714.66,769.56,25175.89,20192.17,9600.68,25831.23,9733.85,19407.13,0.75
5/9/2022,2022,5,9,2021,162.45,32714.66,769.56,25175.89,20192.17,9600.68,25831.23,9733.85,19407.13,0.75
5/6/2022,2022,5,6,2021,167.45,32714.66,769.56,25175.89,20192.17,9600.68,25831.23,9733.85,19407.13,0.75
5/5/2022,2022,5,5,2021,173.45,32714.66,769.56,25175.89,20192.17,9600.68,25831.23,9733.85,19407.13,0.75
5/4/2022,2022,5,4,2021,168.70,32714.66,769.56,25175.89,20192.17,9600.68,25831.23,9733.85,19407.13,0.75
5/3/2022,2022,5,3,2021,169.30,32714.66,769.56,25175.89,20192.17,9600.68,25831.23,9733.85,19407.13,0.75
4/29/2022,2022,4,29,2021,166.05,32714.66,769.56,25175.89,20192.17,9600.68,25831.23,9733.85,19407.13,0.75
4/28/2022,2022,4,28,2021,159.05,32714.66,769.56,25175.89,20192.17,9600.68,25831.23,9733.85,19407.13,0.75
4/27/2022,2022,4,27,2021,154.25,32714.66,769.56,25175.89,20192.17,9600.68,25831.23,9733.85,19407.13,0.75
4/26/2022,2022,4,26,2021,154.00,32714.66,769.56,25175.89,20192.17,9600.68,25831.23,9733.85,19407.13,0.75
4/25/2022,2022,4,25,2021,154.50,32714.66,769.56,25175.89,20192.17,9600.68,25831.23,9733.85,19407.13,0.75
4/22/2022,2022,4,22,2021,156.50,32714.66,769.56,25175.89,20192.17,9600.68,25831.23,9733.85,19407.13,0.75
4/21/2022,2022,4,21,2021,157.20,32714.66,769.56,25175.89,20192.17,9600.68,25831.23,9733.85,19407.13,0.75
4/20/2022,2022,4,20,2021,156.70,32714.66,769.56,25175.89,20192.17,9600.68,25831.23,9733.85,19407.13,0.75
4/19/2022,2022,4,19,2021,161.70,32714.66,769.56,25175.89,20192.17,9600.68,25831.23,9733.85,19407.13,0.75
4/14/2022,2022,4,14,2021,159.90,32714.66,769.56,25175.89,20192.17,9600.68,25831.23,9733.85,19407.13,0.75
4/13/2022,2022,4,13,2021,155.90,32714.66,769.56,25175.89,20192.17,9600.68,25831.23,9733.85,19407.13,0.75
4/12/2022,2022,4,12,2021,151.90,32714.66,769.56,25175.89,20192.17,9600.68,25831.23,9733.85,19407.13,0.75
4/11/2022,2022,4,11,2021,149.40,32714.66,769.56,25175.89,20192.17,9600.68,25831.23,9733.85,19407.13,0.75
4/8/2022,2022,4,8,2021,150.05,32714.66,769.56,25175.89,20192.17,9600.68,25831.23,9733.85,19407.13,0.75
4/7/2022,2022,4,7,2021,152.30,32714.66,769.56,25175.89,20192.17,9600.68,25831.23,9733.85,19407.13,0.75
4/6/2022,2022,4,6,2021,153.95,32714.66,769.56,25175.89,20192.17,9600.68,25831.23,9733.85,19407.13,0.75
4/5/2022,2022,4,5,2021,154.30,32714.66,769.56,25175.89,20192.17,9600.68,25831.23,9733.85,19407.13,0.75
4/4/2022,2022,4,4,2021,151.05,32714.66,769.56,25175.89,20192.17,9600.68,25831.23,9733.85,19407.13,0.75
4/1/2022,2022,4,1,2021,152.30,32714.66,769.56,25175.89,20192.17,9600.68,25831.23,9733.85,19407.13,0.75
3/31/2022,2022,3,31,2021,156.55,32714.66,769.56,25175.89,20192.17,9600.68,25831.23,9733.85,19407.13,0.75
3/30/2022,2022,3,30,2021,153.55,32714.66,769.56,25175.89,20192.17,9600.68,25831.23,9733.85,19407.13,0.75
3/29/2022,2022,3,29,2021,155.75,32714.66,769.56,25175.89,20192.17,9600.68,25831.23,9733.85,19407.13,0.75
3/28/2022,2022,3,28,2021,152.75,32714.66,769.56,25175.89,20192.17,9600.68,25831.23,9733.85,19407.13,0.75
3/25/2022,2022,3,25,2021,147.75,32714.66,769.56,25175.89,20192.17,9600.68,25831.23,9733.85,19407.13,0.75
3/24/2022,2022,3,24,2021,146.75,32714.66,769.56,25175.89,20192.17,9600.68,25831.23,9733.85,19407.13,0.75
3/23/2022,2022,3,23,2021,146.75,32714.66,769.56,25175.89,20192.17,9600.68,25831.23,9733.85,19407.13,0.75
3/22/2022,2022,3,22,2021,146.75,32714.66,769.56,25175.89,20192.17,9600.68,25831.23,9733.85,19407.13,0.75
3/21/2022,2022,3,21,2021,143.50,32714.66,769.56,25175.89,20192.17,9600.68,25831.23,9733.85,19407.13,0.75
3/18/2022,2022,3,18,2021,138.50,32714.66,769.56,25175.89,20192.17,9600.68,25831.23,9733.85,19407.13,0.75
3/17/2022,2022,3,17,2021,136.45,32714.66,769.56,25175.89,20192.17,9600.68,25831.23,9733.85,19407.13,0.75
3/16/2022,2022,3,16,2021,135.25,32714.66,769.56,25175.89,20192.17,9600.68,25831.23,9733.85,19407.13,0.75
3/15/2022,2022,3,15,2021,135.45,32714.66,769.56,25175.89,20192.17,9600.68,25831.23,9733.85,19407.13,0.75
3/14/2022,2022,3,14,2021,137.60,32714.66,769.56,25175.89,20192.17,9600.68,25831.23,9733.85,19407.13,0.75
3/11/2022,2022,3,11,2021,133.45,32714.66,769.56,25175.89,20192.17,9600.68,25831.23,9733.85,19407.13,0.75
3/10/2022,2022,3,10,2021,134.05,32714.66,769.56,25175.89,20192.17,9600.68,25831.23,9733.85,19407.13,0.75
3/9/2022,2022,3,9,2021,134.55,32714.66,769.56,25175.89,20192.17,9600.68,25831.23,9733.85,19407.13,0.75
3/8/2022,2022,3,8,2021,133.60,32714.66,769.56,25175.89,20192.17,9600.68,25831.23,9733.85,19407.13,0.75
3/7/2022,2022,3,7,2021,133.15,32714.66,769.56,25175.89,20192.17,9600.68,25831.23,9733.85,19407.13,0.75
3/4/2022,2022,3,4,2021,135.55,32714.66,769.56,25175.89,20192.17,9600.68,25831.23,9733.85,19407.13,0.75
3/3/2022,2022,3,3,2021,134.45,32714.66,769.56,25175.89,20192.17,9600.68,25831.23,9733.85,19407.13,0.75
3/2/2022,2022,3,2,2021,138.70,32714.66,769.56,25175.89,20192.17,9600.68,25831.23,9733.85,19407.13,0.75
3/1/2022,2022,3,1,2021,135.05,32714.66,769.56,25175.89,20192.17,9600.68,25831.23,9733.85,19407.13,0.75
2/28/2022,2022,2,28,2021,134.65,32714.66,769.56,25175.89,20192.17,9600.68,25831.23,9733.85,19407.13,0.75
2/25/2022,2022,2,25,2021,135.20,32714.66,769.56,25175.89,20192.17,9600.68,25831.23,9733.85,19407.13,0.75
2/24/2022,2022,2,24,2021,137.40,32714.66,769.56,25175.89,20192.17,9600.68,25831.23,9733.85,19407.13,0.75
2/23/2022,2022,2,23,2021,136.50,32714.66,769.56,25175.89,20192.17,9600.68,25831.23,9733.85,19407.13,0.75
2/22/2022,2022,2,22,2021,137.20,32714.66,769.56,25175.89,20192.17,9600.68,25831.23,9733.85,19407.13,0.75
2/21/2022,2022,2,21,2021,137.20,32714.66,769.56,25175.89,20192.17,9600.68,25831.23,9733.85,19407.13,0.75
2/18/2022,2022,2,18,2021,135.70,32714.66,769.56,25175.89,20192.17,9600.68,25831.23,9733.85,19407.13,0.75
2/17/2022,2022,2,17,2021,135.70,32714.66,769.56,25175.89,20192.17,9600.68,25831.23,9733.85,19407.13,0.75
2/16/2022,2022,2,16,2021,136.95,32714.66,769.56,25175.89,20192.17,9600.68,25831.23,9733.85,19407.13,0.75
2/15/2022,2022,2,15,2021,136.95,32714.66,769.56,25175.89,20192.17,9600.68,25831.23,9733.85,19407.13,0.75
2/14/2022,2022,2,14,2021,139.20,32714.66,769.56,25175.89,20192.17,9600.68,25831.23,9733.85,19407.13,0.75
2/11/2022,2022,2,11,2021,139.70,32714.66,769.56,25175.89,20192.17,9600.68,25831.23,9733.85,19407.13,0.75
2/10/2022,2022,2,10,2021,140.40,32714.66,769.56,25175.89,20192.17,9600.68,25831.23,9733.85,19407.13,0.75
2/9/2022,2022,2,9,2021,141.05,32714.66,769.56,25175.89,20192.17,9600.68,25831.23,9733.85,19407.13,0.75
2/8/2022,2022,2,8,2021,139.65,32714.66,769.56,25175.89,20192.17,9600.68,25831.23,9733.85,19407.13,0.75
2/7/2022,2022,2,7,2021,140.80,32714.66,769.56,25175.89,20192.17,9600.68,25831.23,9733.85,19407.13,0.75
2/4/2022,2022,2,4,2021,141.50,32714.66,769.56,25175.89,20192.17,9600.68,25831.23,9733.85,19407.13,0.75
2/3/2022,2022,2,3,2021,140.15,32714.66,769.56,25175.89,20192.17,9600.68,25831.23,9733.85,19407.13,0.75
2/2/2022,2022,2,2,2021,141.10,32714.66,769.56,25175.89,20192.17,9600.68,25831.23,9733.85,19407.13,0.75
2/1/2022,2022,2,1,2021,141.10,32714.66,769.56,25175.89,20192.17,9600.68,25831.23,9733.85,19407.13,0.75
1/31/2022,2022,1,31,2021,137.70,32714.66,769.56,25175.89,20192.17,9600.68,25831.23,9733.85,19407.13,0.75
1/28/2022,2022,1,28,2021,135.85,32714.66,769.56,25175.89,20192.17,9600.68,25831.23,9733.85,19407.13,0.75
1/27/2022,2022,1,27,2021,136.45,32714.66,769.56,25175.89,20192.17,9600.68,25831.23,9733.85,19407.13,0.75
1/26/2022,2022,1,26,2021,135.10,32714.66,769.56,25175.89,20192.17,9600.68,25831.23,9733.85,19407.13,0.75
1/25/2022,2022,1,25,2021,134.60,32714.66,769.56,25175.89,20192.17,9600.68,25831.23,9733.85,19407.13,0.75
1/24/2022,2022,1,24,2021,134.80,32714.66,769.56,25175.89,20192.17,9600.68,25831.23,9733.85,19407.13,0.75
1/21/2022,2022,1,21,2021,136.70,32714.66,769.56,25175.89,20192.17,9600.68,25831.23,9733.85,19407.13,0.75
1/20/2022,2022,1,20,2021,137.50,32714.66,769.56,25175.89,20192.17,9600.68,25831.23,9733.85,19407.13,0.75
1/19/2022,2022,1,19,2021,134.55,32714.66,769.56,25175.89,20192.17,9600.68,25831.23,9733.85,19407.13,0.75
1/18/2022,2022,1,18,2021,133.10,32714.66,769.56,25175.89,20192.17,9600.68,25831.23,9733.85,19407.13,0.75
1/17/2022,2022,1,17,2021,133.10,32714.66,769.56,25175.89,20192.17,9600.68,25831.23,9733.85,19407.13,0.75
1/14/2022,2022,1,14,2021,130.45,32714.66,769.56,25175.89,20192.17,9600.68,25831.23,9733.85,19407.13,0.75
1/13/2022,2022,1,13,2021,131.15,32714.66,769.56,25175.89,20192.17,9600.68,25831.23,9733.85,19407.13,0.75
1/12/2022,2022,1,12,2021,129.55,32714.66,769.56,25175.89,20192.17,9600.68,25831.23,9733.85,19407.13,0.75
1/11/2022,2022,1,11,2021,128.65,32714.66,769.56,25175.89,20192.17,9600.68,25831.23,9733.85,19407.13,0.75
1/10/2022,2022,1,10,2021,128.15,32714.66,769.56,25175.89,20192.17,9600.68,25831.23,9733.85,19407.13,0.75
1/7/2022,2022,1,7,2021,127.20,32714.66,769.56,25175.89,20192.17,9600.68,25831.23,9733.85,19407.13,0.75
1/6/2022,2022,1,6,2021,128.50,32714.66,769.56,25175.89,20192.17,9600.68,25831.23,9733.85,19407.13,0.75
1/5/2022,2022,1,5,2021,128.50,32714.66,769.56,25175.89,20192.17,9600.68,25831.23,9733.85,19407.13,0.75
1/4/2022,2022,1,4,2021,125.05,32714.66,769.56,25175.89,20192.17,9600.68,25831.23,9733.85,19407.13,0.75
12/31/2021,2021,12,31,2021,127.20,32714.66,769.56,25175.89,20192.17,9600.68,25831.23,9733.85,19407.13,0.75
12/30/2021,2021,12,30,2021,125.85,32714.66,769.56,25175.89,20192.17,9600.68,25831.23,9733.85,19407.13,0.75
12/29/2021,2021,12,29,2021,122.85,32714.66,769.56,25175.89,20192.17,9600.68,25831.23,9733.85,19407.13,0.75
12/24/2021,2021,12,24,2021,121.85,32714.66,769.56,25175.89,20192.17,9600.68,25831.23,9733.85,19407.13,0.75
12/23/2021,2021,12,23,2021,121.60,32714.66,769.56,25175.89,20192.17,9600.68,25831.23,9733.85,19407.13,0.75
12/22/2021,2021,12,22,2021,120.20,32714.66,769.56,25175.89,20192.17,9600.68,25831.23,9733.85,19407.13,0.75
12/21/2021,2021,12,21,2021,118.35,32714.66,769.56,25175.89,20192.17,9600.68,25831.23,9733.85,19407.13,0.75
12/20/2021,2021,12,20,2021,119.95,32714.66,769.56,25175.89,20192.17,9600.68,25831.23,9733.85,19407.13,0.75
12/17/2021,2021,12,17,2021,122.40,32714.66,769.56,25175.89,20192.17,9600.68,25831.23,9733.85,19407.13,0.75
12/16/2021,2021,12,16,2021,118.65,32714.66,769.56,25175.89,20192.17,9600.68,25831.23,9733.85,19407.13,0.75
12/15/2021,2021,12,15,2021,118.70,32714.66,769.56,25175.89,20192.17,9600.68,25831.23,9733.85,19407.13,0.75
12/14/2021,2021,12,14,2021,119.60,32714.66,769.56,25175.89,20192.17,9600.68,25831.23,9733.85,19407.13,0.75
12/13/2021,2021,12,13,2021,119.00,32714.66,769.56,25175.89,20192.17,9600.68,25831.23,9733.85,19407.13,0.75
12/10/2021,2021,12,10,2021,119.25,32714.66,769.56,25175.89,20192.17,9600.68,25831.23,9733.85,19407.13,0.75
12/9/2021,2021,12,9,2021,119.50,32714.66,769.56,25175.89,20192.17,9600.68,25831.23,9733.85,19407.13,0.75
12/8/2021,2021,12,8,2021,119.00,32714.66,769.56,25175.89,20192.17,9600.68,25831.23,9733.85,19407.13,0.75
12/7/2021,2021,12,7,2021,119.35,32714.66,769.56,25175.89,20192.17,9600.68,25831.23,9733.85,19407.13,0.75
12/6/2021,2021,12,6,2021,116.50,32714.66,769.56,25175.89,20192.17,9600.68,25831.23,9733.85,19407.13,0.75
12/3/2021,2021,12,3,2021,116.00,32714.66,769.56,25175.89,20192.17,9600.68,25831.23,9733.85,19407.13,0.75
12/2/2021,2021,12,2,2021,116.50,32714.66,769.56,25175.89,20192.17,9600.68,25831.23,9733.85,19407.13,0.75
12/1/2021,2021,12,1,2021,118.55,32714.66,769.56,25175.89,20192.17,9600.68,25831.23,9733.85,19407.13,0.75
12/1/2021,2021,12,1,2021,118.55,32714.66,769.56,25175.89,20192.17,9600.68,25831.23,9733.85,19407.13,0.75
11/30/2021,2021,11,30,2021,123.05,32714.66,769.56,25175.89,20192.17,9600.68,25831.23,9733.85,19407.13,0.75
11/29/2021,2021,11,29,2021,123.30,32714.66,769.56,25175.89,20192.17,9600.68,25831.23,9733.85,19407.13,0.75
11/26/2021,2021,11,26,2021,127.30,32714.66,769.56,25175.89,20192.17,9600.68,25831.23,9733.85,19407.13,0.75
11/25/2021,2021,11,25,2021,127.30,32714.66,769.56,25175.89,20192.17,9600.68,25831.23,9733.85,19407.13,0.75
11/24/2021,2021,11,24,2021,127.30,32714.66,769.56,25175.89,20192.17,9600.68,25831.23,9733.85,19407.13,0.75
11/23/2021,2021,11,23,2021,127.50,32714.66,769.56,25175.89,20192.17,9600.68,25831.23,9733.85,19407.13,0.75
11/22/2021,2021,11,22,2021,127.90,32714.66,769.56,25175.89,20192.17,9600.68,25831.23,9733.85,19407.13,0.75
11/19/2021,2021,11,19,2021,126.65,32714.66,769.56,25175.89,20192.17,9600.68,25831.23,9733.85,19407.13,0.75
11/18/2021,2021,11,18,2021,128.45,32714.66,769.56,25175.89,20192.17,9600.68,25831.23,9733.85,19407.13,0.75
11/17/2021,2021,11,17,2021,126.85,32714.66,769.56,25175.89,20192.17,9600.68,25831.23,9733.85,19407.13,0.75
11/16/2021,2021,11,16,2021,126.45,32714.66,769.56,25175.89,20192.17,9600.68,25831.23,9733.85,19407.13,0.75
11/15/2021,2021,11,15,2021,126.95,32714.66,769.56,25175.89,20192.17,9600.68,25831.23,9733.85,19407.13,0.75
11/12/2021,2021,11,12,2021,127.50,32714.66,769.56,25175.89,20192.17,9600.68,25831.23,9733.85,19407.13,0.75
11/11/2021,2021,11,11,2021,127.25,32714.66,769.56,25175.89,20192.17,9600.68,25831.23,9733.85,19407.13,0.75
11/10/2021,2021,11,10,2021,127.55,32714.66,769.56,25175.89,20192.17,9600.68,25831.23,9733.85,19407.13,0.75
11/9/2021,2021,11,9,2021,125.75,32714.66,769.56,25175.89,20192.17,9600.68,25831.23,9733.85,19407.13,0.75
11/8/2021,2021,11,8,2021,125.75,32714.66,769.56,25175.89,20192.17,9600.68,25831.23,9733.85,19407.13,0.75
11/5/2021,2021,11,5,2021,125.45,32714.66,769.56,25175.89,20192.17,9600.68,25831.23,9733.85,19407.13,0.75
11/4/2021,2021,11,4,2021,127.95,32714.66,769.56,25175.89,20192.17,9600.68,25831.23,9733.85,19407.13,0.75
11/3/2021,2021,11,3,2021,126.45,32714.66,769.56,25175.89,20192.17,9600.68,25831.23,9733.85,19407.13,0.75
11/2/2021,2021,11,2,2021,127.70,32714.66,769.56,25175.89,20192.17,9600.68,25831.23,9733.85,19407.13,0.75
11/1/2021,2021,11,1,2021,123.60,32714.66,769.56,25175.89,20192.17,9600.68,25831.23,9733.85,19407.13,0.75
10/29/2021,2021,10,29,2021,123.10,32714.66,769.56,25175.89,20192.17,9600.68,25831.23,9733.85,19407.13,0.75
10/28/2021,2021,10,28,2021,119.95,32714.66,769.56,25175.89,20192.17,9600.68,25831.23,9733.85,19407.13,0.75
10/27/2021,2021,10,27,2021,118.20,32714.66,769.56,25175.89,20192.17,9600.68,25831.23,9733.85,19407.13,0.75
10/26/2021,2021,10,26,2021,117.60,32714.66,769.56,25175.89,20192.17,9600.68,25831.23,9733.85,19407.13,0.75
10/25/2021,2021,10,25,2021,117.40,32714.66,769.56,25175.89,20192.17,9600.68,25831.23,9733.85,19407.13,0.75
10/22/2021,2021,10,22,2021,115.35,32714.66,769.56,25175.89,20192.17,9600.68,25831.23,9733.85,19407.13,0.75
10/21/2021,2021,10,21,2021,119.85,32714.66,769.56,25175.89,20192.17,9600.68,25831.23,9733.85,19407.13,0.75
10/20/2021,2021,10,20,2021,117.05,32714.66,769.56,25175.89,20192.17,9600.68,25831.23,9733.85,19407.13,0.75
10/19/2021,2021,10,19,2021,116.20,32714.66,769.56,25175.89,20192.17,9600.68,25831.23,9733.85,19407.13,0.75
10/18/2021,2021,10,18,2021,116.35,32714.66,769.56,25175.89,20192.17,9600.68,25831.23,9733.85,19407.13,0.75
10/15/2021,2021,10,15,2021,116.20,32714.66,769.56,25175.89,20192.17,9600.68,25831.23,9733.85,19407.13,0.75
10/14/2021,2021,10,14,2021,113.05,32714.66,769.56,25175.89,20192.17,9600.68,25831.23,9733.85,19407.13,0.75
10/13/2021,2021,10,13,2021,115.30,32714.66,769.56,25175.89,20192.17,9600.68,25831.23,9733.85,19407.13,0.75
10/12/2021,2021,10,12,2021,118.70,32714.66,769.56,25175.89,20192.17,9600.68,25831.23,9733.85,19407.13,0.75
10/11/2021,2021,10,11,2021,119.25,32714.66,769.56,25175.89,20192.17,9600.68,25831.23,9733.85,19407.13,0.75
10/8/2021,2021,10,8,2021,120.05,32714.66,769.56,25175.89,20192.17,9600.68,25831.23,9733.85,19407.13,0.75
10/7/2021,2021,10,7,2021,119.50,32714.66,769.56,25175.89,20192.17,9600.68,25831.23,9733.85,19407.13,0.75
10/6/2021,2021,10,6,2021,117.90,32714.66,769.56,25175.89,20192.17,9600.68,25831.23,9733.85,19407.13,0.75
10/5/2021,2021,10,5,2021,114.50,32714.66,769.56,25175.89,20192.17,9600.68,25831.23,9733.85,19407.13,0.75
10/4/2021,2021,10,4,2021,113.90,32714.66,769.56,25175.89,20192.17,9600.68,25831.23,9733.85,19407.13,0.75
10/1/2021,2021,10,1,2021,115.65,32714.66,769.56,25175.89,20192.17,9600.68,25831.23,9733.85,19407.13,0.75
9/30/2021,2021,9,30,2021,112.15,32714.66,769.56,25175.89,20192.17,9600.68,25831.23,9733.85,19407.13,0.75
9/29/2021,2021,9,29,2021,110.15,32714.66,769.56,25175.89,20192.17,9600.68,25831.23,9733.85,19407.13,0.75
9/28/2021,2021,9,28,2021,108.15,32714.66,769.56,25175.89,20192.17,9600.68,25831.23,9733.85,19407.13,0.75
9/27/2021,2021,9,27,2021,105.95,32714.66,769.56,25175.89,20192.17,9600.68,25831.23,9733.85,19407.13,0.75
9/24/2021,2021,9,24,2021,102.65,32714.66,769.56,25175.89,20192.17,9600.68,25831.23,9733.85,19407.13,0.75
9/23/2021,2021,9,23,2021,101.25,32714.66,769.56,25175.89,20192.17,9600.68,25831.23,9733.85,19407.13,0.75
9/22/2021,2021,9,22,2021,100.35,32714.66,769.56,25175.89,20192.17,9600.68,25831.23,9733.85,19407.13,0.75
9/21/2021,2021,9,21,2021,99.35,32714.66,769.56,25175.89,20192.17,9600.68,25831.23,9733.85,19407.13,0.75
9/20/2021,2021,9,20,2021,102.15,32714.66,769.56,25175.89,20192.17,9600.68,25831.23,9733.85,19407.13,0.75
9/17/2021,2021,9,17,2021,102.30,32714.66,769.56,25175.89,20192.17,9600.68,25831.23,9733.85,19407.13,0.75
9/16/2021,2021,9,16,2021,103.05,32714.66,769.56,25175.89,20192.17,9600.68,25831.23,9733.85,19407.13,0.75
9/15/2021,2021,9,15,2021,103.30,32714.66,769.56,25175.89,20192.17,9600.68,25831.23,9733.85,19407.13,0.75
9/14/2021,2021,9,14,2021,102.40,32714.66,769.56,25175.89,20192.17,9600.68,25831.23,9733.85,19407.13,0.75
9/13/2021,2021,9,13,2021,103.15,32714.66,769.56,25175.89,20192.17,9600.68,25831.23,9733.85,19407.13,0.75
9/10/2021,2021,9,10,2021,102.90,32714.66,769.56,25175.89,20192.17,9600.68,25831.23,9733.85,19407.13,0.75
9/9/2021,2021,9,9,2021,103.65,32714.66,769.56,25175.89,20192.17,9600.68,25831.23,9733.85,19407.13,0.75
9/8/2021,2021,9,8,2021,103.65,32714.66,769.56,25175.89,20192.17,9600.68,25831.23,9733.85,19407.13,0.75
9/7/2021,2021,9,7,2021,103.65,32714.66,769.56,25175.89,20192.17,9600.68,25831.23,9733.85,19407.13,0.75
9/6/2021,2021,9,6,2021,103.65,32714.66,769.56,25175.89,20192.17,9600.68,25831.23,9733.85,19407.13,0.75
9/3/2021,2021,9,3,2021,103.00,32714.66,769.56,25175.89,20192.17,9600.68,25831.23,9733.85,19407.13,0.75
9/2/2021,2021,9,2,2021,102.00,32714.66,769.56,25175.89,20192.17,9600.68,25831.23,9733.85,19407.13,0.75
9/1/2021,2021,9,1,2021,102.15,32714.66,769.56,25175.89,20192.17,9600.68,25831.23,9733.85,19407.13,0.75
8/31/2021,2021,8,31,2020,103.75,31478.65,762.06,23988.6,22112,10650.08,25702.54,10828.56,20191.26,0.79
8/27/2021,2021,8,27,2020,103.65,31478.65,762.06,23988.6,22112,10650.08,25702.54,10828.56,20191.26,0.79
8/26/2021,2021,8,26,2020,103.90,31478.65,762.06,23988.6,22112,10650.08,25702.54,10828.56,20191.26,0.79
8/25/2021,2021,8,25,2020,103.30,31478.65,762.06,23988.6,22112,10650.08,25702.54,10828.56,20191.26,0.79
8/24/2021,2021,8,24,2020,102.15,31478.65,762.06,23988.6,22112,10650.08,25702.54,10828.56,20191.26,0.79
8/23/2021,2021,8,23,2020,101.80,31478.65,762.06,23988.6,22112,10650.08,25702.54,10828.56,20191.26,0.79
8/20/2021,2021,8,20,2020,101.50,31478.65,762.06,23988.6,22112,10650.08,25702.54,10828.56,20191.26,0.79
8/19/2021,2021,8,19,2020,103.35,31478.65,762.06,23988.6,22112,10650.08,25702.54,10828.56,20191.26,0.79
8/18/2021,2021,8,18,2020,103.25,31478.65,762.06,23988.6,22112,10650.08,25702.54,10828.56,20191.26,0.79
8/17/2021,2021,8,17,2020,102.75,31478.65,762.06,23988.6,22112,10650.08,25702.54,10828.56,20191.26,0.79
8/16/2021,2021,8,16,2020,102.75,31478.65,762.06,23988.6,22112,10650.08,25702.54,10828.56,20191.26,0.79
8/13/2021,2021,8,13,2020,101.85,31478.65,762.06,23988.6,22112,10650.08,25702.54,10828.56,20191.26,0.79
8/12/2021,2021,8,12,2020,99.95,31478.65,762.06,23988.6,22112,10650.08,25702.54,10828.56,20191.26,0.79
8/11/2021,2021,8,11,2020,100.95,31478.65,762.06,23988.6,22112,10650.08,25702.54,10828.56,20191.26,0.79
8/10/2021,2021,8,10,2020,99.55,31478.65,762.06,23988.6,22112,10650.08,25702.54,10828.56,20191.26,0.79
8/9/2021,2021,8,9,2020,100.30,31478.65,762.06,23988.6,22112,10650.08,25702.54,10828.56,20191.26,0.79
8/6/2021,2021,8,6,2020,99.30,31478.65,762.06,23988.6,22112,10650.08,25702.54,10828.56,20191.26,0.79
8/5/2021,2021,8,5,2020,98.90,31478.65,762.06,23988.6,22112,10650.08,25702.54,10828.56,20191.26,0.79
8/4/2021,2021,8,4,2020,98.40,31478.65,762.06,23988.6,22112,10650.08,25702.54,10828.56,20191.26,0.79
8/3/2021,2021,8,3,2020,98.15,31478.65,762.06,23988.6,22112,10650.08,25702.54,10828.56,20191.26,0.79
8/2/2021,2021,8,2,2020,97.90,31478.65,762.06,23988.6,22112,10650.08,25702.54,10828.56,20191.26,0.79
7/30/2021,2021,7,30,2020,100.25,31478.65,762.06,23988.6,22112,10650.08,25702.54,10828.56,20191.26,0.79
7/29/2021,2021,7,29,2020,100.25,31478.65,762.06,23988.6,22112,10650.08,25702.54,10828.56,20191.26,0.79
7/28/2021,2021,7,28,2020,100.00,31478.65,762.06,23988.6,22112,10650.08,25702.54,10828.56,20191.26,0.79
7/27/2021,2021,7,27,2020,99.30,31478.65,762.06,23988.6,22112,10650.08,25702.54,10828.56,20191.26,0.79
7/26/2021,2021,7,26,2020,99.30,31478.65,762.06,23988.6,22112,10650.08,25702.54,10828.56,20191.26,0.79
7/23/2021,2021,7,23,2020,99.50,31478.65,762.06,23988.6,22112,10650.08,25702.54,10828.56,20191.26,0.79
7/22/2021,2021,7,22,2020,98.25,31478.65,762.06,23988.6,22112,10650.08,25702.54,10828.56,20191.26,0.79
7/21/2021,2021,7,21,2020,98.00,31478.65,762.06,23988.6,22112,10650.08,25702.54,10828.56,20191.26,0.79
7/20/2021,2021,7,20,2020,96.20,31478.65,762.06,23988.6,22112,10650.08,25702.54,10828.56,20191.26,0.79
7/19/2021,2021,7,19,2020,98.80,31478.65,762.06,23988.6,22112,10650.08,25702.54,10828.56,20191.26,0.79
7/16/2021,2021,7,16,2020,97.95,31478.65,762.06,23988.6,22112,10650.08,25702.54,10828.56,20191.26,0.79
7/15/2021,2021,7,15,2020,98.70,31478.65,762.06,23988.6,22112,10650.08,25702.54,10828.56,20191.26,0.79
7/14/2021,2021,7,14,2020,97.50,31478.65,762.06,23988.6,22112,10650.08,25702.54,10828.56,20191.26,0.79
7/13/2021,2021,7,13,2020,97.25,31478.65,762.06,23988.6,22112,10650.08,25702.54,10828.56,20191.26,0.79
7/12/2021,2021,7,12,2020,96.80,31478.65,762.06,23988.6,22112,10650.08,25702.54,10828.56,20191.26,0.79
7/9/2021,2021,7,9,2020,96.05,31478.65,762.06,23988.6,22112,10650.08,25702.54,10828.56,20191.26,0.79
7/8/2021,2021,7,8,2020,96.80,31478.65,762.06,23988.6,22112,10650.08,25702.54,10828.56,20191.26,0.79
7/7/2021,2021,7,7,2020,96.60,31478.65,762.06,23988.6,22112,10650.08,25702.54,10828.56,20191.26,0.79
7/6/2021,2021,7,6,2020,96.20,31478.65,762.06,23988.6,22112,10650.08,25702.54,10828.56,20191.26,0.79
7/5/2021,2021,7,5,2020,96.20,31478.65,762.06,23988.6,22112,10650.08,25702.54,10828.56,20191.26,0.79
7/2/2021,2021,7,2,2020,95.20,31478.65,762.06,23988.6,22112,10650.08,25702.54,10828.56,20191.26,0.79
7/1/2021,2021,7,1,2020,94.30,31478.65,762.06,23988.6,22112,10650.08,25702.54,10828.56,20191.26,0.79
6/30/2021,2021,6,30,2020,96.70,31478.65,762.06,23988.6,22112,10650.08,25702.54,10828.56,20191.26,0.79
6/29/2021,2021,6,29,2020,96.60,31478.65,762.06,23988.6,22112,10650.08,25702.54,10828.56,20191.26,0.79
6/28/2021,2021,6,28,2020,96.35,31478.65,762.06,23988.6,22112,10650.08,25702.54,10828.56,20191.26,0.79
6/25/2021,2021,6,25,2020,95.95,31478.65,762.06,23988.6,22112,10650.08,25702.54,10828.56,20191.26,0.79
6/24/2021,2021,6,24,2020,96.20,31478.65,762.06,23988.6,22112,10650.08,25702.54,10828.56,20191.26,0.79
6/23/2021,2021,6,23,2020,94.95,31478.65,762.06,23988.6,22112,10650.08,25702.54,10828.56,20191.26,0.79
6/22/2021,2021,6,22,2020,94.45,31478.65,762.06,23988.6,22112,10650.08,25702.54,10828.56,20191.26,0.79
6/21/2021,2021,6,21,2020,94.45,31478.65,762.06,23988.6,22112,10650.08,25702.54,10828.56,20191.26,0.79
6/18/2021,2021,6,18,2020,93.20,31478.65,762.06,23988.6,22112,10650.08,25702.54,10828.56,20191.26,0.79
6/17/2021,2021,6,17,2020,94.85,31478.65,762.06,23988.6,22112,10650.08,25702.54,10828.56,20191.26,0.79
6/16/2021,2021,6,16,2020,95.60,31478.65,762.06,23988.6,22112,10650.08,25702.54,10828.56,20191.26,0.79
6/15/2021,2021,6,15,2020,94.85,31478.65,762.06,23988.6,22112,10650.08,25702.54,10828.56,20191.26,0.79
6/14/2021,2021,6,14,2020,96.20,31478.65,762.06,23988.6,22112,10650.08,25702.54,10828.56,20191.26,0.79
6/11/2021,2021,6,11,2020,96.45,31478.65,762.06,23988.6,22112,10650.08,25702.54,10828.56,20191.26,0.79
6/10/2021,2021,6,10,2020,95.55,31478.65,762.06,23988.6,22112,10650.08,25702.54,10828.56,20191.26,0.79
6/9/2021,2021,6,9,2020,94.05,31478.65,762.06,23988.6,22112,10650.08,25702.54,10828.56,20191.26,0.79
6/8/2021,2021,6,8,2020,93.20,31478.65,762.06,23988.6,22112,10650.08,25702.54,10828.56,20191.26,0.79
6/7/2021,2021,6,7,2020,93.50,31478.65,762.06,23988.6,22112,10650.08,25702.54,10828.56,20191.26,0.79
6/4/2021,2021,6,4,2020,92.20,31478.65,762.06,23988.6,22112,10650.08,25702.54,10828.56,20191.26,0.79
6/3/2021,2021,6,3,2020,91.70,31478.65,762.06,23988.6,22112,10650.08,25702.54,10828.56,20191.26,0.79
6/2/2021,2021,6,2,2020,92.20,31478.65,762.06,23988.6,22112,10650.08,25702.54,10828.56,20191.26,0.79
6/1/2021,2021,6,1,2020,89.90,31478.65,762.06,23988.6,22112,10650.08,25702.54,10828.56,20191.26,0.79
5/28/2021,2021,5,28,2020,89.70,31478.65,762.06,23988.6,22112,10650.08,25702.54,10828.56,20191.26,0.79
5/27/2021,2021,5,27,2020,89.10,31478.65,762.06,23988.6,22112,10650.08,25702.54,10828.56,20191.26,0.79
5/26/2021,2021,5,26,2020,89.30,31478.65,762.06,23988.6,22112,10650.08,25702.54,10828.56,20191.26,0.79
5/25/2021,2021,5,25,2020,89.15,31478.65,762.06,23988.6,22112,10650.08,25702.54,10828.56,20191.26,0.79
5/24/2021,2021,5,24,2020,89.05,31478.65,762.06,23988.6,22112,10650.08,25702.54,10828.56,20191.26,0.79
5/21/2021,2021,5,21,2020,87.70,31478.65,762.06,23988.6,22112,10650.08,25702.54,10828.56,20191.26,0.79
5/20/2021,2021,5,20,2020,88.95,31478.65,762.06,23988.6,22112,10650.08,25702.54,10828.56,20191.26,0.79
5/19/2021,2021,5,19,2020,89.95,31478.65,762.06,23988.6,22112,10650.08,25702.54,10828.56,20191.26,0.79
5/18/2021,2021,5,18,2020,88.00,31478.65,762.06,23988.6,22112,10650.08,25702.54,10828.56,20191.26,0.79
5/17/2021,2021,5,17,2020,88.00,31478.65,762.06,23988.6,22112,10650.08,25702.54,10828.56,20191.26,0.79
5/14/2021,2021,5,14,2020,90.15,31478.65,762.06,23988.6,22112,10650.08,25702.54,10828.56,20191.26,0.79
5/13/2021,2021,5,13,2020,93.40,31478.65,762.06,23988.6,22112,10650.08,25702.54,10828.56,20191.26,0.79
5/12/2021,2021,5,12,2020,92.90,31478.65,762.06,23988.6,22112,10650.08,25702.54,10828.56,20191.26,0.79
5/11/2021,2021,5,11,2020,93.60,31478.65,762.06,23988.6,22112,10650.08,25702.54,10828.56,20191.26,0.79
5/10/2021,2021,5,10,2020,94.75,31478.65,762.06,23988.6,22112,10650.08,25702.54,10828.56,20191.26,0.79
5/7/2021,2021,5,7,2020,95.50,31478.65,762.06,23988.6,22112,10650.08,25702.54,10828.56,20191.26,0.79
5/6/2021,2021,5,6,2020,92.30,31478.65,762.06,23988.6,22112,10650.08,25702.54,10828.56,20191.26,0.79
5/5/2021,2021,5,5,2020,92.30,31478.65,762.06,23988.6,22112,10650.08,25702.54,10828.56,20191.26,0.79
5/4/2021,2021,5,4,2020,93.05,31478.65,762.06,23988.6,22112,10650.08,25702.54,10828.56,20191.26,0.79
4/30/2021,2021,4,30,2020,91.90,31478.65,762.06,23988.6,22112,10650.08,25702.54,10828.56,20191.26,0.79
4/29/2021,2021,4,29,2020,94.90,31478.65,762.06,23988.6,22112,10650.08,25702.54,10828.56,20191.26,0.79
4/28/2021,2021,4,28,2020,96.90,31478.65,762.06,23988.6,22112,10650.08,25702.54,10828.56,20191.26,0.79
4/27/2021,2021,4,27,2020,95.10,31478.65,762.06,23988.6,22112,10650.08,25702.54,10828.56,20191.26,0.79
4/26/2021,2021,4,26,2020,94.70,31478.65,762.06,23988.6,22112,10650.08,25702.54,10828.56,20191.26,0.79
4/23/2021,2021,4,23,2020,91.95,31478.65,762.06,23988.6,22112,10650.08,25702.54,10828.56,20191.26,0.79
4/22/2021,2021,4,22,2020,92.20,31478.65,762.06,23988.6,22112,10650.08,25702.54,10828.56,20191.26,0.79
4/21/2021,2021,4,21,2020,91.20,31478.65,762.06,23988.6,22112,10650.08,25702.54,10828.56,20191.26,0.79
4/20/2021,2021,4,20,2020,90.80,31478.65,762.06,23988.6,22112,10650.08,25702.54,10828.56,20191.26,0.79
4/19/2021,2021,4,19,2020,91.00,31478.65,762.06,23988.6,22112,10650.08,25702.54,10828.56,20191.26,0.79
4/16/2021,2021,4,16,2020,92.25,31478.65,762.06,23988.6,22112,10650.08,25702.54,10828.56,20191.26,0.79
4/15/2021,2021,4,15,2020,91.50,31478.65,762.06,23988.6,22112,10650.08,25702.54,10828.56,20191.26,0.79
4/14/2021,2021,4,14,2020,89.10,31478.65,762.06,23988.6,22112,10650.08,25702.54,10828.56,20191.26,0.79
4/13/2021,2021,4,13,2020,87.40,31478.65,762.06,23988.6,22112,10650.08,25702.54,10828.56,20191.26,0.79
4/12/2021,2021,4,12,2020,89.50,31478.65,762.06,23988.6,22112,10650.08,25702.54,10828.56,20191.26,0.79
4/9/2021,2021,4,9,2020,88.50,31478.65,762.06,23988.6,22112,10650.08,25702.54,10828.56,20191.26,0.79
4/8/2021,2021,4,8,2020,86.60,31478.65,762.06,23988.6,22112,10650.08,25702.54,10828.56,20191.26,0.79
4/7/2021,2021,4,7,2020,86.35,31478.65,762.06,23988.6,22112,10650.08,25702.54,10828.56,20191.26,0.79
4/6/2021,2021,4,6,2020,85.10,31478.65,762.06,23988.6,22112,10650.08,25702.54,10828.56,20191.26,0.79
4/1/2021,2021,4,1,2020,87.65,31478.65,762.06,23988.6,22112,10650.08,25702.54,10828.56,20191.26,0.79
3/31/2021,2021,3,31,2020,87.40,31478.65,762.06,23988.6,22112,10650.08,25702.54,10828.56,20191.26,0.79
3/30/2021,2021,3,30,2020,87.20,31478.65,762.06,23988.6,22112,10650.08,25702.54,10828.56,20191.26,0.79
3/29/2021,2021,3,29,2020,87.10,31478.65,762.06,23988.6,22112,10650.08,25702.54,10828.56,20191.26,0.79
3/26/2021,2021,3,26,2020,85.10,31478.65,762.06,23988.6,22112,10650.08,25702.54,10828.56,20191.26,0.79
3/25/2021,2021,3,25,2020,88.50,31478.65,762.06,23988.6,22112,10650.08,25702.54,10828.56,20191.26,0.79
3/24/2021,2021,3,24,2020,89.50,31478.65,762.06,23988.6,22112,10650.08,25702.54,10828.56,20191.26,0.79
3/23/2021,2021,3,23,2020,90.50,31478.65,762.06,23988.6,22112,10650.08,25702.54,10828.56,20191.26,0.79
3/22/2021,2021,3,22,2020,90.50,31478.65,762.06,23988.6,22112,10650.08,25702.54,10828.56,20191.26,0.79
3/19/2021,2021,3,19,2020,91.25,31478.65,762.06,23988.6,22112,10650.08,25702.54,10828.56,20191.26,0.79
3/18/2021,2021,3,18,2020,92.25,31478.65,762.06,23988.6,22112,10650.08,25702.54,10828.56,20191.26,0.79
3/17/2021,2021,3,17,2020,92.75,31478.65,762.06,23988.6,22112,10650.08,25702.54,10828.56,20191.26,0.79
3/16/2021,2021,3,16,2020,92.50,31478.65,762.06,23988.6,22112,10650.08,25702.54,10828.56,20191.26,0.79
3/15/2021,2021,3,15,2020,93.25,31478.65,762.06,23988.6,22112,10650.08,25702.54,10828.56,20191.26,0.79
3/12/2021,2021,3,12,2020,94.00,31478.65,762.06,23988.6,22112,10650.08,25702.54,10828.56,20191.26,0.79
3/11/2021,2021,3,11,2020,91.15,31478.65,762.06,23988.6,22112,10650.08,25702.54,10828.56,20191.26,0.79
3/10/2021,2021,3,10,2020,90.15,31478.65,762.06,23988.6,22112,10650.08,25702.54,10828.56,20191.26,0.79
3/9/2021,2021,3,9,2020,93.65,31478.65,762.06,23988.6,22112,10650.08,25702.54,10828.56,20191.26,0.79
3/8/2021,2021,3,8,2020,93.15,31478.65,762.06,23988.6,22112,10650.08,25702.54,10828.56,20191.26,0.79
3/5/2021,2021,3,5,2020,92.60,31478.65,762.06,23988.6,22112,10650.08,25702.54,10828.56,20191.26,0.79
3/4/2021,2021,3,4,2020,93.65,31478.65,762.06,23988.6,22112,10650.08,25702.54,10828.56,20191.26,0.79
3/3/2021,2021,3,3,2020,96.15,31478.65,762.06,23988.6,22112,10650.08,25702.54,10828.56,20191.26,0.79
3/2/2021,2021,3,2,2020,96.75,31478.65,762.06,23988.6,22112,10650.08,25702.54,10828.56,20191.26,0.79
3/1/2021,2021,3,1,2020,94.35,31478.65,762.06,23988.6,22112,10650.08,25702.54,10828.56,20191.26,0.79
2/26/2021,2021,2,26,2020,95.10,31478.65,762.06,23988.6,22112,10650.08,25702.54,10828.56,20191.26,0.79
2/25/2021,2021,2,25,2020,98.50,31478.65,762.06,23988.6,22112,10650.08,25702.54,10828.56,20191.26,0.79
2/24/2021,2021,2,24,2020,97.60,31478.65,762.06,23988.6,22112,10650.08,25702.54,10828.56,20191.26,0.79
2/23/2021,2021,2,23,2020,97.35,31478.65,762.06,23988.6,22112,10650.08,25702.54,10828.56,20191.26,0.79
2/22/2021,2021,2,22,2020,95.60,31478.65,762.06,23988.6,22112,10650.08,25702.54,10828.56,20191.26,0.79
2/19/2021,2021,2,19,2020,95.40,31478.65,762.06,23988.6,22112,10650.08,25702.54,10828.56,20191.26,0.79
2/18/2021,2021,2,18,2020,95.10,31478.65,762.06,23988.6,22112,10650.08,25702.54,10828.56,20191.26,0.79
2/17/2021,2021,2,17,2020,94.60,31478.65,762.06,23988.6,22112,10650.08,25702.54,10828.56,20191.26,0.79
2/16/2021,2021,2,16,2020,93.80,31478.65,762.06,23988.6,22112,10650.08,25702.54,10828.56,20191.26,0.79
2/15/2021,2021,2,15,2020,93.80,31478.65,762.06,23988.6,22112,10650.08,25702.54,10828.56,20191.26,0.79
2/12/2021,2021,2,12,2020,93.00,31478.65,762.06,23988.6,22112,10650.08,25702.54,10828.56,20191.26,0.79
2/11/2021,2021,2,11,2020,91.25,31478.65,762.06,23988.6,22112,10650.08,25702.54,10828.56,20191.26,0.79
2/10/2021,2021,2,10,2020,93.20,31478.65,762.06,23988.6,22112,10650.08,25702.54,10828.56,20191.26,0.79
2/9/2021,2021,2,9,2020,91.10,31478.65,762.06,23988.6,22112,10650.08,25702.54,10828.56,20191.26,0.79
2/8/2021,2021,2,8,2020,89.50,31478.65,762.06,23988.6,22112,10650.08,25702.54,10828.56,20191.26,0.79
2/5/2021,2021,2,5,2020,90.90,31478.65,762.06,23988.6,22112,10650.08,25702.54,10828.56,20191.26,0.79
2/4/2021,2021,2,4,2020,87.70,31478.65,762.06,23988.6,22112,10650.08,25702.54,10828.56,20191.26,0.79
2/3/2021,2021,2,3,2020,87.45,31478.65,762.06,23988.6,22112,10650.08,25702.54,10828.56,20191.26,0.79
2/2/2021,2021,2,2,2020,86.90,31478.65,762.06,23988.6,22112,10650.08,25702.54,10828.56,20191.26,0.79
2/1/2021,2021,2,1,2020,87.35,31478.65,762.06,23988.6,22112,10650.08,25702.54,10828.56,20191.26,0.79
1/29/2021,2021,1,29,2020,86.60,31478.65,762.06,23988.6,22112,10650.08,25702.54,10828.56,20191.26,0.79
1/28/2021,2021,1,28,2020,87.55,31478.65,762.06,23988.6,22112,10650.08,25702.54,10828.56,20191.26,0.79
1/27/2021,2021,1,27,2020,88.35,31478.65,762.06,23988.6,22112,10650.08,25702.54,10828.56,20191.26,0.79
1/26/2021,2021,1,26,2020,88.85,31478.65,762.06,23988.6,22112,10650.08,25702.54,10828.56,20191.26,0.79
1/25/2021,2021,1,25,2020,88.10,31478.65,762.06,23988.6,22112,10650.08,25702.54,10828.56,20191.26,0.79
1/22/2021,2021,1,22,2020,89.10,31478.65,762.06,23988.6,22112,10650.08,25702.54,10828.56,20191.26,0.79
1/21/2021,2021,1,21,2020,88.10,31478.65,762.06,23988.6,22112,10650.08,25702.54,10828.56,20191.26,0.79
1/20/2021,2021,1,20,2020,87.60,31478.65,762.06,23988.6,22112,10650.08,25702.54,10828.56,20191.26,0.79
1/19/2021,2021,1,19,2020,87.10,31478.65,762.06,23988.6,22112,10650.08,25702.54,10828.56,20191.26,0.79
1/18/2021,2021,1,18,2020,87.10,31478.65,762.06,23988.6,22112,10650.08,25702.54,10828.56,20191.26,0.79
1/15/2021,2021,1,15,2020,87.60,31478.65,762.06,23988.6,22112,10650.08,25702.54,10828.56,20191.26,0.79
1/14/2021,2021,1,14,2020,87.35,31478.65,762.06,23988.6,22112,10650.08,25702.54,10828.56,20191.26,0.79
1/13/2021,2021,1,13,2020,88.10,31478.65,762.06,23988.6,22112,10650.08,25702.54,10828.56,20191.26,0.79
1/12/2021,2021,1,12,2020,86.90,31478.65,762.06,23988.6,22112,10650.08,25702.54,10828.56,20191.26,0.79
1/11/2021,2021,1,11,2020,86.30,31478.65,762.06,23988.6,22112,10650.08,25702.54,10828.56,20191.26,0.79
1/8/2021,2021,1,8,2020,86.30,31478.65,762.06,23988.6,22112,10650.08,25702.54,10828.56,20191.26,0.79
1/7/2021,2021,1,7,2020,86.55,31478.65,762.06,23988.6,22112,10650.08,25702.54,10828.56,20191.26,0.79
1/6/2021,2021,1,6,2020,86.80,31478.65,762.06,23988.6,22112,10650.08,25702.54,10828.56,20191.26,0.79
1/5/2021,2021,1,5,2020,85.60,31478.65,762.06,23988.6,22112,10650.08,25702.54,10828.56,20191.26,0.79
1/4/2021,2021,1,4,2020,84.75,31478.65,762.06,23988.6,22112,10650.08,25702.54,10828.56,20191.26,0.79
12/31/2020,2020,12,31,2020,84.60,31478.65,762.06,23988.6,22112,10650.08,25702.54,10828.56,20191.26,0.79
12/30/2020,2020,12,30,2020,83.60,31478.65,762.06,23988.6,22112,10650.08,25702.54,10828.56,20191.26,0.79
12/29/2020,2020,12,29,2020,82.85,31478.65,762.06,23988.6,22112,10650.08,25702.54,10828.56,20191.26,0.79
12/24/2020,2020,12,24,2020,82.65,31478.65,762.06,23988.6,22112,10650.08,25702.54,10828.56,20191.26,0.79
12/23/2020,2020,12,23,2020,81.35,31478.65,762.06,23988.6,22112,10650.08,25702.54,10828.56,20191.26,0.79
12/22/2020,2020,12,22,2020,81.35,31478.65,762.06,23988.6,22112,10650.08,25702.54,10828.56,20191.26,0.79
12/21/2020,2020,12,21,2020,83.85,31478.65,762.06,23988.6,22112,10650.08,25702.54,10828.56,20191.26,0.79
12/18/2020,2020,12,18,2020,83.90,31478.65,762.06,23988.6,22112,10650.08,25702.54,10828.56,20191.26,0.79
12/17/2020,2020,12,17,2020,82.45,31478.65,762.06,23988.6,22112,10650.08,25702.54,10828.56,20191.26,0.79
12/16/2020,2020,12,16,2020,82.30,31478.65,762.06,23988.6,22112,10650.08,25702.54,10828.56,20191.26,0.79
12/15/2020,2020,12,15,2020,81.30,31478.65,762.06,23988.6,22112,10650.08,25702.54,10828.56,20191.26,0.79
12/14/2020,2020,12,14,2020,80.70,31478.65,762.06,23988.6,22112,10650.08,25702.54,10828.56,20191.26,0.79
12/11/2020,2020,12,11,2020,80.90,31478.65,762.06,23988.6,22112,10650.08,25702.54,10828.56,20191.26,0.79
12/10/2020,2020,12,10,2020,79.65,31478.65,762.06,23988.6,22112,10650.08,25702.54,10828.56,20191.26,0.79
12/9/2020,2020,12,9,2020,78.65,31478.65,762.06,23988.6,22112,10650.08,25702.54,10828.56,20191.26,0.79
12/8/2020,2020,12,8,2020,79.10,31478.65,762.06,23988.6,22112,10650.08,25702.54,10828.56,20191.26,0.79
12/7/2020,2020,12,7,2020,78.35,31478.65,762.06,23988.6,22112,10650.08,25702.54,10828.56,20191.26,0.79
12/4/2020,2020,12,4,2020,77.85,31478.65,762.06,23988.6,22112,10650.08,25702.54,10828.56,20191.26,0.79
12/3/2020,2020,12,3,2020,78.35,31478.65,762.06,23988.6,22112,10650.08,25702.54,10828.56,20191.26,0.79
12/2/2020,2020,12,2,2020,78.85,31478.65,762.06,23988.6,22112,10650.08,25702.54,10828.56,20191.26,0.79
12/1/2020,2020,12,1,2020,78.85,31478.65,762.06,23988.6,22112,10650.08,25702.54,10828.56,20191.26,0.79
11/30/2020,2020,11,30,2020,79.80,31478.65,762.06,23988.6,22112,10650.08,25702.54,10828.56,20191.26,0.79
11/27/2020,2020,11,27,2020,78.95,31478.65,762.06,23988.6,22112,10650.08,25702.54,10828.56,20191.26,0.79
11/26/2020,2020,11,26,2020,78.95,31478.65,762.06,23988.6,22112,10650.08,25702.54,10828.56,20191.26,0.79
11/25/2020,2020,11,25,2020,79.45,31478.65,762.06,23988.6,22112,10650.08,25702.54,10828.56,20191.26,0.79
11/24/2020,2020,11,24,2020,80.15,31478.65,762.06,23988.6,22112,10650.08,25702.54,10828.56,20191.26,0.79
11/23/2020,2020,11,23,2020,79.20,31478.65,762.06,23988.6,22112,10650.08,25702.54,10828.56,20191.26,0.79
11/20/2020,2020,11,20,2020,77.90,31478.65,762.06,23988.6,22112,10650.08,25702.54,10828.56,20191.26,0.79
11/19/2020,2020,11,19,2020,78.15,31478.65,762.06,23988.6,22112,10650.08,25702.54,10828.56,20191.26,0.79
11/18/2020,2020,11,18,2020,77.65,31478.65,762.06,23988.6,22112,10650.08,25702.54,10828.56,20191.26,0.79
11/17/2020,2020,11,17,2020,77.80,31478.65,762.06,23988.6,22112,10650.08,25702.54,10828.56,20191.26,0.79
11/16/2020,2020,11,16,2020,76.45,31478.65,762.06,23988.6,22112,10650.08,25702.54,10828.56,20191.26,0.79
11/13/2020,2020,11,13,2020,76.65,31478.65,762.06,23988.6,22112,10650.08,25702.54,10828.56,20191.26,0.79
11/12/2020,2020,11,12,2020,77.35,31478.65,762.06,23988.6,22112,10650.08,25702.54,10828.56,20191.26,0.79
11/11/2020,2020,11,11,2020,77.60,31478.65,762.06,23988.6,22112,10650.08,25702.54,10828.56,20191.26,0.79
11/10/2020,2020,11,10,2020,77.60,31478.65,762.06,23988.6,22112,10650.08,25702.54,10828.56,20191.26,0.79
11/9/2020,2020,11,9,2020,76.20,31478.65,762.06,23988.6,22112,10650.08,25702.54,10828.56,20191.26,0.79
11/6/2020,2020,11,6,2020,77.00,31478.65,762.06,23988.6,22112,10650.08,25702.54,10828.56,20191.26,0.79
11/5/2020,2020,11,5,2020,77.00,31478.65,762.06,23988.6,22112,10650.08,25702.54,10828.56,20191.26,0.79
11/4/2020,2020,11,4,2020,77.00,31478.65,762.06,23988.6,22112,10650.08,25702.54,10828.56,20191.26,0.79
11/3/2020,2020,11,3,2020,75.60,31478.65,762.06,23988.6,22112,10650.08,25702.54,10828.56,20191.26,0.79
11/2/2020,2020,11,2,2020,75.75,31478.65,762.06,23988.6,22112,10650.08,25702.54,10828.56,20191.26,0.79
10/30/2020,2020,10,30,2020,76.70,31478.65,762.06,23988.6,22112,10650.08,25702.54,10828.56,20191.26,0.79
10/29/2020,2020,10,29,2020,76.95,31478.65,762.06,23988.6,22112,10650.08,25702.54,10828.56,20191.26,0.79
10/28/2020,2020,10,28,2020,78.40,31478.65,762.06,23988.6,22112,10650.08,25702.54,10828.56,20191.26,0.79
10/27/2020,2020,10,27,2020,78.35,31478.65,762.06,23988.6,22112,10650.08,25702.54,10828.56,20191.26,0.79
10/26/2020,2020,10,26,2020,77.40,31478.65,762.06,23988.6,22112,10650.08,25702.54,10828.56,20191.26,0.79
10/23/2020,2020,10,23,2020,77.75,31478.65,762.06,23988.6,22112,10650.08,25702.54,10828.56,20191.26,0.79
10/22/2020,2020,10,22,2020,76.85,31478.65,762.06,23988.6,22112,10650.08,25702.54,10828.56,20191.26,0.79
10/21/2020,2020,10,21,2020,76.85,31478.65,762.06,23988.6,22112,10650.08,25702.54,10828.56,20191.26,0.79
10/20/2020,2020,10,20,2020,76.80,31478.65,762.06,23988.6,22112,10650.08,25702.54,10828.56,20191.26,0.79
10/19/2020,2020,10,19,2020,75.40,31478.65,762.06,23988.6,22112,10650.08,25702.54,10828.56,20191.26,0.79
10/16/2020,2020,10,16,2020,74.65,31478.65,762.06,23988.6,22112,10650.08,25702.54,10828.56,20191.26,0.79
10/15/2020,2020,10,15,2020,74.50,31478.65,762.06,23988.6,22112,10650.08,25702.54,10828.56,20191.26,0.79
10/14/2020,2020,10,14,2020,74.50,31478.65,762.06,23988.6,22112,10650.08,25702.54,10828.56,20191.26,0.79
10/13/2020,2020,10,13,2020,74.00,31478.65,762.06,23988.6,22112,10650.08,25702.54,10828.56,20191.26,0.79
10/12/2020,2020,10,12,2020,73.20,31478.65,762.06,23988.6,22112,10650.08,25702.54,10828.56,20191.26,0.79
10/9/2020,2020,10,9,2020,72.95,31478.65,762.06,23988.6,22112,10650.08,25702.54,10828.56,20191.26,0.79
10/8/2020,2020,10,8,2020,72.95,31478.65,762.06,23988.6,22112,10650.08,25702.54,10828.56,20191.26,0.79
10/7/2020,2020,10,7,2020,72.30,31478.65,762.06,23988.6,22112,10650.08,25702.54,10828.56,20191.26,0.79
10/6/2020,2020,10,6,2020,71.55,31478.65,762.06,23988.6,22112,10650.08,25702.54,10828.56,20191.26,0.79
10/5/2020,2020,10,5,2020,71.30,31478.65,762.06,23988.6,22112,10650.08,25702.54,10828.56,20191.26,0.79
10/2/2020,2020,10,2,2020,71.30,31478.65,762.06,23988.6,22112,10650.08,25702.54,10828.56,20191.26,0.79
10/1/2020,2020,10,1,2020,71.30,31478.65,762.06,23988.6,22112,10650.08,25702.54,10828.56,20191.26,0.79
9/30/2020,2020,9,30,2020,70.80,31478.65,762.06,23988.6,22112,10650.08,25702.54,10828.56,20191.26,0.79
9/29/2020,2020,9,29,2020,71.15,31478.65,762.06,23988.6,22112,10650.08,25702.54,10828.56,20191.26,0.79
9/28/2020,2020,9,28,2020,71.35,31478.65,762.06,23988.6,22112,10650.08,25702.54,10828.56,20191.26,0.79
9/25/2020,2020,9,25,2020,70.75,31478.65,762.06,23988.6,22112,10650.08,25702.54,10828.56,20191.26,0.79
9/24/2020,2020,9,24,2020,70.60,31478.65,762.06,23988.6,22112,10650.08,25702.54,10828.56,20191.26,0.79
9/23/2020,2020,9,23,2020,70.85,31478.65,762.06,23988.6,22112,10650.08,25702.54,10828.56,20191.26,0.79
9/22/2020,2020,9,22,2020,70.70,31478.65,762.06,23988.6,22112,10650.08,25702.54,10828.56,20191.26,0.79
9/21/2020,2020,9,21,2020,70.95,31478.65,762.06,23988.6,22112,10650.08,25702.54,10828.56,20191.26,0.79
9/18/2020,2020,9,18,2020,71.15,31478.65,762.06,23988.6,22112,10650.08,25702.54,10828.56,20191.26,0.79
9/17/2020,2020,9,17,2020,71.65,31478.65,762.06,23988.6,22112,10650.08,25702.54,10828.56,20191.26,0.79
9/16/2020,2020,9,16,2020,71.65,31478.65,762.06,23988.6,22112,10650.08,25702.54,10828.56,20191.26,0.79
9/15/2020,2020,9,15,2020,72.10,31478.65,762.06,23988.6,22112,10650.08,25702.54,10828.56,20191.26,0.79
9/14/2020,2020,9,14,2020,70.50,31478.65,762.06,23988.6,22112,10650.08,25702.54,10828.56,20191.26,0.79
9/11/2020,2020,9,11,2020,70.50,31478.65,762.06,23988.6,22112,10650.08,25702.54,10828.56,20191.26,0.79
9/10/2020,2020,9,10,2020,69.90,31478.65,762.06,23988.6,22112,10650.08,25702.54,10828.56,20191.26,0.79
9/9/2020,2020,9,9,2020,69.80,31478.65,762.06,23988.6,22112,10650.08,25702.54,10828.56,20191.26,0.79
9/8/2020,2020,9,8,2020,70.70,31478.65,762.06,23988.6,22112,10650.08,25702.54,10828.56,20191.26,0.79
9/7/2020,2020,9,7,2020,70.60,31478.65,762.06,23988.6,22112,10650.08,25702.54,10828.56,20191.26,0.79
9/4/2020,2020,9,4,2020,69.85,31478.65,762.06,23988.6,22112,10650.08,25702.54,10828.56,20191.26,0.79
9/3/2020,2020,9,3,2020,70.50,31478.65,762.06,23988.6,22112,10650.08,25702.54,10828.56,20191.26,0.79
9/2/2020,2020,9,2,2020,71.00,31478.65,762.06,23988.6,22112,10650.08,25702.54,10828.56,20191.26,0.79
9/1/2020,2020,9,1,2020,70.85,31478.65,762.06,23988.6,22112,10650.08,25702.54,10828.56,20191.26,0.79
8/28/2020,2020,8,28,2019,71.10,34449.76,761.3,26226.76,19339.63,8770.64,23039.83,9179.14,22107.18,0.96
8/27/2020,2020,8,27,2019,71.35,34449.76,761.3,26226.76,19339.63,8770.64,23039.83,9179.14,22107.18,0.96
8/26/2020,2020,8,26,2019,71.35,34449.76,761.3,26226.76,19339.63,8770.64,23039.83,9179.14,22107.18,0.96
8/25/2020,2020,8,25,2019,71.60,34449.76,761.3,26226.76,19339.63,8770.64,23039.83,9179.14,22107.18,0.96
8/24/2020,2020,8,24,2019,70.10,34449.76,761.3,26226.76,19339.63,8770.64,23039.83,9179.14,22107.18,0.96
8/21/2020,2020,8,21,2019,70.35,34449.76,761.3,26226.76,19339.63,8770.64,23039.83,9179.14,22107.18,0.96
8/20/2020,2020,8,20,2019,69.60,34449.76,761.3,26226.76,19339.63,8770.64,23039.83,9179.14,22107.18,0.96
8/19/2020,2020,8,19,2019,68.85,34449.76,761.3,26226.76,19339.63,8770.64,23039.83,9179.14,22107.18,0.96
8/18/2020,2020,8,18,2019,69.05,34449.76,761.3,26226.76,19339.63,8770.64,23039.83,9179.14,22107.18,0.96
8/17/2020,2020,8,17,2019,68.80,34449.76,761.3,26226.76,19339.63,8770.64,23039.83,9179.14,22107.18,0.96
8/14/2020,2020,8,14,2019,68.95,34449.76,761.3,26226.76,19339.63,8770.64,23039.83,9179.14,22107.18,0.96
8/13/2020,2020,8,13,2019,68.20,34449.76,761.3,26226.76,19339.63,8770.64,23039.83,9179.14,22107.18,0.96
8/12/2020,2020,8,12,2019,69.50,34449.76,761.3,26226.76,19339.63,8770.64,23039.83,9179.14,22107.18,0.96
8/11/2020,2020,8,11,2019,69.00,34449.76,761.3,26226.76,19339.63,8770.64,23039.83,9179.14,22107.18,0.96
8/10/2020,2020,8,10,2019,68.75,34449.76,761.3,26226.76,19339.63,8770.64,23039.83,9179.14,22107.18,0.96
8/7/2020,2020,8,7,2019,71.25,34449.76,761.3,26226.76,19339.63,8770.64,23039.83,9179.14,22107.18,0.96
8/6/2020,2020,8,6,2019,70.85,34449.76,761.3,26226.76,19339.63,8770.64,23039.83,9179.14,22107.18,0.96
8/5/2020,2020,8,5,2019,70.35,34449.76,761.3,26226.76,19339.63,8770.64,23039.83,9179.14,22107.18,0.96
8/4/2020,2020,8,4,2019,70.35,34449.76,761.3,26226.76,19339.63,8770.64,23039.83,9179.14,22107.18,0.96
8/3/2020,2020,8,3,2019,69.55,34449.76,761.3,26226.76,19339.63,8770.64,23039.83,9179.14,22107.18,0.96
7/31/2020,2020,7,31,2019,68.55,34449.76,761.3,26226.76,19339.63,8770.64,23039.83,9179.14,22107.18,0.96
7/30/2020,2020,7,30,2019,67.05,34449.76,761.3,26226.76,19339.63,8770.64,23039.83,9179.14,22107.18,0.96
7/29/2020,2020,7,29,2019,66.55,34449.76,761.3,26226.76,19339.63,8770.64,23039.83,9179.14,22107.18,0.96
7/28/2020,2020,7,28,2019,66.55,34449.76,761.3,26226.76,19339.63,8770.64,23039.83,9179.14,22107.18,0.96
7/27/2020,2020,7,27,2019,65.55,34449.76,761.3,26226.76,19339.63,8770.64,23039.83,9179.14,22107.18,0.96
7/24/2020,2020,7,24,2019,67.15,34449.76,761.3,26226.76,19339.63,8770.64,23039.83,9179.14,22107.18,0.96
7/23/2020,2020,7,23,2019,67.65,34449.76,761.3,26226.76,19339.63,8770.64,23039.83,9179.14,22107.18,0.96
7/22/2020,2020,7,22,2019,68.15,34449.76,761.3,26226.76,19339.63,8770.64,23039.83,9179.14,22107.18,0.96
7/21/2020,2020,7,21,2019,68.15,34449.76,761.3,26226.76,19339.63,8770.64,23039.83,9179.14,22107.18,0.96
7/20/2020,2020,7,20,2019,67.45,34449.76,761.3,26226.76,19339.63,8770.64,23039.83,9179.14,22107.18,0.96
7/17/2020,2020,7,17,2019,68.20,34449.76,761.3,26226.76,19339.63,8770.64,23039.83,9179.14,22107.18,0.96
7/16/2020,2020,7,16,2019,67.90,34449.76,761.3,26226.76,19339.63,8770.64,23039.83,9179.14,22107.18,0.96
7/15/2020,2020,7,15,2019,68.40,34449.76,761.3,26226.76,19339.63,8770.64,23039.83,9179.14,22107.18,0.96
7/14/2020,2020,7,14,2019,69.15,34449.76,761.3,26226.76,19339.63,8770.64,23039.83,9179.14,22107.18,0.96
7/13/2020,2020,7,13,2019,70.15,34449.76,761.3,26226.76,19339.63,8770.64,23039.83,9179.14,22107.18,0.96
7/10/2020,2020,7,10,2019,69.70,34449.76,761.3,26226.76,19339.63,8770.64,23039.83,9179.14,22107.18,0.96
7/9/2020,2020,7,9,2019,70.15,34449.76,761.3,26226.76,19339.63,8770.64,23039.83,9179.14,22107.18,0.96
7/8/2020,2020,7,8,2019,69.45,34449.76,761.3,26226.76,19339.63,8770.64,23039.83,9179.14,22107.18,0.96
7/7/2020,2020,7,7,2019,69.70,34449.76,761.3,26226.76,19339.63,8770.64,23039.83,9179.14,22107.18,0.96
7/6/2020,2020,7,6,2019,70.45,34449.76,761.3,26226.76,19339.63,8770.64,23039.83,9179.14,22107.18,0.96
7/3/2020,2020,7,3,2019,70.70,34449.76,761.3,26226.76,19339.63,8770.64,23039.83,9179.14,22107.18,0.96
7/2/2020,2020,7,2,2019,70.45,34449.76,761.3,26226.76,19339.63,8770.64,23039.83,9179.14,22107.18,0.96
7/1/2020,2020,7,1,2019,68.85,34449.76,761.3,26226.76,19339.63,8770.64,23039.83,9179.14,22107.18,0.96
6/30/2020,2020,6,30,2019,67.95,34449.76,761.3,26226.76,19339.63,8770.64,23039.83,9179.14,22107.18,0.96
6/29/2020,2020,6,29,2019,67.95,34449.76,761.3,26226.76,19339.63,8770.64,23039.83,9179.14,22107.18,0.96
6/26/2020,2020,6,26,2019,68.20,34449.76,761.3,26226.76,19339.63,8770.64,23039.83,9179.14,22107.18,0.96
6/25/2020,2020,6,25,2019,67.70,34449.76,761.3,26226.76,19339.63,8770.64,23039.83,9179.14,22107.18,0.96
6/24/2020,2020,6,24,2019,67.95,34449.76,761.3,26226.76,19339.63,8770.64,23039.83,9179.14,22107.18,0.96
6/23/2020,2020,6,23,2019,68.45,34449.76,761.3,26226.76,19339.63,8770.64,23039.83,9179.14,22107.18,0.96
6/22/2020,2020,6,22,2019,68.45,34449.76,761.3,26226.76,19339.63,8770.64,23039.83,9179.14,22107.18,0.96
6/19/2020,2020,6,19,2019,68.20,34449.76,761.3,26226.76,19339.63,8770.64,23039.83,9179.14,22107.18,0.96
6/18/2020,2020,6,18,2019,68.60,34449.76,761.3,26226.76,19339.63,8770.64,23039.83,9179.14,22107.18,0.96
6/17/2020,2020,6,17,2019,67.45,34449.76,761.3,26226.76,19339.63,8770.64,23039.83,9179.14,22107.18,0.96
6/16/2020,2020,6,16,2019,66.50,34449.76,761.3,26226.76,19339.63,8770.64,23039.83,9179.14,22107.18,0.96
6/15/2020,2020,6,15,2019,67.15,34449.76,761.3,26226.76,19339.63,8770.64,23039.83,9179.14,22107.18,0.96
6/12/2020,2020,6,12,2019,67.40,34449.76,761.3,26226.76,19339.63,8770.64,23039.83,9179.14,22107.18,0.96
6/11/2020,2020,6,11,2019,67.95,34449.76,761.3,26226.76,19339.63,8770.64,23039.83,9179.14,22107.18,0.96
6/10/2020,2020,6,10,2019,67.95,34449.76,761.3,26226.76,19339.63,8770.64,23039.83,9179.14,22107.18,0.96
6/9/2020,2020,6,9,2019,68.20,34449.76,761.3,26226.76,19339.63,8770.64,23039.83,9179.14,22107.18,0.96
6/8/2020,2020,6,8,2019,69.20,34449.76,761.3,26226.76,19339.63,8770.64,23039.83,9179.14,22107.18,0.96
6/5/2020,2020,6,5,2019,67.45,34449.76,761.3,26226.76,19339.63,8770.64,23039.83,9179.14,22107.18,0.96
6/4/2020,2020,6,4,2019,67.90,34449.76,761.3,26226.76,19339.63,8770.64,23039.83,9179.14,22107.18,0.96
6/3/2020,2020,6,3,2019,67.90,34449.76,761.3,26226.76,19339.63,8770.64,23039.83,9179.14,22107.18,0.96
6/2/2020,2020,6,2,2019,67.65,34449.76,761.3,26226.76,19339.63,8770.64,23039.83,9179.14,22107.18,0.96
6/1/2020,2020,6,1,2019,65.45,34449.76,761.3,26226.76,19339.63,8770.64,23039.83,9179.14,22107.18,0.96
5/29/2020,2020,5,29,2019,65.45,34449.76,761.3,26226.76,19339.63,8770.64,23039.83,9179.14,22107.18,0.96
5/28/2020,2020,5,28,2019,66.15,34449.76,761.3,26226.76,19339.63,8770.64,23039.83,9179.14,22107.18,0.96
5/27/2020,2020,5,27,2019,66.15,34449.76,761.3,26226.76,19339.63,8770.64,23039.83,9179.14,22107.18,0.96
5/26/2020,2020,5,26,2019,65.65,34449.76,761.3,26226.76,19339.63,8770.64,23039.83,9179.14,22107.18,0.96
5/22/2020,2020,5,22,2019,66.15,34449.76,761.3,26226.76,19339.63,8770.64,23039.83,9179.14,22107.18,0.96
5/21/2020,2020,5,21,2019,66.35,34449.76,761.3,26226.76,19339.63,8770.64,23039.83,9179.14,22107.18,0.96
5/20/2020,2020,5,20,2019,67.35,34449.76,761.3,26226.76,19339.63,8770.64,23039.83,9179.14,22107.18,0.96
5/19/2020,2020,5,19,2019,66.05,34449.76,761.3,26226.76,19339.63,8770.64,23039.83,9179.14,22107.18,0.96
5/18/2020,2020,5,18,2019,66.75,34449.76,761.3,26226.76,19339.63,8770.64,23039.83,9179.14,22107.18,0.96
5/15/2020,2020,5,15,2019,66.30,34449.76,761.3,26226.76,19339.63,8770.64,23039.83,9179.14,22107.18,0.96
5/14/2020,2020,5,14,2019,65.90,34449.76,761.3,26226.76,19339.63,8770.64,23039.83,9179.14,22107.18,0.96
5/13/2020,2020,5,13,2019,66.65,34449.76,761.3,26226.76,19339.63,8770.64,23039.83,9179.14,22107.18,0.96
5/12/2020,2020,5,12,2019,65.50,34449.76,761.3,26226.76,19339.63,8770.64,23039.83,9179.14,22107.18,0.96
5/11/2020,2020,5,11,2019,65.40,34449.76,761.3,26226.76,19339.63,8770.64,23039.83,9179.14,22107.18,0.96
5/7/2020,2020,5,7,2019,63.90,34449.76,761.3,26226.76,19339.63,8770.64,23039.83,9179.14,22107.18,0.96
5/6/2020,2020,5,6,2019,62.90,34449.76,761.3,26226.76,19339.63,8770.64,23039.83,9179.14,22107.18,0.96
5/5/2020,2020,5,5,2019,63.75,34449.76,761.3,26226.76,19339.63,8770.64,23039.83,9179.14,22107.18,0.96
5/4/2020,2020,5,4,2019,65.25,34449.76,761.3,26226.76,19339.63,8770.64,23039.83,9179.14,22107.18,0.96
5/1/2020,2020,5,1,2019,66.75,34449.76,761.3,26226.76,19339.63,8770.64,23039.83,9179.14,22107.18,0.96
4/30/2020,2020,4,30,2019,66.50,34449.76,761.3,26226.76,19339.63,8770.64,23039.83,9179.14,22107.18,0.96
4/29/2020,2020,4,29,2019,65.25,34449.76,761.3,26226.76,19339.63,8770.64,23039.83,9179.14,22107.18,0.96
4/28/2020,2020,4,28,2019,64.65,34449.76,761.3,26226.76,19339.63,8770.64,23039.83,9179.14,22107.18,0.96
4/27/2020,2020,4,27,2019,65.15,34449.76,761.3,26226.76,19339.63,8770.64,23039.83,9179.14,22107.18,0.96
4/24/2020,2020,4,24,2019,65.90,34449.76,761.3,26226.76,19339.63,8770.64,23039.83,9179.14,22107.18,0.96
4/23/2020,2020,4,23,2019,65.70,34449.76,761.3,26226.76,19339.63,8770.64,23039.83,9179.14,22107.18,0.96
4/22/2020,2020,4,22,2019,63.10,34449.76,761.3,26226.76,19339.63,8770.64,23039.83,9179.14,22107.18,0.96
4/21/2020,2020,4,21,2019,63.85,34449.76,761.3,26226.76,19339.63,8770.64,23039.83,9179.14,22107.18,0.96
4/20/2020,2020,4,20,2019,63.05,34449.76,761.3,26226.76,19339.63,8770.64,23039.83,9179.14,22107.18,0.96
4/17/2020,2020,4,17,2019,63.05,34449.76,761.3,26226.76,19339.63,8770.64,23039.83,9179.14,22107.18,0.96
4/16/2020,2020,4,16,2019,62.95,34449.76,761.3,26226.76,19339.63,8770.64,23039.83,9179.14,22107.18,0.96
4/15/2020,2020,4,15,2019,63.45,34449.76,761.3,26226.76,19339.63,8770.64,23039.83,9179.14,22107.18,0.96
4/14/2020,2020,4,14,2019,63.45,34449.76,761.3,26226.76,19339.63,8770.64,23039.83,9179.14,22107.18,0.96
4/9/2020,2020,4,9,2019,64.45,34449.76,761.3,26226.76,19339.63,8770.64,23039.83,9179.14,22107.18,0.96
4/8/2020,2020,4,8,2019,63.45,34449.76,761.3,26226.76,19339.63,8770.64,23039.83,9179.14,22107.18,0.96
4/7/2020,2020,4,7,2019,63.55,34449.76,761.3,26226.76,19339.63,8770.64,23039.83,9179.14,22107.18,0.96
4/6/2020,2020,4,6,2019,61.75,34449.76,761.3,26226.76,19339.63,8770.64,23039.83,9179.14,22107.18,0.96
4/3/2020,2020,4,3,2019,60.75,34449.76,761.3,26226.76,19339.63,8770.64,23039.83,9179.14,22107.18,0.96
4/2/2020,2020,4,2,2019,59.15,34449.76,761.3,26226.76,19339.63,8770.64,23039.83,9179.14,22107.18,0.96
4/1/2020,2020,4,1,2019,61.50,34449.76,761.3,26226.76,19339.63,8770.64,23039.83,9179.14,22107.18,0.96
3/31/2020,2020,3,31,2019,60.90,34449.76,761.3,26226.76,19339.63,8770.64,23039.83,9179.14,22107.18,0.96
3/30/2020,2020,3,30,2019,61.30,34449.76,761.3,26226.76,19339.63,8770.64,23039.83,9179.14,22107.18,0.96
3/27/2020,2020,3,27,2019,62.80,34449.76,761.3,26226.76,19339.63,8770.64,23039.83,9179.14,22107.18,0.96
3/26/2020,2020,3,26,2019,63.55,34449.76,761.3,26226.76,19339.63,8770.64,23039.83,9179.14,22107.18,0.96
3/25/2020,2020,3,25,2019,63.05,34449.76,761.3,26226.76,19339.63,8770.64,23039.83,9179.14,22107.18,0.96
3/24/2020,2020,3,24,2019,62.20,34449.76,761.3,26226.76,19339.63,8770.64,23039.83,9179.14,22107.18,0.96
3/23/2020,2020,3,23,2019,63.70,34449.76,761.3,26226.76,19339.63,8770.64,23039.83,9179.14,22107.18,0.96
3/20/2020,2020,3,20,2019,64.95,34449.76,761.3,26226.76,19339.63,8770.64,23039.83,9179.14,22107.18,0.96
3/19/2020,2020,3,19,2019,66.60,34449.76,761.3,26226.76,19339.63,8770.64,23039.83,9179.14,22107.18,0.96
3/18/2020,2020,3,18,2019,67.70,34449.76,761.3,26226.76,19339.63,8770.64,23039.83,9179.14,22107.18,0.96
3/17/2020,2020,3,17,2019,68.40,34449.76,761.3,26226.76,19339.63,8770.64,23039.83,9179.14,22107.18,0.96
3/16/2020,2020,3,16,2019,70.05,34449.76,761.3,26226.76,19339.63,8770.64,23039.83,9179.14,22107.18,0.96
3/13/2020,2020,3,13,2019,69.30,34449.76,761.3,26226.76,19339.63,8770.64,23039.83,9179.14,22107.18,0.96
3/12/2020,2020,3,12,2019,71.00,34449.76,761.3,26226.76,19339.63,8770.64,23039.83,9179.14,22107.18,0.96
3/11/2020,2020,3,11,2019,71.00,34449.76,761.3,26226.76,19339.63,8770.64,23039.83,9179.14,22107.18,0.96
3/10/2020,2020,3,10,2019,70.70,34449.76,761.3,26226.76,19339.63,8770.64,23039.83,9179.14,22107.18,0.96
3/9/2020,2020,3,9,2019,72.15,34449.76,761.3,26226.76,19339.63,8770.64,23039.83,9179.14,22107.18,0.96
3/6/2020,2020,3,6,2019,72.60,34449.76,761.3,26226.76,19339.63,8770.64,23039.83,9179.14,22107.18,0.96
3/5/2020,2020,3,5,2019,72.30,34449.76,761.3,26226.76,19339.63,8770.64,23039.83,9179.14,22107.18,0.96
3/4/2020,2020,3,4,2019,72.05,34449.76,761.3,26226.76,19339.63,8770.64,23039.83,9179.14,22107.18,0.96
3/3/2020,2020,3,3,2019,72.40,34449.76,761.3,26226.76,19339.63,8770.64,23039.83,9179.14,22107.18,0.96
3/2/2020,2020,3,2,2019,70.40,34449.76,761.3,26226.76,19339.63,8770.64,23039.83,9179.14,22107.18,0.96
2/28/2020,2020,2,28,2019,71.40,34449.76,761.3,26226.76,19339.63,8770.64,23039.83,9179.14,22107.18,0.96
2/27/2020,2020,2,27,2019,74.30,34449.76,761.3,26226.76,19339.63,8770.64,23039.83,9179.14,22107.18,0.96
2/26/2020,2020,2,26,2019,75.05,34449.76,761.3,26226.76,19339.63,8770.64,23039.83,9179.14,22107.18,0.96
2/25/2020,2020,2,25,2019,76.30,34449.76,761.3,26226.76,19339.63,8770.64,23039.83,9179.14,22107.18,0.96
2/24/2020,2020,2,24,2019,77.70,34449.76,761.3,26226.76,19339.63,8770.64,23039.83,9179.14,22107.18,0.96
2/21/2020,2020,2,21,2019,78.05,34449.76,761.3,26226.76,19339.63,8770.64,23039.83,9179.14,22107.18,0.96
2/20/2020,2020,2,20,2019,78.30,34449.76,761.3,26226.76,19339.63,8770.64,23039.83,9179.14,22107.18,0.96
2/19/2020,2020,2,19,2019,77.50,34449.76,761.3,26226.76,19339.63,8770.64,23039.83,9179.14,22107.18,0.96
2/18/2020,2020,2,18,2019,76.95,34449.76,761.3,26226.76,19339.63,8770.64,23039.83,9179.14,22107.18,0.96
2/17/2020,2020,2,17,2019,76.95,34449.76,761.3,26226.76,19339.63,8770.64,23039.83,9179.14,22107.18,0.96
2/14/2020,2020,2,14,2019,77.20,34449.76,761.3,26226.76,19339.63,8770.64,23039.83,9179.14,22107.18,0.96
2/13/2020,2020,2,13,2019,77.70,34449.76,761.3,26226.76,19339.63,8770.64,23039.83,9179.14,22107.18,0.96
2/12/2020,2020,2,12,2019,77.20,34449.76,761.3,26226.76,19339.63,8770.64,23039.83,9179.14,22107.18,0.96
2/11/2020,2020,2,11,2019,77.20,34449.76,761.3,26226.76,19339.63,8770.64,23039.83,9179.14,22107.18,0.96
2/10/2020,2020,2,10,2019,76.75,34449.76,761.3,26226.76,19339.63,8770.64,23039.83,9179.14,22107.18,0.96
2/7/2020,2020,2,7,2019,77.00,34449.76,761.3,26226.76,19339.63,8770.64,23039.83,9179.14,22107.18,0.96
2/6/2020,2020,2,6,2019,76.55,34449.76,761.3,26226.76,19339.63,8770.64,23039.83,9179.14,22107.18,0.96
2/5/2020,2020,2,5,2019,76.55,34449.76,761.3,26226.76,19339.63,8770.64,23039.83,9179.14,22107.18,0.96
2/4/2020,2020,2,4,2019,76.05,34449.76,761.3,26226.76,19339.63,8770.64,23039.83,9179.14,22107.18,0.96
2/3/2020,2020,2,3,2019,76.65,34449.76,761.3,26226.76,19339.63,8770.64,23039.83,9179.14,22107.18,0.96
1/31/2020,2020,1,31,2019,78.15,34449.76,761.3,26226.76,19339.63,8770.64,23039.83,9179.14,22107.18,0.96
1/30/2020,2020,1,30,2019,79.15,34449.76,761.3,26226.76,19339.63,8770.64,23039.83,9179.14,22107.18,0.96
1/29/2020,2020,1,29,2019,79.35,34449.76,761.3,26226.76,19339.63,8770.64,23039.83,9179.14,22107.18,0.96
1/28/2020,2020,1,28,2019,78.60,34449.76,761.3,26226.76,19339.63,8770.64,23039.83,9179.14,22107.18,0.96
1/27/2020,2020,1,27,2019,78.55,34449.76,761.3,26226.76,19339.63,8770.64,23039.83,9179.14,22107.18,0.96
1/24/2020,2020,1,24,2019,79.05,34449.76,761.3,26226.76,19339.63,8770.64,23039.83,9179.14,22107.18,0.96
1/23/2020,2020,1,23,2019,80.20,34449.76,761.3,26226.76,19339.63,8770.64,23039.83,9179.14,22107.18,0.96
1/22/2020,2020,1,22,2019,78.40,34449.76,761.3,26226.76,19339.63,8770.64,23039.83,9179.14,22107.18,0.96
1/21/2020,2020,1,21,2019,80.20,34449.76,761.3,26226.76,19339.63,8770.64,23039.83,9179.14,22107.18,0.96
1/20/2020,2020,1,20,2019,80.20,34449.76,761.3,26226.76,19339.63,8770.64,23039.83,9179.14,22107.18,0.96
1/17/2020,2020,1,17,2019,79.20,34449.76,761.3,26226.76,19339.63,8770.64,23039.83,9179.14,22107.18,0.96
1/16/2020,2020,1,16,2019,79.20,34449.76,761.3,26226.76,19339.63,8770.64,23039.83,9179.14,22107.18,0.96
1/15/2020,2020,1,15,2019,80.20,34449.76,761.3,26226.76,19339.63,8770.64,23039.83,9179.14,22107.18,0.96
1/14/2020,2020,1,14,2019,80.20,34449.76,761.3,26226.76,19339.63,8770.64,23039.83,9179.14,22107.18,0.96
1/13/2020,2020,1,13,2019,79.90,34449.76,761.3,26226.76,19339.63,8770.64,23039.83,9179.14,22107.18,0.96
1/10/2020,2020,1,10,2019,79.20,34449.76,761.3,26226.76,19339.63,8770.64,23039.83,9179.14,22107.18,0.96
1/9/2020,2020,1,9,2019,78.50,34449.76,761.3,26226.76,19339.63,8770.64,23039.83,9179.14,22107.18,0.96
1/8/2020,2020,1,8,2019,78.50,34449.76,761.3,26226.76,19339.63,8770.64,23039.83,9179.14,22107.18,0.96
1/7/2020,2020,1,7,2019,78.75,34449.76,761.3,26226.76,19339.63,8770.64,23039.83,9179.14,22107.18,0.96
1/6/2020,2020,1,6,2019,78.05,34449.76,761.3,26226.76,19339.63,8770.64,23039.83,9179.14,22107.18,0.96
1/3/2020,2020,1,3,2019,78.10,34449.76,761.3,26226.76,19339.63,8770.64,23039.83,9179.14,22107.18,0.96
1/2/2020,2020,1,2,2019,77.85,34449.76,761.3,26226.76,19339.63,8770.64,23039.83,9179.14,22107.18,0.96