Date,Output,CC index Cent per pound,Cotlook_A_index,CEPEA/ESALQ Cotton Price Index Brazil
11/1/23,87.15,,92.60,80.64
10/31/23,88.10,,93.75,79.59
10/30/23,88.87,,95.00,79.44
10/28/23,89.34,,,
10/27/23,89.49,,95.00,78.91
10/26/23,88.97,,94.35,78.34
10/25/23,88.56,,93.60,78.95
10/24/23,88.32,,94.35,79.75
10/23/23,87.86,,93.20,78.95
10/21/23,88.24,,,
10/20/23,88.40,,94.95,79.68
10/19/23,88.35,,94.95,79.72
10/18/23,88.49,,94.05,80.17
10/17/23,89.33,,95.45,80.27
10/16/23,89.38,,96.25,80.77
10/14/23,89.32,,,
10/13/23,88.94,,95.25,80.15
10/12/23,88.57,,95.25,
10/11/23,89.40,,95.85,80.04
10/10/23,89.88,,97.25,80.24
10/9/23,90.62,,97.15,79.4
10/7/23,90.64,,,
10/6/23,90.79,,96.65,79.37
10/5/23,90.55,,97.05,79.71
10/4/23,91.25,,97.55,78
10/3/23,92.91,,97.85,78.2
10/2/23,93.39,,97.35,80.01
9/29/23,93.39,,98.85,80.79
9/28/23,93.31,113.06,98.35,79.62
9/27/23,93.19,112.93,98.25,78.51
9/27/23,93.19,112.93,98.25,78.51
9/27/23,93.19,112.93,98.25,78.51
9/26/23,92.95,113.14,98.35,78.98
9/25/23,92.82,113.10,96.4,79.07
9/22/23,93.59,113.24,96.95,79.74
9/21/23,94.03,113.64,97.4,79.87
9/20/23,94.43,113.62,98.05,80.94
9/19/23,94.29,113.39,97.55,80.92
9/18/23,94.14,113.07,96.95,82.66
9/15/23,94.23,113.08,98.5,81.84
9/14/23,94.25,112.35,97.5,82.63
9/13/23,94.84,112.83,98.65,82.53
9/12/23,95.14,112.79,98.15,82.23
9/11/23,94.40,112.88,96.4,83.13
9/8/23,93.97,,95.9,82.85
9/7/23,94.50,,97.4,
9/6/23,94.90,,99,81.28
9/5/23,94.93,,100.1,82
9/4/23,95.89,,100.1,82.95
9/1/23,94.15,114.21,98.05,82.48
8/31/23,93.38,114.05,97.95,81.52
8/30/23,93.05,115.37,96.95,82.71
8/29/23,92.77,113.77,96.95,83.55
8/25/23,92.84,113.46,96.1,83.58
8/24/23,92.77,112.23,95.85,82.19
8/23/23,92.87,112.02,94.4,82.48
8/22/23,92.90,112.12,94.1,81.32
8/21/23,92.94,112.22,94.1,81.21
8/18/23,93.56,112.59,94.1,81.75
8/17/23,93.74,113.33,95.15,80.86
8/16/23,94.19,113.71,95.65,81.56
8/15/23,94.26,113.85,96.95,82.15
8/14/23,93.95,113.96,98.35,81.52
8/11/23,92.93,114.28,96.7,82.29
8/10/23,92.46,,95.9,82.79
8/9/23,92.11,,95.9,82.08
8/8/23,92.26,,96.05,81.14
8/7/23,92.27,,95.05,80.69
8/4/23,90.85,,95.6,81.22
8/3/23,90.36,,95.6,81.16
8/2/23,90.36,114.95,97.25,82.11
8/1/23,90.42,114.78,95.75,82.19
7/31/23,90.50,114.43,94.9,83.22
7/28/23,90.12,113.75,94.9,83.28
7/27/23,91.24,113.53,98,83.65
7/26/23,90.55,113.66,97.2,83.25
7/25/23,89.67,112.94,95.4,82.23
7/24/23,89.11,114.18,94.65,81.61
7/21/23,88.66,114.19,94.35,81.52
7/20/23,87.99,113.75,93.8,80.57
7/19/23,87.41,113.70,92.45,80.1
7/18/23,87.24,113.04,92.4,79.12
7/17/23,86.84,112.90,91.5,79.69
7/14/23,86.56,112.21,91.9,79.17
7/13/23,86.50,111.84,91.9,79.45
7/12/23,86.32,110.01,92.1,78.15
7/11/23,85.96,109.17,89.55,77.38
7/10/23,86.14,109.71,91.35,76.56
7/7/23,85.72,109.15,90.85,76.03
7/6/23,86.50,108.86,91.75,73.87
7/5/23,87.43,109.00,92.95,74.49
7/4/23,87.79,109.21,92.95,74.53
7/3/23,87.64,109.13,91.95,74.43
6/30/23,86.39,108.48,90.25,74.85
6/29/23,85.98,109.40,88.9,75.68
6/28/23,85.90,109.41,88.7,76.48
6/27/23,86.09,109.55,89.3,77.65
6/26/23,86.53,109.71,90.1,79.17
6/23/23,87.78,,91.7,79.92
6/22/23,88.88,,92,81.23
6/21/23,89.10,,92.15,83.02
6/20/23,89.02,,91.65,83.06
6/19/23,89.21,,91.65,83.78
6/1/23,89.55,105.05,93.75,81.2
5/31/23,88.90,105.43,94.15,80.72
5/30/23,89.07,105.65,93.75,81.45
5/26/23,86.98,106.44,90.65,81.28
5/25/23,86.57,107.61,91.95,80.12
5/24/23,87.35,107.42,94.45,81.26
5/23/23,87.58,107.77,95.4,81.48
5/22/23,89.25,106.96,96.95,81.94
5/19/23,91.59,106.89,97.5,79.43
5/18/23,92.04,106.61,97.85,79.37
5/17/23,92.13,106.69,95.05,78.82
5/16/23,92.64,106.49,94.15,78.59
5/15/23,92.39,106.62,92.45,78.62
5/12/23,92.92,107.01,91.85,76.77
5/11/23,93.93,107.32,93.2,75.31
5/10/23,94.60,107.34,93.45,74.7
5/9/23,95.09,,95.7,74.63
5/5/23,96.44,,94.2,77.52
5/4/23,95.98,,91.2,76.53
5/3/23,96.04,,92.95,77.22
5/2/23,96.27,,94.15,76.55
4/28/23,96.03,104.07,93.15,79.51
4/27/23,95.71,103.79,91.45,80.86
4/26/23,96.10,103.69,91.7,80.92
4/25/23,96.47,103.39,93.75,81.57
4/24/23,96.72,103.41,93.3,82.47
4/21/23,96.72,103.77,93.3,
4/20/23,97.44,103.94,96.9,82.53
4/19/23,97.66,103.92,98.15,82.6
4/18/23,97.17,102.75,96.65,84.81
4/17/23,97.64,102.41,96.4,85.71
4/14/23,97.86,102.43,96.85,86.63
4/13/23,97.16,102.29,96.1,88.41
4/12/23,97.14,102.33,96.4,88.49
4/11/23,97.39,102.39,96.15,88.92
4/6/23,97.21,101.53,94.85,88.05
4/5/23,96.21,,94.85,89.18
4/4/23,95.75,101.26,96.25,90.59
4/3/23,95.20,101.51,96.75,92.17
3/31/23,94.70,101.13,97.55,91.59
3/30/23,94.20,101.29,96.7,91.08
3/29/23,93.58,101.76,96.5,91.4
3/28/23,93.05,100.17,93.85,90.43
3/27/23,92.68,100.05,91.05,89.14
3/24/23,93.56,100.35,92.05,88.36
3/23/23,93.74,100.19,92.8,87.5
3/22/23,93.29,100.13,92.3,91.07
3/21/23,93.45,100.10,91.8,90.18
3/20/23,93.55,100.53,92.3,91.7
3/17/23,93.87,101.69,93.55,90.73
3/16/23,93.59,101.48,93.55,93.49
3/15/23,94.44,100.62,95.8,93.94
3/14/23,94.32,100.87,95.55,95
3/13/23,94.75,101.32,92.55,94.33
3/10/23,95.93,102.07,96.55,95.15
3/9/23,96.56,102.73,96.95,96.54
3/8/23,96.62,102.52,97.2,95.73
3/7/23,97.01,103.32,99.4,96.26
3/6/23,97.17,102.14,98.9,96.61
3/3/23,97.03,101.39,98.4,96.48
3/2/23,96.45,100.53,100.1,97.1
3/1/23,96.17,,98.6,98.05
2/28/23,96.13,101.31,99.35,98.85
2/27/23,96.31,101.91,99.35,99.9
2/24/23,96.42,102.68,97.35,100.18
2/23/23,96.36,102.28,97.1,102.47
2/22/23,96.07,102.45,96.85,101.36
2/21/23,95.98,102.46,96.85,
2/20/23,95.83,102.94,96.85,
2/17/23,96.24,103.71,97.35,101.04
2/16/23,97.08,103.99,98.25,99.61
2/15/23,97.13,104.67,100.85,100.07
2/14/23,97.03,104.97,100.85,101.07
2/13/23,96.23,106.06,100.55,100.69
2/10/23,95.79,106.30,100.85,100.24
2/9/23,95.77,106.57,100.75,99.35
2/8/23,95.41,107.34,100.95,100.77
2/7/23,94.78,107.21,98.8,100.95
2/6/23,94.60,107.23,100.7,100.95
2/3/23,96.26,107.32,101.7,102.03
2/2/23,96.09,106.92,100.95,103.2
2/1/23,96.69,106.50,101.35,103.3
1/31/23,96.38,106.15,100.4,103.2
1/30/23,97.28,105.59,102,103.89
1/27/23,97.01,,102.4,104.27
1/26/23,96.54,,101.65,105.04
1/25/23,96.15,,101.15,104.84
1/24/23,96.07,,102.45,103.05
1/23/23,96.77,,101.8,102.45
1/20/23,97.65,104.35,99.1,102.95
1/19/23,98.53,103.91,100.6,102.66
1/18/23,98.83,102.69,98.6,103.33
1/17/23,97.11,102.09,98.1,103.72
1/16/23,96.82,101.97,98.1,102.54
1/13/23,96.70,101.96,97.85,104.15
1/12/23,96.58,101.05,100.1,103.69
1/11/23,96.33,100.45,100.8,102.81
1/10/23,97.40,99.90,102.1,103.22
1/9/23,96.95,99.17,101.9,101.98
1/6/23,97.30,99.34,99.5,101.77
1/5/23,97.11,98.42,97.6,99.27
1/4/23,95.97,98.00,99.8,97.41
1/3/23,95.11,97.70,100,97.43
12/30/22,93.60,97.74,99.25,
12/29/22,92.06,97.77,99.8,100.44
12/28/22,90.61,97.88,101,100.93
12/23/22,94.84,97.43,101.55,102.64
12/22/22,97.40,97.49,105.55,102.29
12/21/22,97.96,97.34,105.05,101.8
12/20/22,97.34,97.77,101.45,101.73
12/19/22,97.86,97.99,99.5,99.88
12/16/22,100.20,97.47,98.5,100
12/15/22,101.72,97.70,99.2,100.22
12/14/22,102.86,97.72,99.45,100.45
12/13/22,102.28,97.71,97.25,99.63
12/12/22,103.08,97.02,98.8,99.18
12/9/22,103.10,97.20,98.9,101.49
12/8/22,103.06,96.33,99.95,101.81
12/7/22,103.16,95.89,102.75,101.46
12/6/22,102.83,95.49,102.1,100.49
12/5/22,104.33,94.44,101.35,100.74
12/2/22,107.14,94.05,103.1,101.96
12/1/22,107.27,94.42,102.9,101.58
11/30/22,105.97,94.99,99.1,100.88
11/29/22,105.27,94.94,97.5,98.69
11/28/22,105.26,95.70,98.7,98.89
11/25/22,106.96,95.58,101.35,96.71
11/24/22,105.39,96.18,101.35,99.82
11/23/22,104.34,95.66,100.95,98.91
11/22/22,103.54,96.69,98.45,98.79
11/21/22,104.18,97.88,102.45,100.52
11/18/22,107.12,97.38,104.05,99.77
11/17/22,107.94,96.87,105.4,99.32
11/16/22,108.96,95.84,105.75,100.62
11/15/22,107.82,95.31,102.55,
11/14/22,108.22,95.43,105.3,100.61
11/11/22,107.12,95.78,103.55,99.12
11/10/22,105.01,96.34,103.55,96.2
11/9/22,104.08,95.47,104.5,100.25
11/8/22,102.60,96.23,104.5,98.56
11/7/22,102.14,96.18,104.1,98
11/4/22,100.64,95.98,100.1,99.91
11/3/22,98.80,96.41,96.2,95.49
11/2/22,99.07,96.50,92.2,
11/1/22,98.10,97.54,89.2,95.51
10/31/22,97.61,96.25,89.5,97.21
10/28/22,99.51,98.80,92.5,92.04
10/27/22,100.04,99.42,95.25,93.77
10/26/22,100.09,99.21,95.95,93.06
10/25/22,100.48,99.75,93.75,94.38
10/24/22,100.48,100.21,96.75,93.89
10/20/22,104.87,100.80,95.8,97.47
10/19/22,106.23,100.84,99.8,97.49
10/18/22,106.93,101.13,100.95,98.99
10/17/22,106.63,101.41,100.95,99.07
10/13/22,105.41,101.80,102.65,98.2
10/12/22,109.16,100.37,106.65,
10/11/22,110.32,98.97,106.15,99.44
10/10/22,110.70,98.78,102.55,101.08
10/7/22,108.76,98.90,101.3,100.86
10/6/22,108.96,98.84,101.7,102.59
10/5/22,109.83,98.84,106.7,105.76
10/3/22,107.03,98.73,104,108.55
10/3/22,107.03,98.73,104,108.55
10/3/22,107.03,98.73,104,108.55
10/3/22,107.03,98.73,104,108.55
9/30/22,107.33,98.37,103.8,104.87
9/29/22,107.82,98.57,107.1,104.83
9/28/22,109.66,99.42,106.7,106.42
9/27/22,113.26,99.77,106.95,106.47
9/26/22,114.77,100.22,110.85,106.63
9/23/22,116.84,101.45,114.85,110.29
9/22/22,118.21,100.95,115.35,114.8
9/21/22,118.73,101.41,111.95,114.83
9/20/22,121.06,102.07,114.6,115.8
9/16/22,130.26,103.03,121.75,117.14
9/15/22,131.53,102.56,121.25,117.38
9/14/22,132.36,101.81,120.85,119.3
9/13/22,134.45,102.29,124.25,120.77
9/12/22,137.43,,123.4,124.08
9/9/22,140.13,103.18,122.4,123.63
9/8/22,140.53,103.82,120.15,122.78
9/7/22,141.17,104.05,122.05,
9/6/22,143.29,104.45,121.6,123.06
9/5/22,143.67,104.26,121.6,127.24
9/2/22,149.35,105.56,126.6,127.55
9/1/22,152.20,105.94,131.6,126.78
8/31/22,,105.72,130.6,128.6
8/30/22,154.00,112.64,135.25,130.92
8/26/22,157.18,105.75,132.25,131.27
8/25/22,156.76,106.17,132.25,129.76
8/24/22,158.11,106.61,130.5,130.04
8/23/22,158.79,106.78,132.5,129.3
8/22/22,158.79,106.40,134.25,127.34
8/19/22,,106.52,131,125.43
8/18/22,157.77,108.00,131.65,125.39
8/17/22,158.43,107.74,134.9,123.33
8/16/22,157.19,107.19,131.75,121.95
8/15/22,,105.59,126.75,120.28
8/12/22,153.59,105.33,122.75,120.06
8/11/22,,105.07,119.2,117.42
8/10/22,153.58,105.09,117.2,118.26
8/9/22,151.99,105.24,113.9,117.34
8/8/22,151.19,105.01,114.4,117.59
8/5/22,150.81,105.16,113.1,116.65
8/4/22,149.57,105.51,112.85,114.01
8/3/22,150.13,105.40,113.25,112.91
8/2/22,149.37,105.92,112.3,112.75
8/1/22,147.98,106.38,114.6,114.97
7/29/22,145.94,106.31,131.4,115.32
7/28/22,144.63,,130.4,115.99
7/27/22,141.98,106.19,129.9,114.05
7/26/22,140.58,106.55,127.2,112.14
7/25/22,139.87,106.57,127.2,111.53
7/22/22,138.86,106.36,128.3,108.46
7/21/22,138.71,105.68,129.8,108.69
7/20/22,138.62,106.69,129.3,109.24
7/19/22,137.91,108.73,130,110.48
7/18/22,138.25,107.27,126.75,110.74
7/15/22,137.23,111.34,121.75,110.82
7/14/22,137.63,112.50,126.55,110.51
7/13/22,138.45,117.85,129.75,111.14
7/12/22,138.27,118.77,134.55,111.8
7/11/22,139.19,119.27,135.95,112.62
7/8/22,139.91,119.88,132.2,113.67
7/7/22,142.87,119.98,129,112.68
7/6/22,146.25,121.36,134,110.92
7/5/22,147.73,122.77,138.4,113.72
7/4/22,149.73,122.91,138.6,117.23
7/1/22,151.57,124.65,140.6,117.91
6/30/22,152.94,124.58,139.3,120.86
6/29/22,154.15,124.24,135.5,122.18
6/28/22,153.31,124.06,136,122.74
6/27/22,154.55,126.18,140.2,125.18
6/24/22,155.37,131.16,144.3,130.86
6/23/22,157.48,133.70,150.5,135.91
6/22/22,159.35,135.87,156.5,140.4
6/21/22,161.62,135.31,161.3,143.69
6/20/22,163.05,137.23,161.3,142.8
6/17/22,164.88,139.10,161.3,146.09
6/16/22,164.47,142.16,161.05,
6/15/22,164.09,143.41,161.3,152.17
6/14/22,165.07,143.86,163.55,151.32
6/13/22,163.33,144.45,163.05,151.76
6/10/22,163.75,144.88,164.55,154.37
6/9/22,163.08,144.15,159.1,157.95
6/8/22,163.14,144.61,155.35,157.53
6/7/22,161.55,145.80,156.1,158.8
6/6/22,162.53,144.81,156.2,163.06
6/1/22,163.59,144.92,156.95,166.66
5/31/22,164.15,145.88,157.45,170.77
5/30/22,163.57,147.20,157.45,168.96
5/27/22,165.15,148.50,158.7,168.14
5/26/22,165.95,147.55,163.2,168.24
5/25/22,166.87,147.94,159.7,168.44
5/24/22,168.39,147.55,161,167.97
5/23/22,166.90,148.45,160.6,167.98
5/20/22,169.30,147.79,166.2,167.58
5/19/22,167.27,148.14,163,165.88
5/18/22,167.57,148.52,167,163.64
5/17/22,168.43,150.16,169.45,163.44
5/16/22,166.20,150.03,163.95,160.27
5/13/22,163.73,150.25,164.2,159.6
5/12/22,162.58,151.86,162.2,155.24
5/11/22,162.12,152.11,161.7,154.52
5/10/22,160.69,153.24,161.7,153.09
5/9/22,159.60,153.41,162.45,150.7
5/6/22,159.33,154.49,167.45,152.11
5/5/22,160.88,153.64,173.45,152.15
5/4/22,159.21,,168.7,155.08
5/3/22,159.50,,169.3,153.6
4/29/22,159.25,155.12,166.05,148.85
4/28/22,157.31,156.02,159.05,147.94
4/27/22,156.13,157.24,154.25,146.96
4/26/22,155.61,158.65,154,144.28
4/25/22,155.05,159.65,154.5,146.45
4/22/22,156.81,160.23,156.5,148.65
4/21/22,158.35,160.86,157.2,
4/20/22,157.20,161.17,156.7,155.28
4/19/22,157.02,161.17,161.7,153.45
4/14/22,155.61,161.29,159.9,152.97
4/13/22,154.36,162.03,155.9,153.54
4/12/22,153.60,162.18,151.9,152.93
4/11/22,152.96,162.11,149.4,152.52
4/8/22,154.08,162.22,150.05,151.39
4/7/22,153.61,162.68,152.3,149.4
4/6/22,153.53,163.50,153.95,151.72
4/5/22,153.14,,154.3,153.6
4/4/22,152.10,,151.05,155.29
4/1/22,151.37,162.83,152.3,154.93
3/31/22,151.53,163.20,156.55,152.05
3/30/22,150.52,163.15,153.55,151.33
3/29/22,150.97,163.09,155.75,152.5
3/28/22,149.79,162.56,152.75,151.11
3/25/22,142.61,162.53,147.75,150.23
3/24/22,141.04,162.34,146.75,145.69
3/23/22,139.89,162.87,146.75,145.9
3/22/22,138.88,162.24,146.75,142.95
3/21/22,137.73,161.65,143.5,141.83
3/18/22,,161.68,138.5,138.73
3/17/22,134.75,162.31,136.45,137.81
3/16/22,132.20,162.67,135.25,136.2
3/15/22,131.09,163.19,135.45,135.21
3/14/22,131.51,163.24,137.6,136.59
3/11/22,129.38,162.99,133.45,138.07
3/10/22,129.20,163.40,134.05,138.61
3/9/22,128.18,163.16,134.55,139.01
3/8/22,127.04,162.97,133.6,137.29
3/7/22,126.85,163.04,133.15,137.3
3/4/22,128.52,163.24,135.55,136.25
3/3/22,128.86,162.86,134.45,136.92
3/2/22,129.64,162.51,138.7,135.37
3/1/22,128.82,162.81,135.05,
2/28/22,128.40,163.31,134.65,
2/25/22,129.75,163.40,135.2,133.55
2/24/22,130.15,163.73,137.4,133.76
2/23/22,131.89,163.37,136.5,137.25
2/22/22,130.65,163.28,137.2,136.43
2/21/22,133.01,163.06,137.2,134.98
2/18/22,133.84,162.88,135.7,134.78
2/17/22,132.78,163.14,135.7,134.08
2/16/22,133.62,163.46,136.95,135.61
2/15/22,134.25,163.74,136.95,135.24
2/14/22,134.02,163.49,139.2,133.51
2/11/22,132.64,163.22,139.7,134.16
2/10/22,132.59,163.16,140.4,134.05
2/9/22,132.73,162.94,141.05,135.04
2/8/22,132.41,162.96,139.65,133.87
2/7/22,132.67,162.36,140.8,134.18
2/4/22,133.27,,141.5,131.92
2/3/22,131.94,,140.15,132.53
2/2/22,132.15,,141.1,132.43
2/1/22,132.49,,141.1,132.57
1/31/22,131.70,,137.7,131.41
1/28/22,128.74,162.88,135.85,129.05
1/27/22,128.86,162.65,136.45,129.48
1/26/22,128.95,162.48,135.1,129.69
1/25/22,128.52,161.98,134.6,128.65
1/24/22,128.54,161.70,134.8,127.73
1/21/22,128.87,161.85,136.7,129.22
1/20/22,129.59,161.62,137.5,130.67
1/19/22,128.61,161.08,134.55,128.49
1/18/22,126.65,161.20,133.1,124.62
1/17/22,126.25,160.00,133.1,123.32
1/14/22,125.41,159.83,130.45,123.02
1/13/22,126.36,159.75,131.15,123.01
1/12/22,125.71,159.53,129.55,122.56
1/11/22,125.98,160.43,128.65,119.72
1/10/22,126.43,159.75,128.15,115.2
1/7/22,126.59,159.43,127.2,116.54
1/6/22,125.33,158.95,128.5,114.23
1/5/22,126.83,158.50,128.5,113.58
1/4/22,123.86,158.23,125.05,113.15
12/31/21,120.28,157.46,127.2,
12/30/21,119.64,156.91,125.85,114.71
12/29/21,117.68,156.84,122.85,112.31
12/24/21,113.57,156.27,121.85,
12/23/21,112.66,156.19,121.6,112.92
12/22/21,111.59,156.24,120.2,112.74
12/21/21,111.10,156.20,118.35,111.4
12/20/21,110.66,156.53,119.95,111.47
12/17/21,111.07,155.89,122.4,112.46
12/16/21,110.31,155.92,118.65,112.38
12/15/21,109.76,155.66,118.7,111.25
12/14/21,110.04,156.72,119.6,111.69
12/13/21,109.94,155.88,119,112.51
12/10/21,109.94,155.71,119.25,113.16
12/9/21,110.37,155.90,119.5,113.96
12/8/21,110.64,156.19,119,114.2
12/7/21,110.74,156.64,119.35,111.71
12/6/21,109.84,156.71,116.5,110.55
12/3/21,108.78,157.20,116,109.04
12/2/21,108.77,156.40,116.5,110.59
12/1/21,109.74,157.85,118.55,110.46
12/1/21,109.74,157.85,118.55,110.46
11/30/21,109.29,160.02,123.05,110.67
11/29/21,110.66,160.49,123.3,111.82
11/26/21,112.44,160.88,127.3,113
11/25/21,,160.92,127.3,112.14
11/24/21,112.80,161.04,127.3,110.76
11/23/21,112.33,161.33,127.5,110.77
11/22/21,112.55,161.00,127.9,109.41
11/19/21,111.50,161.42,126.65,108.64
11/18/21,111.17,161.54,128.45,109.23
11/17/21,110.68,161.07,126.85,109.98
11/16/21,112.93,161.15,126.45,109.66
11/15/21,113.54,160.81,126.95,
11/12/21,114.47,160.40,127.5,110.36
11/11/21,114.77,160.04,127.25,111.56
11/10/21,114.19,159.37,127.55,109.43
11/9/21,114.30,158.44,125.75,110.02
11/8/21,,159.74,125.75,109.1
11/5/21,,157.92,125.45,109.48
11/4/21,115.12,158.04,127.95,107.24
11/3/21,115.38,158.41,126.45,106.37
11/2/21,115.62,158.66,127.7,
11/1/21,114.48,158.64,123.6,105.42
10/29/21,110.90,158.45,123.1,105.14
10/28/21,108.70,158.32,119.95,105.52
10/27/21,107.78,158.35,118.2,105.38
10/26/21,107.30,157.63,117.6,105.74
10/25/21,106.52,157.28,117.4,106.53
10/22/21,105.09,156.24,115.35,105.06
10/21/21,104.62,156.37,119.85,104.53
10/20/21,104.18,156.35,117.05,106.73
10/19/21,103.28,156.24,116.2,106.39
10/18/21,102.77,155.55,116.35,106.94
10/15/21,102.03,151.86,116.2,108.99
10/14/21,101.01,150.90,113.05,108.04
10/13/21,100.36,151.44,115.3,108.65
10/12/21,100.34,152.01,118.7,
10/11/21,99.70,152.72,119.25,108.52
10/8/21,100.37,141.82,120.05,108.08
10/7/21,99.80,139.59,119.5,107.9
10/6/21,99.01,138.34,117.9,107.31
10/5/21,97.16,137.72,114.5,105.92
10/4/21,96.47,137.78,113.9,104.62
10/1/21,98.10,,115.65,106.19
9/30/21,97.44,134.04,112.15,104.08
9/29/21,97.13,133.01,110.15,101.94
9/28/21,96.22,131.12,108.15,98.11
9/27/21,96.23,128.36,105.95,97.79
9/24/21,95.99,125.76,102.65,97.71
9/23/21,95.88,125.80,101.25,97.74
9/22/21,95.24,126.78,100.35,97.74
9/21/21,95.57,,99.35,98.08
9/20/21,95.66,,102.15,97.31
9/17/21,96.45,127.74,102.3,98.94
9/16/21,96.31,127.73,103.05,99.61
9/15/21,96.25,127.41,103.3,100.39
9/14/21,96.02,127.48,102.4,100.44
9/13/21,96.27,128.23,103.15,101.54
9/10/21,96.67,129.38,102.9,100.92
9/9/21,96.58,129.30,103.65,101.01
9/8/21,96.28,128.21,103.65,101.96
9/7/21,96.34,127.92,103.65,
9/6/21,97.58,127.33,103.65,103.17
9/3/21,97.76,125.87,103,103.01
9/2/21,97.53,125.47,102,102.92
9/1/21,98.01,125.99,102.15,103.31
8/31/21,98.56,127.09,103.75,103.34
8/27/21,97.99,127.37,103.65,104.32
8/26/21,97.64,126.77,103.9,102.7
8/25/21,97.51,127.21,103.3,103.96
8/24/21,97.83,128.10,102.15,103.16
8/23/21,97.98,128.60,101.8,101.47
8/20/21,97.84,129.62,101.5,100.59
8/19/21,98.54,129.87,103.35,99.39
8/18/21,98.71,129.84,103.25,99.58
8/17/21,98.48,128.88,102.75,100.05
8/16/21,98.54,126.39,102.75,98.56
8/13/21,98.28,125.23,101.85,98.9
8/12/21,98.01,124.85,99.95,98.21
8/11/21,97.77,125.20,100.95,98.59
8/10/21,98.22,124.32,99.55,98.59
8/9/21,98.51,124.08,100.3,97.76
8/6/21,98.73,123.07,99.3,97.11
8/5/21,98.65,122.97,98.9,97.82
8/4/21,98.53,123.09,98.4,97.54
8/3/21,98.23,122.91,98.15,97.39
8/2/21,98.32,122.64,97.9,96.43
7/30/21,97.89,124.10,100.25,95.38
7/29/21,97.54,124.28,100.25,98.56
7/28/21,96.83,124.48,100,97.95
7/27/21,96.28,122.78,99.3,96.55
7/26/21,96.09,#N/A,99.3,97.15
7/23/21,95.50,120.88,99.5,96.56
7/22/21,94.83,119.73,98.25,97.06
7/21/21,93.87,119.62,98,97.84
7/20/21,93.52,,96.2,97.29
7/19/21,93.20,120.02,98.8,96.87
7/16/21,92.73,119.76,97.95,99.4
7/15/21,92.17,119.51,98.7,97.48
7/14/21,91.51,117.30,97.5,98.97
7/13/21,91.19,116.73,97.25,97.4
7/12/21,90.84,116.32,96.8,97.54
7/9/21,90.43,115.83,96.05,95.31
7/8/21,90.43,115.80,96.8,94.71
7/7/21,90.11,116.26,96.6,93.79
7/6/21,89.85,116.23,96.2,93.45
7/5/21,89.71,114.74,96.2,94.89
7/2/21,88.84,114.30,95.2,94.27
7/1/21,88.80,113.08,94.3,93.72
6/30/21,89.26,112.85,96.7,94.25
6/29/21,89.12,112.89,96.6,94.63
6/28/21,88.99,112.74,96.35,94.91
6/25/21,88.89,112.87,95.95,94.76
6/24/21,88.25,112.97,96.2,96.18
6/23/21,87.52,112.21,94.95,94.9
6/22/21,87.15,112.35,94.45,96.27
6/21/21,87.29,112.13,94.45,97.01
6/18/21,87.31,112.36,93.2,96.4
6/17/21,86.98,112.77,94.85,97.4
6/16/21,87.96,113.16,95.6,97.22
6/15/21,87.97,113.09,94.85,98.28
6/14/21,88.45,,96.2,98.25
6/11/21,89.14,114.65,96.45,97.85
6/10/21,89.15,114.30,95.55,99.02
6/9/21,89.43,114.19,94.05,99.46
6/8/21,88.82,113.80,93.2,99.64
6/7/21,88.32,113.97,93.5,98.96
6/4/21,86.96,113.94,92.2,99.27
6/3/21,87.24,113.23,91.7,
6/2/21,86.50,112.53,92.2,98.19
6/1/21,85.76,111.68,89.9,97.54
5/28/21,84.98,111.48,89.7,97.16
5/27/21,84.28,111.22,89.1,97.18
5/26/21,83.72,111.65,89.3,96.92
5/25/21,83.45,111.89,89.15,97.13
5/24/21,82.97,112.06,89.05,96.84
5/21/21,82.51,111.83,87.7,95.74
5/20/21,82.03,111.73,88.95,96.91
5/19/21,81.70,111.99,89.95,96.83
5/18/21,81.66,111.92,88,98.99
5/17/21,81.39,112.38,88,98.68
5/14/21,81.13,112.52,90.15,97.39
5/13/21,80.82,114.28,93.4,97.12
5/12/21,80.82,113.83,92.9,96.99
5/11/21,80.63,112.65,93.6,98.49
5/10/21,80.54,113.08,94.75,99.07
5/7/21,80.01,113.20,95.5,98.95
5/6/21,79.41,111.18,92.3,98.37
5/5/21,79.06,,92.3,96.94
5/4/21,79.04,,93.05,96.08
4/30/21,78.99,111.04,91.9,95.09
4/29/21,79.27,111.91,94.9,96.5
4/28/21,79.11,111.94,96.9,96.66
4/27/21,78.62,111.51,95.1,94.92
4/26/21,78.47,111.73,94.7,93.76
4/23/21,77.65,109.44,91.95,92.19
4/22/21,77.54,108.42,92.2,91.29
4/21/21,77.62,108.30,91.2,
4/20/21,77.71,108.25,90.8,88.92
4/19/21,77.88,108.01,91,87.95
4/16/21,78.85,107.74,92.25,87.33
4/15/21,78.25,106.30,91.5,86.35
4/14/21,77.85,105.42,89.1,85.57
4/13/21,77.60,106.06,87.4,84.55
4/12/21,77.85,106.65,89.5,84.25
4/9/21,78.11,106.21,88.5,84.59
4/8/21,78.00,106.44,86.6,86.39
4/7/21,77.79,106.20,86.35,84.75
4/6/21,78.89,105.55,85.1,85.58
4/1/21,78.72,105.68,87.65,83.73
3/31/21,78.63,105.67,87.4,85.45
3/30/21,77.81,106.02,87.2,83.9
3/29/21,,105.84,87.1,83.11
3/26/21,78.04,105.61,85.1,83.19
3/25/21,78.54,108.37,88.5,84.45
3/24/21,78.88,108.55,89.5,85.59
3/23/21,79.72,109.89,90.5,88.71
3/22/21,79.96,109.74,90.5,89.08
3/19/21,80.69,111.05,91.25,90.4
3/18/21,80.92,111.63,92.25,89.7
3/17/21,81.00,111.53,92.75,88.99
3/16/21,80.90,111.33,92.5,89.5
3/15/21,80.90,112.01,93.25,89.13
3/12/21,80.38,111.14,94,91.07
3/11/21,80.25,110.59,91.15,91.56
3/10/21,79.90,112.33,90.15,90.31
3/9/21,80.22,114.62,93.65,88.94
3/8/21,79.78,114.57,93.15,89.6
3/5/21,79.86,114.63,92.6,90.71
3/4/21,80.32,116.48,93.65,92.22
3/3/21,80.81,117.36,96.15,90.63
3/2/21,79.92,117.42,96.75,92.09
3/1/21,79.55,116.06,94.35,91.56
2/26/21,79.11,116.21,95.1,90.62
2/25/21,80.97,115.81,98.5,91.58
2/24/21,80.18,114.91,97.6,92.37
2/23/21,79.86,114.32,97.35,91.03
2/22/21,79.63,113.98,95.6,89.71
2/19/21,78.77,112.50,95.4,89.12
2/18/21,78.68,111.78,95.1,88.58
2/17/21,78.50,,94.6,88.69
2/16/21,78.21,,93.8,
2/15/21,77.95,,93.8,
2/12/21,77.78,,93,88.5
2/11/21,77.41,,91.25,87.94
2/10/21,77.70,109.81,93.2,87.5
2/9/21,77.28,109.43,91.1,87.24
2/8/21,76.86,109.39,89.5,86.71
2/5/21,76.99,108.43,90.9,86.97
2/4/21,76.09,107.76,87.7,85.81
2/3/21,76.00,107.66,87.45,86.52
2/2/21,75.73,107.20,86.9,86.06
2/1/21,75.75,106.97,87.35,84.21
1/29/21,75.39,106.73,86.6,83.31
1/28/21,75.64,107.08,87.55,83.8
1/27/21,76.12,107.39,88.35,84.97
1/26/21,76.02,107.43,88.85,85.47
1/25/21,76.28,107.22,88.1,81.28
1/22/21,76.59,107.05,89.1,81.43
1/21/21,76.48,107.11,88.1,82.83
1/20/21,75.91,107.33,87.6,83.04
1/19/21,75.87,107.42,87.1,82.8
1/18/21,75.67,107.05,87.1,83.63
1/15/21,76.13,106.77,87.6,82.44
1/14/21,,107.44,87.35,84.7
1/13/21,76.32,106.86,88.1,82.54
1/12/21,75.60,106.66,86.9,80.85
1/11/21,75.29,107.51,86.3,76.74
1/8/21,75.78,107.51,86.3,76.15
1/7/21,75.61,106.28,86.55,76.04
1/6/21,75.67,106.41,86.8,74.48
1/5/21,74.90,105.62,85.6,74.81
1/4/21,74.79,105.17,84.75,72.01
12/31/20,73.88,103.80,84.6,
12/30/20,73.11,103.69,83.6,73.42
12/29/20,72.91,103.48,82.85,73.45
12/24/20,73.05,103.48,82.65,
12/23/20,72.31,103.43,81.35,73.19
12/22/20,72.23,104.05,81.35,73.67
12/21/20,72.65,103.94,83.85,74.15
12/18/20,73.47,103.08,83.9,74.8
12/17/20,72.74,103.10,82.45,74.41
12/16/20,72.76,102.89,82.3,73.68
12/15/20,72.17,102.92,81.3,74.26
12/14/20,72.07,102.71,80.7,74.34
12/11/20,71.56,102.15,80.9,74.68
12/10/20,70.95,101.86,79.65,75.16
12/9/20,70.86,101.68,78.65,72.97
12/8/20,70.81,101.36,79.1,74.68
12/7/20,70.29,100.67,78.35,76.43
12/4/20,70.21,100.48,77.85,76.42
12/3/20,69.85,100.51,78.35,76.66
12/2/20,70.46,100.62,78.85,75.49
12/1/20,70.83,100.68,78.85,76.32
11/30/20,70.82,100.84,79.8,74.51
11/27/20,70.82,100.43,78.95,74.61
11/26/20,71.85,100.82,78.95,74.19
11/25/20,72.34,100.54,79.45,73.83
11/24/20,72.51,100.89,80.15,71.87
11/23/20,72.67,100.56,79.2,70.49
11/20/20,71.06,100.13,77.9,71.22
11/19/20,70.45,99.24,78.15,71.77
11/18/20,,99.15,77.65,71.55
11/17/20,,99.02,77.8,71.44
11/16/20,69.36,99.26,76.45,69.88
11/13/20,69.19,99.19,76.65,69.33
11/12/20,69.23,99.52,77.35,69.5
11/11/20,69.40,99.23,77.6,70.37
11/10/20,69.24,98.46,77.6,72.04
11/9/20,68.91,98.24,76.2,71.97
11/6/20,68.62,98.94,77,73.11
11/5/20,68.36,98.95,77,71.77
11/4/20,67.95,98.55,77,71.21
11/3/20,68.18,98.42,75.6,70.32
11/2/20,67.99,98.79,75.75,
10/30/20,68.63,98.68,76.7,70.31
10/29/20,68.71,99.34,76.95,70.12
10/28/20,69.19,99.36,78.4,70.69
10/27/20,69.17,99.84,78.35,71.6
10/26/20,69.12,99.46,77.4,71.31
10/23/20,69.77,99.43,77.75,70.33
10/22/20,70.03,99.20,76.85,69.81
10/21/20,69.98,99.99,76.85,68.68
10/20/20,70.35,100.83,76.8,67.47
10/19/20,69.66,100.36,75.4,66.23
10/16/20,67.77,96.99,74.65,63.52
10/15/20,67.48,96.96,74.5,63.24
10/14/20,67.12,93.57,74.5,61.97
10/13/20,66.20,92.42,74,60.38
10/12/20,65.75,90.98,73.2,
10/9/20,64.66,86.61,72.95,60.49
10/8/20,64.31,,72.95,59.48
10/7/20,63.87,,72.3,58.91
10/6/20,63.85,,71.55,58.04
10/5/20,63.91,,71.3,58.18
10/2/20,64.04,,71.3,57.76
10/1/20,63.95,,71.3,57.21
9/30/20,62.55,85.65,70.8,57.25
9/29/20,62.65,85.68,71.15,57.1
9/28/20,62.54,86.00,71.35,56.53
9/25/20,62.76,85.79,70.75,57.17
9/24/20,62.44,86.27,70.6,57.41
9/23/20,62.62,86.32,70.85,55.54
9/22/20,62.70,86.30,70.7,56.51
9/21/20,62.80,85.68,70.95,57.49
9/18/20,62.56,85.29,71.15,57.4
9/17/20,62.47,84.80,71.65,58.68
9/16/20,62.41,84.70,71.65,59.04
9/15/20,62.31,84.21,72.1,58.62
9/14/20,62.19,83.83,70.5,58.74
9/11/20,61.71,83.94,70.5,58.07
9/10/20,61.95,83.77,69.9,58.28
9/9/20,61.71,84.80,69.8,58.74
9/8/20,61.74,85.08,70.7,58.99
9/7/20,62.04,85.12,70.6,
9/4/20,62.22,84.73,69.85,60.81
9/3/20,62.02,84.56,70.5,61.75
9/2/20,62.49,84.43,71,61.38
9/1/20,62.62,83.83,70.85,61.64
8/28/20,62.53,83.25,71.1,61.23
8/27/20,62.16,83.01,71.35,60.28
8/26/20,61.93,83.00,71.35,59.68
8/25/20,61.74,82.69,71.6,59.9
8/24/20,61.14,82.13,70.1,58.75
8/21/20,60.11,81.79,70.35,57.12
8/20/20,59.45,81.59,69.6,56.47
8/19/20,59.36,81.66,68.85,56.15
8/18/20,59.16,81.53,69.05,56.32
8/17/20,58.30,81.01,68.8,55.62
8/14/20,57.43,80.83,68.95,56.14
8/13/20,57.22,80.78,68.2,56.02
8/12/20,57.14,80.90,69.5,55.09
8/11/20,57.19,81.11,69,54.62
8/10/20,56.93,80.88,68.75,53.5
8/7/20,56.99,80.65,71.25,53.34
8/6/20,56.73,80.41,70.85,53.71
8/5/20,56.63,80.03,70.35,54.03
8/4/20,56.55,79.92,70.35,54.04
8/3/20,56.41,79.59,69.55,53.44
7/31/20,56.56,79.90,68.55,54.58
7/30/20,56.45,79.22,67.05,54.75
7/29/20,56.58,79.30,66.55,54.62
7/28/20,56.55,79.33,66.55,53.93
7/27/20,56.38,79.67,65.55,53.77
7/24/20,56.55,79.90,67.15,53.69
7/23/20,56.43,79.95,67.65,53.75
7/22/20,56.44,79.66,68.15,54.14
7/21/20,56.61,78.96,68.15,53.19
7/20/20,56.31,78.87,67.45,51.54
7/17/20,56.24,78.87,68.2,50.98
7/16/20,56.03,78.82,67.9,51.55
7/15/20,55.89,78.82,68.4,50.58
7/14/20,55.77,78.97,69.15,50.63
7/13/20,56.19,78.74,70.15,50.67
7/10/20,56.10,78.42,69.7,50.81
7/9/20,56.09,77.54,70.15,50.97
7/8/20,55.82,77.51,69.45,50.77
7/7/20,56.05,77.47,69.7,50.46
7/6/20,56.33,77.40,70.45,50.9
7/3/20,56.36,76.91,70.7,50.51
7/2/20,55.99,76.48,70.45,50.6
7/1/20,55.47,76.21,68.85,50.84
6/30/20,55.37,76.07,67.95,49.66
6/29/20,55.39,76.26,67.95,49.77
6/26/20,55.69,76.15,68.2,49.3
6/25/20,55.67,76.45,67.7,51.05
6/24/20,55.89,76.26,67.95,50.59
6/23/20,56.11,76.67,68.45,52.3
6/22/20,55.91,76.99,68.45,51.35
6/19/20,55.88,76.84,68.2,51.02
6/18/20,55.82,76.76,68.6,50.21
6/17/20,55.57,76.74,67.45,51.1
6/16/20,55.44,76.79,66.5,51.81
6/15/20,55.83,76.82,67.15,52.53
6/12/20,56.38,77.53,67.4,53.59
6/11/20,56.68,77.54,67.95,
6/10/20,56.83,77.23,67.95,55.06
6/9/20,57.14,77.16,68.2,55.42
6/8/20,56.77,76.69,69.2,55.37
6/5/20,55.65,75.89,67.45,54.28
6/4/20,55.32,75.77,67.9,52.58
6/3/20,55.48,75.57,67.9,53.47
6/2/20,55.47,74.65,67.65,51.72
6/1/20,54.83,75.00,65.45,49.88
5/29/20,54.52,75.13,65.45,50.51
5/28/20,54.77,75.55,66.15,50.16
5/27/20,55.05,75.78,66.15,50.55
5/26/20,55.00,75.61,65.65,50.29
5/22/20,54.87,75.94,66.15,48.09
5/21/20,55.37,75.39,66.35,47.98
5/20/20,55.66,74.59,67.35,46.78
5/19/20,55.36,73.97,66.05,45.42
5/18/20,54.90,73.93,66.75,46.01
5/15/20,54.82,73.60,66.3,44.65
5/14/20,54.73,73.74,65.9,44.73
5/13/20,54.63,73.61,66.65,43.66
5/12/20,54.44,74.19,65.5,44.31
5/11/20,54.44,74.37,65.4,44.87
5/7/20,54.26,73.16,63.9,44.6
5/6/20,54.26,73.81,62.9,45.9
5/5/20,55.27,,63.75,46.56
5/4/20,55.97,,65.25,47.61
5/1/20,57.27,,66.75,
4/30/20,,73.68,66.5,48.71
4/29/20,,73.40,65.25,50.3
4/28/20,,73.56,64.65,49.23
4/27/20,,73.78,65.15,47.64
4/24/20,,73.78,65.9,48.31
4/23/20,,72.83,65.7,49.04
4/22/20,,72.87,63.1,50.01
4/21/20,,73.64,63.85,
4/20/20,,73.78,63.05,51.1
4/17/20,,73.84,63.05,51.45
4/16/20,,73.66,62.95,52.06
4/15/20,,73.87,63.45,52.98
4/14/20,,73.44,63.45,53.9
4/9/20,,72.69,64.45,55.27
4/8/20,,72.43,63.45,54.44
4/7/20,,71.67,63.55,54.74
4/6/20,,,61.75,53.4
4/3/20,,70.89,60.75,53.43
4/2/20,,71.00,59.15,53.05
4/1/20,,71.86,61.5,53.25
3/31/20,,70.73,60.9,54.45
3/30/20,,72.60,61.3,56.3
3/27/20,62.41,72.93,62.8,57.12
3/26/20,62.07,72.40,63.55,57.65
3/25/20,61.31,71.17,63.05,57.85
3/24/20,60.63,72.74,62.2,56.91
3/23/20,61.09,74.67,63.7,57.1
3/20/20,63.44,76.71,64.95,57.04
3/19/20,64.16,79.13,66.6,57.02
3/18/20,65.63,79.22,67.7,56.08
3/17/20,66.00,80.00,68.4,58.02
3/16/20,65.84,80.85,70.05,57.53
3/13/20,66.04,82.00,69.3,59.49
3/12/20,65.94,82.99,71,59.98
3/11/20,66.81,83.22,71,62.07
3/10/20,66.40,82.33,70.7,63.04
3/9/20,66.40,83.11,72.15,61.65
3/6/20,67.05,84.23,72.6,63.16
3/5/20,67.44,84.25,72.3,62.66
3/4/20,67.45,84.15,72.05,63.19
3/3/20,67.30,83.68,72.4,64.75
3/2/20,67.55,83.09,70.4,64.81
2/28/20,67.80,84.47,71.4,64.79
2/27/20,69.47,86.02,74.3,65.09
2/26/20,69.72,86.19,75.05,65.08
2/25/20,69.77,86.65,76.3,
2/24/20,69.49,87.32,77.7,
2/21/20,70.08,87.68,78.05,65.25
2/20/20,70.18,87.48,78.3,64.64
2/19/20,70.21,87.51,77.5,65.08
2/18/20,70.18,87.65,76.95,65.22
2/17/20,70.08,87.36,76.95,65.49
2/14/20,70.01,87.12,77.2,65.83
2/13/20,70.32,86.96,77.7,65.77
2/12/20,70.13,87.51,77.2,65.52
2/11/20,70.00,87.43,77.2,65.49
2/10/20,70.09,87.11,76.75,65.1
2/7/20,70.60,86.83,77,65.13
2/6/20,70.89,87.85,76.55,65.27
2/5/20,70.71,87.85,76.55,65.75
2/4/20,70.28,87.89,76.05,65.58
2/3/20,70.04,88.90,76.65,65.64
1/31/20,70.84,,78.15,65.26
1/30/20,70.79,,79.15,65.5
1/29/20,71.37,,79.35,65.94
1/28/20,70.68,,78.6,66.29
1/27/20,70.48,,78.55,66.12
1/24/20,71.48,,79.05,65.99
1/23/20,71.81,91.50,80.2,65.81
1/22/20,71.52,91.43,78.4,65.36
1/21/20,71.96,91.60,80.2,64.06
1/20/20,72.51,91.39,80.2,64.12
1/17/20,72.35,91.37,79.2,64.71
1/16/20,72.34,91.05,79.2,64.47
1/15/20,73.08,91.03,80.2,64.23
1/14/20,73.36,91.42,80.2,65.14
1/13/20,73.65,90.45,79.9,64.35
1/10/20,72.94,89.91,79.2,64.59
1/9/20,71.50,89.99,78.5,64.24
1/8/20,70.93,89.95,78.5,64.55
1/7/20,70.97,89.55,78.75,65.44
1/6/20,70.43,88.95,78.05,65.27
1/3/20,70.30,88.33,78.1,65.99
1/2/20,70.72,88.06,77.85,66.48
12/31/19,70.35,86.50,78.35,
12/30/19,70.15,86.24,77.85,66.6
12/27/19,70.01,85.66,77.65,66.07
12/24/19,69.83,85.58,77.65,
12/23/19,70.20,85.61,77.15,65.5
12/20/19,70.07,85.69,76.65,65.24
12/19/19,69.89,85.75,75.9,65.52
12/18/19,69.77,85.13,75.7,65.17
12/17/19,69.86,84.81,76.2,65.66
12/16/19,69.84,84.81,75.95,65.79
12/13/19,69.93,84.64,76.4,64.51
12/12/19,69.55,84.48,75.35,65.27
12/11/19,69.55,84.33,75.35,64.01
12/10/19,69.64,84.26,74.85,63.56
12/9/19,69.79,84.06,75.35,64.05
12/6/19,69.10,84.12,73.9,63.28
12/5/19,69.02,84.07,74.15,62.76
12/4/19,68.61,84.05,73.5,63.05
12/3/19,68.64,84.19,74.15,62.79
12/2/19,68.75,84.35,74.55,62.91
11/29/19,68.49,84.42,75,62.54
11/28/19,68.61,84.42,75.1,62.71
11/27/19,69.13,84.55,75.1,61.31
11/26/19,68.82,84.28,74.95,61.36
11/25/19,68.50,84.25,74.1,60.92
11/22/19,68.16,84.27,73.25,61.02
11/21/19,68.11,84.52,73.4,60.93
11/20/19,68.24,84.57,74.4,60.32
11/19/19,68.25,84.63,75,60.66
11/18/19,68.30,84.81,75.5,60.46
11/15/19,68.36,84.63,74.9,
11/14/19,68.00,84.81,74.9,61.04
11/13/19,68.07,84.89,75.4,61.47
11/12/19,68.50,84.65,75,61
11/11/19,69.21,84.45,75.95,61.56
11/8/19,69.99,84.19,75.4,60.65
11/7/19,70.41,84.12,74.7,61.58
11/6/19,70.66,84.11,74.95,61.84
11/5/19,71.04,83.68,74.7,63.23
11/4/19,71.14,83.49,75.05,62.71
11/1/19,70.74,83.45,75.25,62.75
10/31/19,,83.29,76.45,62.27
10/30/19,,82.66,75.45,62.21
10/29/19,,82.38,75.5,62.25
10/28/19,,82.06,75.5,62.01
10/25/19,70.67,82.01,75.25,61.96
10/24/19,70.36,81.95,75.5,61.7
10/23/19,70.46,81.95,75.2,62.17
10/22/19,70.26,81.72,75.2,61.23
10/21/19,70.23,81.86,75.7,60.6
10/18/19,70.41,81.95,75.45,61.07
10/17/19,70.39,81.70,75,60.1
10/16/19,70.02,81.39,74,60.32
10/15/19,72.51,81.17,72.8,59.63
10/14/19,73.00,80.99,74.25,60.39
10/11/19,72.86,80.30,71.75,60.3
10/10/19,72.90,80.15,72.5,60.05
10/9/19,72.90,80.15,71.75,60.33
10/8/19,73.22,80.11,72.25,60.16
10/7/19,73.40,79.98,72.25,59.81
10/4/19,73.90,79.97,72.25,60.3
10/3/19,73.99,80.26,71.95,60.22
10/2/19,73.96,80.14,71.7,59.49
10/1/19,74.41,80.21,71.7,59.26
9/30/19,74.90,80.38,71.8,59.3
9/27/19,74.33,80.36,71.15,59.12
9/26/19,73.63,81.97,71.4,58.9
9/25/19,73.39,82.38,71.4,58.93
9/24/19,73.87,83.02,71.95,58.87
9/23/19,74.39,83.33,71.45,58.27
9/20/19,74.92,83.69,71.25,58.31
9/19/19,74.52,83.55,71.5,58.92
9/18/19,74.79,83.62,72.4,59.38
9/17/19,74.48,83.54,73.7,60.15
9/16/19,74.77,83.86,73.65,60
9/13/19,75.31,83.14,73.55,59.94
9/12/19,74.63,83.09,70.9,60.49
9/11/19,74.00,82.69,70.9,59.85
9/10/19,73.95,82.65,70.6,59.24
9/9/19,73.86,82.27,70.15,59.53
9/6/19,73.84,82.12,70.65,59.69
9/5/19,73.54,82.03,69.65,59.68
9/4/19,73.25,82.12,69.2,59.53
9/3/19,73.32,81.88,70.15,58.6
9/2/19,74.79,82.24,70.15,58.45
8/30/19,75.42,83.03,70.35,59.46
8/29/19,75.17,83.16,70.1,58.75
8/28/19,75.38,83.53,69.3,58.97
8/27/19,75.87,84.05,69.3,58.79
8/23/19,76.30,87.15,70.3,59.43
8/22/19,76.58,87.25,71.2,60.13
8/21/19,76.67,87.45,70.5,61.06
8/20/19,76.43,87.57,70.5,60.74
8/19/19,76.46,87.42,71.4,60.39
8/16/19,76.31,87.27,70.9,61.26
8/15/19,75.55,87.24,70.9,61.18
8/14/19,75.38,87.44,70.9,60.48
8/13/19,74.70,87.29,69.6,61.51
8/12/19,75.25,87.76,70.35,61.25
8/9/19,75.16,87.46,71,62.3
8/8/19,75.00,88.90,70.3,62.5
8/7/19,74.44,89.58,70.3,61.97
8/6/19,74.16,90.05,70,62.2
8/5/19,74.32,92.22,70.9,62.3
8/2/19,78.12,92.58,73.4,63.59
8/1/19,79.64,92.77,74.8,64.79
7/31/19,80.41,92.87,74.85,65.62
7/30/19,80.88,92.88,75.6,65.6
7/29/19,81.31,92.80,75.85,66.26
7/26/19,81.58,92.73,75.4,66.31
7/25/19,81.59,92.70,75.4,65.81
7/24/19,81.48,92.73,74.9,66.44
7/23/19,81.71,92.83,74.45,67.25
7/22/19,81.84,92.54,74.2,68.62
7/19/19,81.79,92.52,72.95,68.57
7/18/19,81.89,92.88,73.7,69.28
7/17/19,81.87,93.03,74.2,68.81
7/16/19,81.99,93.40,74.95,69.91
7/15/19,82.02,93.24,73.65,70.28
7/12/19,81.74,93.40,74.05,71.15
7/11/19,82.12,93.38,74.8,71.23
7/10/19,82.17,93.67,74.3,71.72
7/9/19,82.38,94.26,76.65,70.82
7/8/19,82.60,94.41,77.85,70.61
7/5/19,83.54,#N/A,78.35,70.68
7/4/19,83.73,94.41,78.35,71.36
7/3/19,83.51,94.30,78.35,71.07
7/2/19,83.77,94.24,77.6,70.1
7/1/19,84.02,,77,70.47
6/28/19,83.83,93.61,77,70.39
6/27/19,83.69,93.70,77.2,70.39
6/26/19,83.40,93.76,76.45,70.29
6/25/19,83.36,93.04,76.4,70.77
6/24/19,83.53,93.03,76.4,71.56
6/21/19,83.56,92.73,76.85,72.27
6/20/19,84.06,92.49,77.9,
6/19/19,83.68,92.22,77.5,71.5
6/18/19,83.38,92.27,77,71.73
6/17/19,83.14,92.35,77.05,71.05
6/14/19,83.44,92.05,77.8,71.83
6/13/19,83.70,92.34,77.5,72.31
6/12/19,83.72,92.05,76.5,72.69
6/11/19,83.79,92.01,76.85,73
6/10/19,83.62,92.00,76.35,72.48
6/7/19,84.30,92.13,79.35,72.55
6/6/19,84.65,92.60,79.6,72.53
6/5/19,84.94,94.04,79.85,72.73
6/4/19,84.66,94.64,80.35,73.87
6/3/19,84.57,95.33,79.1,73.26
5/31/19,84.50,95.88,80.35,72.73
5/30/19,84.36,95.73,80.1,72.05
5/29/19,84.78,95.84,80.6,71.75
5/28/19,84.67,95.95,79.5,71.17
5/24/19,82.41,95.97,78.5,70.93
5/23/19,81.47,96.42,77.75,70.26
5/22/19,81.87,97.49,78.3,70.58
5/21/19,81.91,98.05,78.8,70.14
5/20/19,81.51,98.43,76.6,69.46
5/17/19,80.77,98.69,77.35,69.06
5/16/19,80.90,99.53,76.85,70.1
5/15/19,80.01,100.95,77.35,71.47
5/14/19,79.61,102.50,76,71.75
5/13/19,80.86,103.70,79,71.79
5/10/19,82.86,105.02,80.7,72.84
5/9/19,83.28,105.09,81.9,73.33
5/8/19,83.83,105.15,82.75,73.62
5/7/19,84.35,105.18,83.15,72.89
5/3/19,84.97,,84.95,74.04
5/2/19,85.08,,86.2,73.37
5/1/19,84.92,,86.2,
4/30/19,85.29,105.59,86.55,74.62
4/29/19,84.74,105.71,87.2,73.64
4/26/19,84.56,106.05,87.7,73.66
4/25/19,84.09,106.39,86.45,73.39
4/24/19,84.73,106.15,87.2,72.47
4/23/19,85.22,106.22,87.75,73.84
4/18/19,85.82,106.06,88.25,73.85
4/17/19,85.52,105.80,87.75,73.92
4/16/19,85.24,105.85,86.25,74.42
4/15/19,85.83,105.81,87.7,74.66
4/12/19,85.34,105.67,86.7,74.37
4/11/19,85.62,105.65,87.2,75.55
4/10/19,85.66,105.65,87.7,76.24
4/9/19,85.81,105.73,88.35,75.76
4/8/19,85.16,105.52,87.8,75.92
4/5/19,85.73,,86.9,75.48
4/4/19,84.86,105.68,86.65,75.98
4/3/19,85.22,105.23,86.9,75.34
4/2/19,84.27,105.41,86.9,75.69
4/1/19,83.54,105.58,87.05,74.98
3/29/19,82.57,105.67,85.3,74.35
3/28/19,82.62,105.60,86.3,74.52
3/27/19,83.46,105.84,87.3,73.62
3/26/19,83.20,105.90,87.05,75.3
3/25/19,82.74,105.62,85.8,75.4
3/22/19,82.81,105.56,86.4,74.2
3/21/19,82.13,105.53,84.65,76.59
3/20/19,82.13,105.33,84.65,76.85
3/19/19,82.05,105.57,84.15,76.32
3/18/19,82.76,105.48,84.35,76.73
3/15/19,80.61,105.13,83.05,76.11
3/14/19,80.40,105.11,84.3,75.38
3/13/19,79.92,105.11,83.35,76.36
3/12/19,79.27,105.16,81.55,76.24
3/11/19,78.79,105.22,81.75,75.83
3/8/19,78.03,105.18,81.25,74.79
3/7/19,78.29,105.16,82.25,74.18
3/6/19,77.71,105.29,82.65,75.77
3/5/19,77.11,105.39,81.15,
3/4/19,76.57,105.08,81.9,
3/1/19,76.12,105.21,80.85,76.66
2/28/19,76.14,104.82,80.35,77.54
2/27/19,75.43,104.70,80.1,77.63
2/26/19,75.78,104.73,81.1,77.54
2/25/19,76.04,104.14,81.25,77.37
2/22/19,76.05,103.94,82.25,77.54
2/21/19,75.58,103.79,80.3,76.99
2/20/19,75.63,103.75,80.3,77.82
2/19/19,75.39,103.93,80.05,78.43
2/18/19,75.30,103.74,80.05,78.04
2/15/19,75.97,103.46,79.95,78.6
2/14/19,75.94,106.28,79.65,78.06
2/13/19,76.25,104.27,79.4,77.71
2/12/19,76.79,104.28,79.9,78.71
2/11/19,76.75,104.29,81.8,77.48
2/8/19,76.51,,82.05,78.46
2/7/19,76.34,,82.85,78.88
2/6/19,76.15,,82.65,78.76
2/5/19,75.96,,82.25,79.62
2/4/19,76.06,,83,79.56
2/1/19,77.02,104.27,83.75,79.58
1/31/19,77.37,104.21,83.7,79.93
1/30/19,77.42,103.59,83.55,78.23
1/29/19,77.25,103.54,83.35,78.38
1/28/19,77.35,103.29,83.6,77.6
1/25/19,77.18,103.43,82.6,77.49
1/24/19,77.29,103.66,83,77.27
1/23/19,77.19,103.64,82.55,77.42
1/22/19,77.25,103.89,83.3,76.98
1/21/19,77.51,103.70,83.3,77.81
1/18/19,77.53,103.46,83.8,77.8
1/17/19,77.13,103.37,82.9,78.12
1/16/19,76.66,102.92,81.9,78.33
1/15/19,77.07,102.39,82.45,78.29
1/14/19,77.44,101.84,82.15,79.37
1/11/19,78.02,101.84,82.4,79.13
1/10/19,78.47,101.50,82.6,78.98
1/9/19,78.50,101.42,81.05,80.19
1/8/19,78.90,101.55,81.9,79.71
1/7/19,79.84,101.27,81.5,79.88
1/4/19,79.43,101.27,79.7,80.46
1/3/19,78.80,101.51,79.65,79.37
1/2/19,79.20,101.07,80.85,79.38
12/31/18,79.72,,80.8,
12/28/18,78.81,101.37,80.55,78.48
12/27/18,78.72,101.30,81.95,78.3
12/24/18,78.41,101.41,81.65,
12/21/18,79.66,101.37,83.4,78.41
12/20/18,80.82,101.21,85.05,79.07
12/19/18,80.21,101.57,86.05,78.57
12/18/18,80.50,101.60,86.8,77.62
12/17/18,79.80,101.31,87.8,77.23
12/14/18,79.16,101.15,87.75,76.74
12/13/18,79.57,101.68,88.25,77.74
12/12/18,79.64,101.55,88.3,77.91
12/11/18,80.09,101.94,88.25,76.21
12/10/18,80.49,102.22,88.5,75.77
12/7/18,80.00,101.52,87.25,76.42
12/6/18,80.36,100.56,89.2,75.59
12/5/18,80.31,100.81,87.8,76.07
12/4/18,80.46,100.65,87.8,76.08
12/3/18,80.67,100.66,86.8,76.9
11/30/18,80.78,100.82,86.55,75.92
11/29/18,80.73,100.75,86.8,76.25
11/28/18,80.14,100.99,85.85,76.6
11/27/18,79.87,101.08,86.4,75.19
11/26/18,79.58,101.17,85.25,75.05
11/23/18,81.48,101.36,86.75,76.38
11/22/18,81.75,101.42,86.75,76.8
11/21/18,80.70,101.65,85.5,77.43
11/20/18,81.42,101.52,86.05,78.02
11/19/18,81.73,101.58,86.3,77.88
11/16/18,82.14,101.52,86.3,78.72
11/15/18,81.90,101.64,86.3,
11/14/18,81.33,101.97,85.55,77.27
11/13/18,80.69,102.26,86.05,76.61
11/12/18,80.44,102.32,87.4,77.93
11/9/18,,102.24,88.35,78.05
11/8/18,,102.76,88.35,78.15
11/7/18,79.89,102.41,86.85,77.92
11/6/18,80.23,101.71,88.35,77.74
11/5/18,80.27,102.05,88.35,78.1
11/2/18,81.73,102.39,88.6,
11/1/18,80.43,102.85,86.4,79.01
10/31/18,80.13,102.83,86.4,78.92
10/30/18,80.35,102.90,86.65,79.25
10/29/18,80.96,103.27,87.75,79.07
10/26/18,81.46,103.39,86.8,81.24
10/25/18,81.31,103.73,86.25,80.18
10/24/18,81.80,103.74,88.25,79.38
10/23/18,81.61,103.94,89.25,80.92
10/22/18,81.01,104.23,87.25,81.07
10/19/18,81.00,104.28,87.25,81.03
10/18/18,80.44,104.30,87.25,81.14
10/17/18,80.95,104.98,87.75,82.12
10/16/18,81.53,104.66,88.05,82.43
10/15/18,81.42,104.71,87.65,82.44
10/12/18,80.39,104.64,86.15,
10/11/18,79.45,105.92,86.15,81.52
10/10/18,79.00,105.98,86.35,82.58
10/9/18,78.82,106.16,86.85,84.4
10/8/18,78.46,106.17,85.4,83.4
10/5/18,78.47,106.25,85.35,81.68
10/4/18,78.56,106.27,85.95,81.02
10/3/18,78.48,106.21,85.8,80.93
10/2/18,78.92,106.49,85.85,80.63
10/1/18,79.01,106.70,86,79.19
9/28/18,81.94,107.18,87.2,78.44
9/27/18,82.17,107.83,87.95,79.51
9/26/18,82.50,108.20,88.45,78.65
9/25/18,82.06,108.19,88.05,77.58
9/24/18,82.11,,88.65,77.87
9/21/18,82.88,108.04,88.1,78.4
9/20/18,82.85,107.89,88.3,77.89
9/19/18,83.11,108.32,88.15,76.72
9/18/18,82.70,108.12,90.8,76.56
9/17/18,83.94,107.88,91.3,76.64
9/14/18,85.24,108.15,91.1,75.81
9/13/18,86.48,108.34,92.15,75.27
9/12/18,85.20,108.46,92.4,75.96
9/11/18,84.76,108.49,93.4,75.88
9/10/18,84.81,108.29,91.7,77.09
9/7/18,85.46,108.59,91,
9/6/18,85.34,108.44,91.55,76.76
9/5/18,85.62,108.21,92.55,76.39
9/4/18,85.83,108.57,92.15,76.37
9/3/18,,108.79,92.15,76.23
8/31/18,86.62,108.77,92.15,77.8
8/30/18,87.12,107.63,92.65,76.08
8/29/18,87.30,108.19,93.3,76.73
8/28/18,87.72,108.13,93.05,76.26
8/24/18,87.88,107.84,91.4,77.56
8/23/18,87.71,107.55,92.15,77.36
8/22/18,88.35,107.42,93.05,78.68
8/21/18,88.35,106.61,92.55,79.42
8/20/18,88.06,107.34,91.35,80.78
8/17/18,87.47,107.27,91.75,81.8
8/16/18,87.74,108.01,90.75,82.39
8/15/18,,108.44,92.9,82.56
8/14/18,88.52,108.12,92.75,83.22
8/13/18,88.65,108.19,95.25,82.65
8/10/18,90.27,107.87,97.3,84.15
8/9/18,90.47,108.13,97.2,85.74
8/8/18,90.73,107.80,97.85,86.69
8/7/18,90.47,107.94,98.25,87.02
8/6/18,90.02,108.10,98,88.04
8/3/18,90.54,108.03,98.75,88.86
8/2/18,90.07,108.13,98.25,87.79
8/1/18,90.61,108.36,99.5,87.85
7/31/18,90.28,108.63,98.7,88.02
7/30/18,89.91,108.23,98,89.21
7/27/18,89.66,108.20,98,90
7/26/18,89.84,108.51,97.95,89.56
7/25/18,89.39,108.40,96.7,90.3
7/24/18,88.83,109.27,96.7,89.37
7/23/18,89.03,109.55,96.95,88.89
7/20/18,89.22,109.80,97.45,89.57
7/19/18,89.32,109.74,97.95,87.72
7/18/18,89.91,110.19,98.2,88.33
7/17/18,89.83,110.01,97.7,87.98
7/16/18,89.97,110.78,97.7,87.95
7/13/18,89.93,111.11,98.45,88.75
7/12/18,89.14,110.66,94.45,88.13
7/11/18,88.59,110.78,96.45,87.76
7/10/18,88.80,110.87,95.6,89.19
7/9/18,88.48,110.72,94.6,87.48
7/6/18,87.41,110.47,92.1,87.07
7/5/18,87.54,111.62,92.85,87.49
7/4/18,87.90,111.63,92.85,88.3
7/3/18,87.82,112.05,92.85,89.87
7/2/18,87.81,112.63,93.75,90.72
6/29/18,87.76,113.29,93.25,92.26
6/28/18,87.82,113.92,94.2,94.28
6/27/18,87.77,114.15,93.95,94.86
6/26/18,87.95,114.50,94.45,97.78
6/25/18,88.50,114.50,94.7,98.88
6/22/18,88.23,115.25,93.6,99.72
6/21/18,88.21,115.32,93.4,99.43
6/20/18,88.45,116.16,93,100.04
6/19/18,87.88,116.35,96.95,100.23
6/18/18,89.24,,98.85,100.18
6/15/18,89.48,116.27,101.45,101.03
6/14/18,89.88,116.22,101.45,98.7
6/13/18,89.31,116.48,101.7,101.35
6/12/18,89.04,116.58,100.65,101.12
6/11/18,89.31,116.24,101.35,100.91
6/8/18,87.06,116.59,101.35,100.78
6/7/18,86.49,116.37,99,95.06
6/6/18,85.79,117.95,97.5,97.23
6/5/18,85.67,119.46,99.6,97.89
6/4/18,85.91,119.51,100.75,99.64
6/1/18,84.86,118.94,100.7,98.83
5/31/18,84.22,118.22,99.95,
5/30/18,84.39,116.46,100.7,99.46
5/29/18,84.00,115.01,96.7,98.44
5/25/18,81.24,114.03,94.95,99.97
5/24/18,80.18,113.93,94.45,100.39
5/23/18,79.91,114.23,94.9,100.29
5/22/18,80.64,113.44,95.9,100.07
5/21/18,79.80,112.10,94.45,97.77
5/18/18,79.08,112.40,93.25,95.6
5/17/18,79.27,112.17,92.5,96.32
5/16/18,78.79,111.19,92.05,97.32
5/15/18,78.03,110.91,92.1,96.88
5/14/18,79.01,110.66,93.1,96.78
5/11/18,79.42,110.78,93.1,96.55
5/10/18,79.80,110.85,94.35,96.83
5/9/18,79.87,110.63,93.95,95.43
5/8/18,80.67,111.10,94.65,95.31
5/4/18,80.25,110.81,93.25,95.12
5/3/18,80.52,110.78,93.5,94.39
5/2/18,80.22,110.68,93.25,93.82
5/1/18,80.04,,93,
4/30/18,80.13,111.23,93.7,94.45
4/27/18,80.52,111.01,93.45,95.7
4/26/18,80.19,111.37,93.2,94.99
4/25/18,79.74,111.73,90.7,93.69
4/24/18,80.83,111.86,93.2,94.22
4/23/18,81.01,111.71,93.8,94.41
4/20/18,80.94,111.91,91.95,94.22
4/19/18,81.17,111.99,91.7,93.78
4/18/18,81.52,111.71,92.2,94.21
4/17/18,81.74,112.12,92.45,93.52
4/16/18,81.74,111.88,92.65,92.4
4/13/18,81.81,111.47,92.95,92.11
4/12/18,81.65,111.53,93.05,91.79
4/11/18,81.47,111.54,92.8,92.46
4/10/18,81.87,111.59,92.4,91.05
4/9/18,81.92,111.88,92.05,90.4
4/6/18,81.51,111.93,92.05,90.44
4/5/18,80.83,,89.05,90.86
4/4/18,80.51,112.18,91.2,90.37
4/3/18,81.16,112.41,90.2,90.21
3/29/18,80.28,111.99,89.95,91.05
3/28/18,80.47,111.82,91.3,89.88
3/27/18,80.33,112.25,91.05,90.2
3/26/18,80.17,112.10,91.05,90.87
3/23/18,80.20,112.24,91.55,90.81
3/22/18,80.17,112.32,91.95,91.07
3/21/18,79.94,112.50,92.45,91.65
3/20/18,79.46,112.65,90.75,90.14
3/19/18,79.89,112.66,92.1,90.22
3/16/18,80.47,112.59,92.85,91.29
3/15/18,80.88,112.65,92.85,90.7
3/14/18,81.39,112.53,92.35,91.3
3/13/18,81.61,112.83,92.6,91.26
3/12/18,81.91,113.07,93.9,91.37
3/9/18,82.25,112.35,94.4,91.49
3/8/18,81.78,112.39,92.2,90.26
3/7/18,82.00,112.10,91.9,90.43
3/6/18,83.09,112.58,94.6,90.84
3/5/18,81.72,112.76,91.45,88.95
3/2/18,,112.84,91.2,87.95
3/1/18,81.76,112.45,92.4,87.4